GeoID,County,Year,Accommodation and food services,"Arts, entertainment, and recreation",Educational services,Administrative and support and waste management and remediation services,"Agriculture, forestry, fishing and hunting",Construction,Durable goods manufacturing,Finance and insurance,Government and government enterprises,Health care and social assistance,Information,Natural resources and mining,Nondurable goods manufacturing,Other services (except government and government enterprises),Private industries,Professional and business services,Real estate and rental and leasing,Retail trade,Transportation and warehousing,Utilities,Wholesale trade,TOT_POP,TOT_MALE,TOT_FEMALE,Unemployment_Rate,Per_Capita_Personal_Income,Real_GDP,Percent_Change_Real_GDP,Bachelor_Degree_or_Higher_Pct
13001,"Appling, GA",2002,,,,,-1.47,-0.04,-0.31,0.01,0.16,-0.13,-0.17,-1.47,-0.39,0.22,-4.97,,0.29,0.08,0.07,-0.23,-0.09,17502,,,7.7,19649,1019253,-4.8,
13001,"Appling, GA",2003,0.03,,,0.02,2.51,0.33,0.31,-0.17,0.85,0.08,-0.11,2.51,-0.63,0.01,6.29,0.09,0.21,0.09,0.17,0.26,,17732,,,6.6,20590,1092003,7.1,
13001,"Appling, GA",2004,-0.02,,,-0.26,-0.68,0.8,-0.25,-0.26,0.3,0.41,-0.1,-0.68,-0.43,-0.34,7.17,-0.26,-0.05,0.03,0.2,0.26,,17740,,,6.3,21308,1173554,7.5,
13001,"Appling, GA",2005,0.08,0.0,,,0.02,-1.0,-0.11,0.22,0.39,0.11,0.1,0.02,-0.01,0.03,-6.9,,0.37,0.41,0.1,-0.23,,17769,,,5.9,22248,1097196,-6.5,
13001,"Appling, GA",2006,0.05,0.0,,,-0.75,0.15,-0.11,0.11,-0.65,0.12,0.03,-0.75,-0.37,-0.04,2.75,,-0.33,0.03,0.14,0.26,,17725,,,5.5,22416,1120194,2.1,
13001,"Appling, GA",2007,0.0,0.0,0.0,-0.08,0.31,-0.13,0.11,0.02,-0.32,0.11,0.09,0.31,-0.57,-0.14,-0.66,-0.06,0.78,-0.15,-0.01,-0.23,0.2,17985,,,5.3,23469,1109277,-1.0,
13001,"Appling, GA",2008,0.01,0.0,,,0.13,-0.22,2.03,0.13,-0.26,0.03,-0.02,0.13,0.13,-0.04,8.92,,0.22,0.05,-0.11,0.26,0.13,18133,,,7.1,24403,1205334,8.7,
13001,"Appling, GA",2009,-0.05,0.0,,-0.01,0.41,-0.24,-1.94,0.51,0.29,,-0.04,0.41,0.51,-0.13,-4.74,-0.01,0.53,0.25,-0.05,-0.23,0.01,18144,,,10.1,25090,1151730,-4.4,
13001,"Appling, GA",2010,,,0.01,,-0.64,0.32,0.86,-0.4,0.62,0.1,-0.02,-0.64,0.84,0.04,15.23,,0.83,0.15,0.14,0.26,0.23,18337,9234.0,9103.0,11.7,25671,1334301,15.9,8.3
13001,"Appling, GA",2011,-0.01,0.0,0.0,0.09,1.05,0.2,0.17,0.25,-0.23,0.03,0.05,1.05,0.5,-0.02,12.13,0.08,-0.11,-0.07,0.16,0.26,-0.13,18459,9369.0,9090.0,12.1,27476,1493128,11.9,9.3
13001,"Appling, GA",2012,0.0,0.0,0.0,0.09,0.08,-0.32,0.02,0.04,-0.28,0.02,-0.03,0.08,-0.27,-0.11,3.16,0.1,-1.3,0.38,-0.07,0.26,0.19,18382,9276.0,9106.0,11.0,27853,1536188,2.9,11.3
13001,"Appling, GA",2013,0.03,-0.01,0.0,0.18,0.86,-0.15,0.06,0.0,0.11,-0.21,0.04,0.86,-0.21,-0.04,-3.12,0.19,-0.58,0.45,0.09,-0.23,0.02,18367,9179.0,9188.0,10.7,28660,1489906,-3.0,12.8
13001,"Appling, GA",2014,0.09,,,-0.09,0.37,0.07,-0.04,0.1,-0.18,,-0.02,0.37,-0.4,0.02,-0.35,-0.11,0.11,1.12,0.06,-0.23,0.05,18469,9198.0,9271.0,8.9,30003,1481920,-0.5,12.9
13001,"Appling, GA",2015,0.04,0.0,0.0,0.02,1.58,0.17,-0.01,-0.15,-0.09,0.07,0.02,1.58,-0.07,-0.01,1.78,0.07,0.14,0.71,0.07,-0.23,0.05,18420,9193.0,9227.0,7.4,31503,1507038,1.7,13.1
13001,"Appling, GA",2016,0.05,0.0,0.0,0.01,0.39,-0.21,-0.11,-0.18,-0.27,0.67,0.03,0.39,-0.06,0.05,7.23,0.06,-0.19,0.71,-0.36,0.26,-0.05,18443,9218.0,9225.0,7.3,31677,1611880,7.0,11.9
13001,"Appling, GA",2017,0.03,0.0,-0.01,-0.01,0.5,-0.01,0.6,-0.1,-0.23,-0.01,0.05,0.5,-0.22,-0.03,-4.52,-0.04,-0.07,0.79,,-0.23,,18447,9220.0,9227.0,6.3,33147,1535236,-4.8,11.5
13001,"Appling, GA",2018,0.19,0.0,0.0,0.02,,0.01,-0.15,-0.13,-0.07,0.0,0.03,0.46,-0.1,0.0,-4.03,0.04,0.06,0.12,-0.24,-0.23,0.38,18538,9263.0,9275.0,5.0,33736,1472193,-4.1,9.7
13001,"Appling, GA",2019,0.1,-0.01,0.0,-0.04,,0.13,0.01,0.72,0.14,0.06,0.01,-1.36,-0.11,0.02,3.74,-0.01,-0.34,-0.17,0.21,0.26,0.38,18389,9173.0,9216.0,4.7,35709,1529301,3.9,9.8
13001,"Appling, GA",2020,-0.2,,,0.1,-0.82,0.13,0.37,-0.35,-0.17,0.16,-0.03,-0.82,0.1,0.04,7.45,0.11,-0.3,-0.26,-0.16,0.26,0.2,18378,9203.0,9175.0,5.4,39102,1640681,7.3,9.5
13001,"Appling, GA",2021,0.21,0.0,0.01,-0.2,0.65,0.12,-0.37,-0.08,0.08,0.27,0.02,0.65,-0.07,-0.05,-0.89,-0.08,0.37,0.07,-0.12,-0.23,0.11,18421,9237.0,9184.0,4.1,42794,1627392,-0.8,9.7
13001,"Appling, GA",2022,0.09,,0.0,0.0,1.37,0.02,-0.05,-0.14,-0.05,-0.5,0.0,1.37,-0.02,0.01,5.41,0.24,,-0.26,,0.26,0.09,18479,9289.0,9190.0,4.1,44609,1714572,5.4,10.0
13001,"Appling, GA",2023,0.04,0.0,0.0,-0.01,0.48,3.26,0.03,0.03,0.06,-0.11,0.02,0.48,-0.02,-0.07,3.66,-0.08,0.0,0.56,0.03,-0.23,0.02,18517,9305.0,9212.0,3.9,48022,1778298,3.7,9.9
13003,"Atkinson, GA",2002,-0.06,,0.0,0.1,-4.32,-0.94,0.88,0.3,0.39,0.7,,-4.869999999999999,2.365,0.19,-0.14,,0.48,-0.2,,0.02,0.08,7748,,,5.8,18623,162676,0.2,
13003,"Atkinson, GA",2003,0.12,,0.01,,2.29,0.12,3.29,,0.44,0.22,,2.29,0.16,0.07,6.85,0.17,,0.02,-0.03,0.0,-0.08,7990,,,6.0,19431,174519,7.3,
13003,"Atkinson, GA",2004,-0.08,0.06,0.01,,2.03,0.13,2.21,,-0.34,0.07,,2.03,-0.9,-0.01,1.1,,,-0.76,0.32,0.0,-0.05,7985,,,7.8,20480,175842,0.8,
13003,"Atkinson, GA",2005,-0.17,-0.05,-0.01,-0.06,3.21,0.15,3.29,0.39,0.23,0.05,,3.21,-1.39,,7.03,-0.04,0.63,0.17,-0.5,-0.01,,8096,,,5.4,21343,188608,7.3,
13003,"Atkinson, GA",2006,0.05,-0.06,0.0,0.22,,,1.52,0.13,0.01,1.4,0.06,,-2.43,-0.11,2.03,0.23,1.79,0.32,0.44,0.0,0.17,8197,,,5.3,21034,192461,2.0,
13003,"Atkinson, GA",2007,-0.11,0.01,0.01,,-4.32,-0.15,,-0.21,-0.08,-0.95,-0.09,-4.869999999999999,,0.04,-9.16,0.18,1.62,-0.2,0.21,-0.01,0.17,8346,,,5.7,21178,174681,-9.2,
13003,"Atkinson, GA",2008,-0.02,-0.01,-0.03,,2.26,-0.01,,0.35,-0.61,0.06,,2.25,,,10.0,-0.59,-0.98,0.37,0.24,0.0,0.98,8366,,,8.5,22880,191088,9.4,
13003,"Atkinson, GA",2009,-0.04,0.0,-0.02,-0.03,,,-2.87,0.87,-0.6,-0.28,,,0.35,,-1.52,0.46,2.23,0.4,0.0,-0.02,0.17,8386,,,14.9,22427,187033,-2.1,
13003,"Atkinson, GA",2010,0.01,,,0.05,-3.16,0.9,3.29,,-0.15,,,-3.13,-0.59,,1.4,1.78,,0.29,0.35,-0.07,0.51,8363,4231.0,4132.0,15.0,21744,189361,1.2,8.0
13003,"Atkinson, GA",2011,0.01,0.01,0.01,0.07,,,2.56,0.63,-0.29,-0.06,-0.09,,-2.43,-0.3,-1.42,1.04,1.33,-0.17,,0.0,,8359,4168.0,4191.0,12.6,23621,186110,-1.7,8.3
13003,"Atkinson, GA",2012,0.08,0.03,0.05,-0.05,-1.26,0.45,3.29,,-0.51,-0.04,-0.09,-1.26,-0.26,-0.19,-0.9,-1.66,,0.1,-0.02,-0.01,0.12,8254,4155.0,4099.0,11.4,24140,183491,-1.4,8.7
13003,"Atkinson, GA",2013,-0.02,-0.02,0.0,0.17,2.86,-1.01,,-0.11,-0.37,0.28,0.06,2.92,,-0.15,7.16,0.19,1.38,0.08,0.22,0.0,-0.22,8263,4146.0,4117.0,9.3,25118,195938,6.8,7.7
13003,"Atkinson, GA",2014,-0.04,0.02,-0.04,-0.09,-3.83,0.09,0.49,0.39,0.31,0.43,-0.05,-3.82,1.12,0.01,-0.67,-0.08,0.27,-0.43,0.66,0.0,0.33,8211,4113.0,4098.0,7.6,25940,195235,-0.4,7.7
13003,"Atkinson, GA",2015,0.04,-0.03,0.03,0.0,4.29,0.08,1.13,2.19,0.06,0.43,0.0,4.71,2.365,0.14,14.64,0.19,-0.51,0.37,0.42,0.01,0.9,8331,4197.0,4134.0,5.8,27376,223935,14.7,7.8
13003,"Atkinson, GA",2016,-0.02,0.02,0.02,-0.05,-1.42,-0.05,0.19,-2.22,0.02,0.53,0.01,-1.47,0.81,0.07,-4.39,0.04,-0.89,-0.25,0.06,-0.02,0.46,8293,4171.0,4122.0,6.0,26903,214134,-4.4,6.7
13003,"Atkinson, GA",2017,-0.13,,0.0,-0.01,,,3.29,-0.48,0.33,0.1,0.01,,-1.54,0.02,8.46,0.0,0.1,0.1,,-0.01,-0.23,8257,4170.0,4087.0,5.1,29099,232974,8.8,8.2
13003,"Atkinson, GA",2018,0.08,-0.03,,,0.9,-0.42,1.96,-0.95,-0.04,,-0.01,0.95,-0.7,-0.14,1.78,0.25,-0.09,0.03,0.75,0.0,-0.02,8344,4209.0,4135.0,4.0,29276,237011,1.7,9.9
13003,"Atkinson, GA",2019,0.11,,0.0,,,,2.21,,-0.25,0.09,0.0,,-0.28,-0.1,1.93,0.44,-0.48,0.26,-0.31,0.0,0.19,8269,4215.0,4054.0,3.7,30530,241011,1.7,12.2
13003,"Atkinson, GA",2020,-0.13,,0.0,,-3.82,0.08,2.77,,-0.44,-0.25,0.0,-3.79,-0.41,-0.11,-1.35,0.64,-0.93,0.02,0.73,0.0,0.0,8312,4243.0,4069.0,4.5,32354,236701,-1.8,12.2
13003,"Atkinson, GA",2021,0.08,,0.0,-0.17,1.34,0.48,-2.64,0.12,0.49,-1.2700000000000002,0.07,1.39,0.99,-0.16,3.08,-0.02,0.55,0.98,1.01,,1.7400000000000002,8353,4243.0,4110.0,3.4,35859,245137,3.6,10.9
13003,"Atkinson, GA",2022,-0.04,,0.0,0.17,4.29,0.95,1.48,-0.02,0.99,0.13,0.13,4.72,-2.43,-0.04,2.28,0.26,0.49,0.0,-0.08,,-1.5500000000000005,8236,4182.0,4054.0,3.2,37962,253162,3.3,11.4
13003,"Atkinson, GA",2023,-0.07,,0.0,0.31,-1.19,,3.29,-0.21,0.05,0.15,0.06,,-0.63,-0.07,2.15,0.36,0.03,0.58,-0.07,,-0.38,8351,4219.0,4132.0,3.6,36641,258743,2.2,9.8
13005,"Bacon, GA",2002,-0.07,0.03,0.0,0.04,-4.32,-1.83,-1.46,,0.21,-0.01,,-4.869999999999999,-0.47,,-10.4,-1.66,,-0.26,1.14,0.15,0.01,10101,,,6.2,19689,258710,-10.2,
13005,"Bacon, GA",2003,-0.05,-0.04,0.0,1.12,4.29,0.28,-0.29,-1.56,-0.03,0.56,,4.29,-0.58,,5.1,0.85,-0.3,0.19,0.86,0.02,,10253,,,5.4,20478,271827,5.1,
13005,"Bacon, GA",2004,0.17,0.01,0.0,0.03,-0.31,1.15,0.71,-0.55,-0.15,0.17,0.43,-0.31,1.75,,3.17,-0.13,-0.66,0.21,,0.18,,10283,,,5.3,21199,280041,3.0,
13005,"Bacon, GA",2005,0.02,0.01,-0.01,-0.01,0.46,-1.34,1.4,,0.54,0.09,0.67,0.46,0.94,0.08,4.22,0.08,,0.34,,0.01,,10552,,,5.3,21474,293387,4.8,
13005,"Bacon, GA",2006,,,0.0,-0.17,-2.91,0.1,-0.54,0.49,-0.26,0.23,,-2.91,-0.96,,-2.24,-0.06,1.61,-0.4,-0.56,0.11,-0.2,10682,,,4.5,21264,286052,-2.5,
13005,"Bacon, GA",2007,0.14,-0.01,,-0.46,1.11,0.0,,,-0.36,0.55,,1.11,,-0.06,1.25,-0.45,,-0.11,-1.12,0.21,-0.13,10968,,,4.8,22112,288599,0.9,
13005,"Bacon, GA",2008,0.02,0.02,-0.02,0.02,2.22,0.91,-0.86,0.8,-0.42,0.79,,2.22,-0.87,,2.36,0.04,-0.82,0.07,-0.05,0.05,,10987,,,6.4,23698,294174,1.9,
13005,"Bacon, GA",2009,,,-0.01,0.19,1.5,-0.02,-2.03,1.53,-0.24,-0.06,-0.02,1.5,-0.08,0.05,1.72,0.03,2.3,-0.39,-0.57,-0.23,-0.16,11134,,,9.4,23779,298507,1.5,
13005,"Bacon, GA",2010,0.06,0.04,0.01,0.2,1.08,-0.34,-0.45,-0.86,0.29,0.05,0.67,1.08,-1.42,0.05,-0.8,0.19,-1.59,0.15,0.46,0.1,0.18,11062,5471.0,5591.0,10.5,24546,296983,-0.5,7.4
13005,"Bacon, GA",2011,-0.12,-0.01,0.0,0.19,2.46,-0.22,-0.28,0.86,0.09,0.31,0.49,2.46,-0.13,0.12,5.0,0.16,1.2,-0.21,0.03,0.26,-0.13,11150,5524.0,5626.0,10.3,26556,312083,5.1,8.0
13005,"Bacon, GA",2012,0.04,0.06,0.01,0.1,-1.97,0.41,0.05,0.25,0.12,0.26,-0.3,-1.97,-0.8,0.03,-1.84,0.05,-1.01,-0.22,1.35,0.13,-0.24,11152,5496.0,5656.0,9.5,26567,306717,-1.7,8.9
13005,"Bacon, GA",2013,0.04,-0.02,0.0,0.06,-2.33,0.69,0.71,-0.25,-0.07,0.41,0.67,-2.33,0.41,-0.18,3.09,0.12,1.23,0.22,0.47,0.13,0.41,11174,5486.0,5688.0,8.4,27020,315984,3.0,12.1
13005,"Bacon, GA",2014,0.12,0.01,0.01,0.04,0.3,-0.8,1.23,0.51,0.04,-0.08,-0.5900000000000001,0.3,0.53,0.26,3.18,0.05,0.35,-0.17,1.23,-0.13,0.56,11178,5479.0,5699.0,7.0,28263,326170,3.2,12.1
13005,"Bacon, GA",2015,,,0.02,,0.23,-0.41,0.98,-0.58,0.19,-0.24,0.58,0.35,1.21,-0.09,1.76,-1.14,-0.17,0.32,0.64,-0.08,0.59,11225,5534.0,5691.0,5.8,29157,332515,1.9,12.8
13005,"Bacon, GA",2016,-0.16,-0.02,-0.01,-0.08,0.73,-0.01,2.17,-0.63,-0.36,0.58,0.13,0.62,-0.85,-0.44,4.91,0.12,-0.82,2.0,-0.6,0.26,0.11,11268,5534.0,5734.0,5.6,29763,347642,4.5,13.2
13005,"Bacon, GA",2017,-0.01,-0.06,0.0,0.0,0.53,-0.13,2.53,-0.34,0.37,0.54,0.62,0.62,-1.51,-0.09,3.59,0.06,-0.09,-0.11,1.35,-0.23,0.32,11204,5496.0,5708.0,4.7,31165,361403,4.0,11.8
13005,"Bacon, GA",2018,,,-0.01,-0.02,-1.62,-0.17,0.65,-0.55,-0.13,0.54,0.67,-1.62,0.08,0.05,-1.13,-0.02,-0.16,-0.94,0.21,0.04,-0.21,11096,5436.0,5660.0,4.0,31327,356861,-1.3,10.1
13005,"Bacon, GA",2019,,,0.0,0.19,,,-2.87,0.65,0.2,-0.41,,,-0.96,-0.03,-0.44,0.18,,-0.75,-0.64,0.07,0.66,11098,5428.0,5670.0,4.0,32384,356012,-0.2,10.5
13005,"Bacon, GA",2020,,,-0.01,1.12,1.99,-0.37,-0.37,,-0.02,0.57,,2.04,-1.8,-0.18,-1.19,1.98,-0.73,-0.33,-1.2399999999999998,0.26,-0.18,11113,5453.0,5660.0,4.9,37401,351696,-1.2,9.3
13005,"Bacon, GA",2021,0.22,0.03,0.0,,,0.35,0.13,-0.6,0.51,0.18,0.44,-4.47,-0.21,-0.05,-2.46,0.53,0.4,0.64,,-0.23,,11074,5416.0,5658.0,3.4,39625,344864,-1.9,11.1
13005,"Bacon, GA",2022,0.03,0.01,0.0,,4.29,0.46,1.04,-0.35,0.68,0.13,-0.23,4.79,1.23,0.0,9.19,0.63,0.63,0.26,-0.63,-0.22,-0.01,11174,5497.0,5677.0,3.2,40616,378906,9.9,10.9
13005,"Bacon, GA",2023,0.14,0.12,,,0.74,0.96,0.22,-0.16,-0.01,0.36,,0.74,-0.94,-0.12,3.43,0.85,0.08,0.92,0.28,0.09,-0.11,11140,5490.0,5650.0,3.2,41682,391856,3.4,11.0
13007,"Baker, GA",2002,0.52,0.05,0.0,0.01,4.29,,,0.05,0.25,0.18,0.13,4.79,-0.06,0.42,9.96,1.57,-2.33,0.16,-0.01,0.01,0.16,3923,,,4.9,23332,93830,10.2,
13007,"Baker, GA",2003,,-0.07,0.01,,4.29,0.47,-0.26,-0.23,0.01,,-0.29,4.79,-0.33,-0.68,4.59,,-1.33,0.48,0.05,0.0,0.1,4124,,,4.8,23312,98140,4.6,
13007,"Baker, GA",2004,,0.07,0.01,-0.01,-4.32,-0.41,-0.06,,-1.14,0.07,-0.44,-4.869999999999999,-0.31,,-14.31,-0.53,,-0.16,,,,4024,,,4.4,22851,82970,-15.5,
13007,"Baker, GA",2005,,-0.11,0.0,,4.29,-0.39,0.07,,-1.33,0.21,-0.08,4.79,0.11,,16.43,,,0.14,0.01,,-0.17,3967,,,5.2,25191,95498,15.1,
13007,"Baker, GA",2006,-0.3,-0.12,0.02,-0.01,4.29,-0.28,0.04,-0.21,-0.4,-0.27,0.01,4.79,-0.11,-0.2,1.36,-0.33,-2.85,-0.3,,0.0,,3877,,,5.0,24966,96419,1.0,
13007,"Baker, GA",2007,-0.28,0.04,0.03,,-4.32,,,0.0,0.31,-0.14,-0.03,-4.869999999999999,0.09,-0.28,-4.63,,4.47,-0.5,,0.0,-0.11,3706,,,5.0,27754,92254,-4.3,
13007,"Baker, GA",2008,0.02,-0.03,,-0.09,-2.13,1.57,,0.32,-0.54,,0.01,-2.13,,0.04,-0.43,0.03,-1.35,0.02,0.2,0.0,-0.02,3728,,,6.5,28137,91361,-1.0,
13007,"Baker, GA",2009,-0.07,0.06,0.06,0.06,2.85,,-0.2,0.14,-0.33,-0.05,0.01,2.85,,,1.75,0.26,-0.3,0.28,,0.0,-0.08,3560,,,9.2,27079,92661,1.4,
13007,"Baker, GA",2010,0.01,0.18000000000000002,,,-2.21,1.42,-0.22,-0.15,-1.26,,0.04,-2.21,-0.02,,2.05,,2.35,0.43,0.04,0.0,0.0,3431,1654.0,1777.0,12.0,30426,93395,0.8,12.2
13007,"Baker, GA",2011,,-0.06,-0.04,0.16,4.29,,-0.23,-0.06,-1.51,0.05,-0.01,4.79,,,4.68,0.23,0.38,-0.15,-0.4,0.0,-0.11,3311,1596.0,1715.0,11.4,36246,96361,3.2,9.7
13007,"Baker, GA",2012,0.02,0.07,-0.01,0.12,3.03,,-0.26,0.11,-0.6,0.06,,3.03,,,1.99,0.14,-1.42,0.06,0.14,0.0,-0.02,3370,1618.0,1752.0,10.9,38257,97697,1.4,7.0
13007,"Baker, GA",2013,-0.02,-0.08,-0.02,-0.05,-4.32,,0.02,0.15,-0.68,0.17,,-4.869999999999999,,,-5.98,0.29,1.28,-0.02,1.16,0.0,0.12,3346,1621.0,1725.0,10.5,37690,91185,-6.7,10.9
13007,"Baker, GA",2014,-0.01,-0.01,-0.01,-0.08,-4.32,,0.02,0.29,-0.47,-0.04,,-4.869999999999999,,,-19.37,0.42,-0.66,-0.12,0.28,0.0,0.19,3287,1592.0,1695.0,9.1,33050,73095,-19.8,11.0
13007,"Baker, GA",2015,0.07,-0.17,0.05,-0.17,-3.46,,0.06,-0.02,0.01,0.2,,-3.46,,,-4.1,-0.62,-0.89,0.02,0.76,0.0,0.47,3192,1541.0,1651.0,7.4,33586,70107,-4.1,8.6
13007,"Baker, GA",2016,-0.14,-0.15,-0.09,-0.04,,-0.49,0.04,-0.46,2.32,0.22,-0.02,,,-0.19,4.39,0.5,-3.3,-0.25,-1.2399999999999998,0.0,0.56,3185,1555.0,1630.0,9.7,34183,77926,11.2,11.0
13007,"Baker, GA",2017,,0.01,0.08,0.06,-4.32,0.1,0.03,-0.24,-2.3699999999999997,-0.09,,-4.869999999999999,0.06,-0.16,-10.24,0.65,4.0,0.27,0.99,0.0,0.15,3158,1542.0,1616.0,8.1,35366,66476,-14.7,11.0
13007,"Baker, GA",2018,0.0,-0.01,-0.09999999999999999,-0.08,4.29,0.13,-0.16,-0.29,-1.86,-0.01,-0.05,4.34,0.06,-0.16,6.34,1.98,0.96,-0.3,,0.0,,3089,1523.0,1566.0,6.6,37712,69454,4.5,12.3
13007,"Baker, GA",2019,-0.06,0.08,0.01,-0.01,,,-0.02,0.36,0.59,-0.47,-0.01,,0.22,0.12,3.62,,,0.18,-1.2399999999999998,0.0,-0.77,3047,1511.0,1536.0,5.9,40568,72380,4.2,12.9
13007,"Baker, GA",2020,-0.07,0.05,-0.01,-0.11,-4.32,0.3,0.0,0.71,-0.29,,-0.02,-4.869999999999999,0.13,-0.25,-6.97,-1.53,,-0.05,0.75,0.0,0.06,2850,1416.0,1434.0,7.3,44846,67127,-7.3,21.4
13007,"Baker, GA",2021,0.0,0.03,-0.03,-0.07,4.29,1.08,-0.01,-1.08,-0.15,,,4.79,-0.43,,6.26,1.98,-1.29,-0.47,0.32,0.0,-0.35,2824,1409.0,1415.0,6.0,51291,71223,6.1,18.2
13007,"Baker, GA",2022,-0.06,-0.13,-0.03,-0.12,-4.32,-0.2,-0.06,-0.32,0.15,0.22,0.16,-4.869999999999999,-0.1,,-6.84,1.98,,-0.42,-1.2399999999999998,0.0,-0.02,2796,1393.0,1403.0,4.8,49278,66456,-6.7,19.0
13007,"Baker, GA",2023,-0.02,0.0,0.0,0.0,-4.32,0.1,0.0,0.31,-0.28,0.23,,,,-0.22,-8.76,1.51,-0.07,0.16,0.13,,-0.08,2750,1379.0,1371.0,4.5,47906,60450,-9.0,16.9
13009,"Baldwin, GA",2002,0.06,0.04,,0.28,-0.1,2.1,1.01,0.25,0.73,,0.11,-0.1,1.11,0.07,6.21,0.38,0.37,0.7,0.08,0.04,0.03,45203,,,4.9,23310,1599364,6.9,
13009,"Baldwin, GA",2003,0.04,0.11,-0.02,0.04,,0.34,-0.55,-0.21,-0.15,-0.08,0.11,,0.09,0.16,1.03,0.0,0.36,0.18,,0.22,0.23,45433,,,4.7,23580,1613526,0.9,
13009,"Baldwin, GA",2004,0.06,-0.04,0.0,0.07,0.15,-1.78,-0.04,-0.47,-1.46,0.33,0.12,0.14,1.54,-0.09,-0.91,0.11,-0.15,-0.65,-0.02,-0.07,0.1,45967,,,4.8,23322,1575253,-2.4,
13009,"Baldwin, GA",2005,0.01,-0.03,-0.06,0.23,0.07,-0.6,0.23,0.32,-0.83,-0.45,0.15,0.07,0.77,0.34,1.14,0.18,0.26,-0.34,0.1,0.06,0.13,46304,,,5.5,23844,1580174,0.3,
13009,"Baldwin, GA",2006,0.51,-0.12,0.0,0.18,,-0.35,0.97,0.05,-0.87,-0.04,0.1,,-0.69,-0.04,1.7,0.06,1.39,-0.2,,-0.23,0.25,46513,,,5.4,24580,1593168,0.8,
13009,"Baldwin, GA",2007,-0.6,0.04,0.0,0.0,,-0.81,0.12,0.01,-0.63,0.08,0.18,,-0.55,-0.09,-3.51,0.18,-1.47,-0.67,,-0.08,0.14,47336,,,5.6,24562,1527255,-4.1,
13009,"Baldwin, GA",2008,0.22,-0.06,0.02,-0.16,-0.04,-0.05,0.55,0.16,-2.03,0.54,0.17,-0.04,-0.51,-0.02,1.82,-0.11,1.43,-0.19,-0.05,-0.04,-0.2,47855,,,8.0,25660,1524035,-0.2,
13009,"Baldwin, GA",2009,-0.41,0.04,0.05,-0.06,,0.52,-2.5,0.95,-0.91,0.32,-0.04,,-1.14,-0.25,-1.84,-0.1,1.43,-0.53,,0.26,-0.43,47087,,,12.4,25947,1482163,-2.7,
13009,"Baldwin, GA",2010,0.08,0.1,0.04,0.16,-0.06,0.54,-0.95,-0.33,-2.3699999999999997,-0.17,-0.02,-0.06,-0.38,-0.27,-1.96,-0.18,-0.39,0.0,0.1,-0.05,-0.02,45703,22543.0,23160.0,15.2,26601,1410160,-4.9,18.4
13009,"Baldwin, GA",2011,0.02,-0.14,-0.02,-0.06,,1.28,-0.47,0.3,-0.95,-0.36,-0.08,,0.04,-0.19,0.96,,0.83,0.18,-0.04,,-0.09,45178,22102.0,23076.0,13.5,27857,1410325,0.0,19.0
13009,"Baldwin, GA",2012,0.17,-0.05,-0.03,0.16,,-1.66,-0.49,0.3,-0.01,-0.2,0.27,,0.42,-0.18,-1.12,,0.7,-0.04,-0.17,,-0.08,46522,23490.0,23032.0,11.4,27359,1394333,-1.1,19.3
13009,"Baldwin, GA",2013,0.08,-0.02,-0.03,0.04,,,-0.9,-0.18,-1.79,0.26,0.31,,0.43,0.0,-1.22,,-0.83,0.11,,0.26,0.01,46191,23279.0,22912.0,10.1,27731,1352451,-3.0,19.0
13009,"Baldwin, GA",2014,-0.01,0.18000000000000002,,0.0,0.05,-0.12,1.02,0.02,-0.64,,0.02,0.06,0.04,0.13,2.26,0.06,0.16,0.23,0.08,-0.2,0.02,45920,23150.0,22770.0,8.8,29339,1374287,1.6,18.3
13009,"Baldwin, GA",2015,0.07,-0.01,,1.12,,,-0.98,-0.44,-2.11,,-0.02,,0.22,0.18,0.95,1.25,-0.36,0.73,-0.11,0.16,0.07,45566,23086.0,22480.0,7.8,30483,1358332,-1.2,17.7
13009,"Baldwin, GA",2016,-0.12,0.05,,0.21,,,-2.0,-0.41,0.36,,-0.3,,0.14,0.13,-0.63,0.26,0.6,0.81,-0.02,-0.07,0.14,45260,22947.0,22313.0,6.5,30795,1354714,-0.3,18.4
13009,"Baldwin, GA",2017,-0.01,-0.04,,0.07,-0.05,-0.12,-0.08,-0.36,0.64,,-0.26,-0.05,0.3,-0.02,-1.9,0.15,-0.84,0.17,0.11,-0.01,-0.15,44993,22778.0,22215.0,5.5,32413,1337656,-1.3,19.4
13009,"Baldwin, GA",2018,0.16,0.01,0.02,0.67,,,-1.08,-0.26,0.06,0.5,-0.1,,-0.18,-0.03,-0.04,0.62,-0.2,0.11,0.18,0.07,-0.09,45001,22832.0,22169.0,4.6,33156,1337951,0.0,20.9
13009,"Baldwin, GA",2019,0.16,0.03,0.09,0.28,-0.02,0.38,2.43,0.06,-0.46,0.54,0.06,0.08,-0.38,-0.26,5.29,0.41,2.06,0.2,-0.45,-0.03,-0.09,45006,22821.0,22185.0,4.1,34544,1402638,4.8,23.3
13009,"Baldwin, GA",2020,-0.56,-0.13,-0.09,0.43,0.01,-0.11,0.13,-0.08,-1.93,0.04,-0.12,0.05,-0.83,-0.05,-4.04,0.45,-3.33,0.16,0.24,0.26,-0.06,43793,22171.0,21622.0,6.5,37565,1318847,-6.0,24.3
13009,"Baldwin, GA",2021,0.7700000000000001,0.17,0.0,0.08,-0.05,0.16,-0.49,-0.05,-0.62,0.47,0.13,0.09,0.43,-0.01,7.4,0.22,3.75,0.42,0.84,-0.23,0.71,43703,22160.0,21543.0,4.5,41945,1408198,6.8,25.3
13009,"Baldwin, GA",2022,0.62,0.05,0.01,0.65,0.01,0.11,0.09,-0.36,-0.51,0.6,0.0,-0.07,0.12,-0.01,1.62,,0.23,-0.2,,-0.02,0.01,43649,22105.0,21544.0,3.8,43295,1423949,1.1,23.5
13009,"Baldwin, GA",2023,-0.4,-0.17,0.01,-0.37,0.08,-0.62,2.45,-0.01,0.25,1.36,0.04,0.02,-0.37,-0.05,3.07,-0.43,-0.15,1.2,-0.3,0.04,0.51,43423,21895.0,21528.0,3.8,45617,1471197,3.3,24.1
13011,"Banks, GA",2002,0.02,0.18000000000000002,0.0,,-4.32,-0.16,-0.21,0.13,0.84,,0.22,-4.869999999999999,0.99,,-1.52,1.98,1.18,0.11,0.19,-0.01,1.19,15485,,,4.2,22944,290094,-0.7,
13011,"Banks, GA",2003,-0.38,,0.03,-0.98,,,0.5,-0.37,0.5,,-0.48,,-2.16,-0.1,1.2,-1.28,0.85,0.98,0.02,0.0,0.22,15836,,,3.8,23415,295026,1.7,
13011,"Banks, GA",2004,0.27,,0.02,-0.37,,,-1.49,-0.52,0.1,0.29,-0.5900000000000001,,2.29,0.13,11.92,-0.21,0.16,1.22,,-0.16,0.5,16250,,,3.6,24992,330481,12.0,
13011,"Banks, GA",2005,0.65,-0.17,-0.01,0.37,-1.71,-3.25,-0.3,0.09,0.77,-0.08,0.28,-1.71,2.365,0.06,4.72,0.26,0.73,2.0,0.14,-0.01,0.56,16683,,,3.9,25411,348634,5.5,
13011,"Banks, GA",2006,0.39,-0.17,0.0,-0.29,,,-0.52,0.24,0.21,0.77,0.12,,-1.37,0.03,-8.39,-0.11,-1.13,1.76,0.45,0.0,0.21,17076,,,3.2,24184,320097,-8.2,
13011,"Banks, GA",2007,-0.25,0.04,0.0,0.26,1.22,-0.37,-0.68,0.42,0.64,0.16,-0.19,1.22,-0.81,-0.22,6.95,0.4,2.6,2.0,0.04,0.0,1.27,17550,,,3.0,25728,344376,7.6,
13011,"Banks, GA",2008,,,-0.03,1.12,,,-1.45,,1.29,0.24,0.14,,-2.08,0.0,1.2,1.46,,-0.83,0.05,0.0,0.28,17953,,,4.6,27068,352953,2.5,
13011,"Banks, GA",2009,,,,-0.1,-0.5,-0.67,-0.43,,0.09,,0.04,-0.5,-1.69,-0.15,-3.33,0.4,,-0.8,-0.09,0.0,-0.77,18208,,,7.6,25852,341513,-3.2,
13011,"Banks, GA",2010,,,-0.05,-0.19,-4.32,0.91,0.37,,-0.08,-0.18,0.0,-4.869999999999999,-1.88,0.02,-2.83,-0.06,,0.46,0.09,0.0,0.56,18404,9300.0,9104.0,9.5,25752,331579,-2.9,10.5
13011,"Banks, GA",2011,-0.63,-0.17,0.01,0.03,-4.32,-0.2,0.43,0.25,-0.09,0.07,-0.05,-4.869999999999999,-0.39,-0.17,-11.63,0.08,-2.82,-1.05,0.43,0.0,-0.44,18245,9189.0,9056.0,9.1,26298,292721,-11.7,11.1
13011,"Banks, GA",2012,0.14,0.18000000000000002,0.03,-0.49,4.29,0.47,-0.03,0.54,-0.17,0.32,0.19,4.79,-1.16,-0.01,14.81,-0.36,0.19,-1.78,-0.45,0.0,0.28,18128,9156.0,8972.0,8.1,29083,335568,14.6,11.9
13011,"Banks, GA",2013,0.42,0.18000000000000002,0.05,-0.37,1.19,-1.68,,-0.12,-0.69,0.01,-0.11,1.19,,-0.05,9.85,-0.72,-1.01,0.41,1.17,0.0,0.25,18216,9198.0,9018.0,7.8,29800,366313,9.2,11.6
13011,"Banks, GA",2014,,,0.0,-0.39,4.29,0.29,3.29,0.44,-0.02,0.64,,4.79,0.42,0.17,15.84,-0.24,1.58,-0.13,-0.34,,0.65,18220,9231.0,8989.0,6.7,31658,424266,15.8,11.8
13011,"Banks, GA",2015,,,,0.69,,-0.1,-2.87,-0.46,0.18,,,,0.15,-0.05,-0.3,0.75,-1.68,0.91,-0.1,0.0,1.13,18375,9326.0,9049.0,5.7,33539,423774,-0.1,11.2
13011,"Banks, GA",2016,0.08,-0.13,-0.05,0.59,-3.91,0.35,-2.87,-1.14,-0.11,-0.01,-0.1,-3.91,-0.21,0.31,-11.36,0.7,0.24,0.0,0.12,0.0,0.32,18292,9290.0,9002.0,5.7,34177,375160,-11.5,11.0
13011,"Banks, GA",2017,0.09,-0.08,-0.08,1.12,3.35,1.07,0.84,-0.18,0.59,0.34,-0.02,3.35,0.56,0.23,9.53,1.98,-0.14,0.08,1.08,0.0,0.16,18607,9451.0,9156.0,4.6,36775,413116,10.1,11.9
13011,"Banks, GA",2018,0.71,-0.05,-0.01,-0.25,2.32,-0.74,0.0,-0.26,0.19,0.03,-0.01,2.32,0.33,-0.14,4.21,-0.24,0.92,0.15,0.16,0.0,1.02,18918,9622.0,9296.0,3.7,37880,431296,4.4,12.8
13011,"Banks, GA",2019,0.33,0.0,0.0,-0.28,-4.32,1.0,0.02,0.53,-0.19,0.25,-0.03,-4.869999999999999,0.29,0.14,-4.37,-0.01,-0.16,0.1,-0.35,0.0,0.48,19175,9753.0,9422.0,3.3,37844,411647,-4.6,13.4
13011,"Banks, GA",2020,-0.7000000000000002,-0.07,,-0.67,,0.06,-0.91,,-0.65,,,,0.14,-0.13,-6.69,-1.35,,0.47,1.29,0.0,0.91,18139,9290.0,8849.0,5.2,39295,381453,-7.3,15.8
13011,"Banks, GA",2021,0.7700000000000001,0.18000000000000002,0.05,0.75,4.29,1.76,0.21,,0.87,0.45,-0.05,4.79,0.82,0.08,8.17,0.96,,-0.08,-1.01,0.0,0.14,18597,9515.0,9082.0,3.1,43100,415918,9.0,16.5
13011,"Banks, GA",2022,0.7700000000000001,-0.09,,0.26,4.29,-0.64,0.0,-0.17,0.37,,0.06,4.79,0.16,0.45,18.32,1.98,,0.03,-0.83,,-0.1,19404,9879.0,9525.0,2.7,44808,493649,18.7,17.1
13011,"Banks, GA",2023,0.11,0.05,-0.01,0.4,-4.32,-0.5,-0.08,0.0,0.34,-0.49,0.04,-4.869999999999999,0.04,-0.32,-4.22,1.98,-0.01,0.93,0.07,0.0,-0.02,19863,10108.0,9755.0,2.7,43896,474502,-3.9,17.3
13013,"Barrow, GA",2002,0.38,-0.12,0.01,0.68,,,-0.33,0.23,0.8,0.11,0.39,,2.26,0.28,5.11,1.01,0.76,0.97,,,0.59,50409,,,4.8,23116,1291352,5.9,
13013,"Barrow, GA",2003,0.31,-0.02,0.02,0.61,-0.24,,1.08,-0.35,0.78,0.41,-0.06,-0.22,1.68,0.0,7.64,0.61,1.24,-0.24,0.1,0.1,,52253,,,4.7,23487,1400105,8.4,
13013,"Barrow, GA",2004,0.45,0.03,0.05,0.05,0.63,0.35,0.07,0.04,-0.02,0.6,-0.06,0.65,1.86,0.17,7.51,0.26,1.62,0.43,0.27,0.06,0.64,55032,,,4.5,25074,1504894,7.5,
13013,"Barrow, GA",2005,0.7700000000000001,0.18000000000000002,0.03,0.19,-0.04,0.11,-0.36,0.71,0.4,0.27,0.02,-0.17,-0.2,0.08,5.89,0.62,1.12,0.6,-0.24,0.01,0.56,57889,,,4.7,26057,1599628,6.3,
13013,"Barrow, GA",2006,0.7700000000000001,0.03,0.02,-0.03,,1.41,0.25,0.73,0.74,0.39,-0.1,,-1.79,0.12,3.01,0.5,-1.13,0.57,,0.01,0.48,61395,,,4.2,27033,1659584,3.7,
13013,"Barrow, GA",2007,0.07,0.13,0.02,0.48,,-1.17,1.03,0.66,0.38,0.18,-0.14,,-0.19,0.01,2.92,0.74,0.87,-0.27,,0.01,0.52,64760,,,4.2,27388,1714473,3.3,
13013,"Barrow, GA",2008,-0.7000000000000002,0.08,-0.02,-0.5,0.06,-0.62,-1.49,0.3,0.0,0.17,0.08,-0.12,-0.89,-0.1,-2.42,,1.35,-0.53,,0.05,0.91,67362,,,6.5,28403,1672928,-2.4,
13013,"Barrow, GA",2009,-0.7000000000000002,-0.14,-0.01,-0.21,0.09,-3.25,-1.51,0.87,-0.09,0.49,0.06,0.08,0.67,-0.27,-2.57,,3.4,-0.63,,-0.08,-0.51,68548,,,10.6,27271,1628416,-2.7,
13013,"Barrow, GA",2010,0.15,-0.05,0.0,0.3,-0.16,-0.99,0.37,-0.91,0.54,0.0,0.38,-0.19,0.99,0.06,0.01,0.07,-1.07,-0.04,0.11,0.01,1.11,69670,34341.0,35329.0,10.7,26697,1637392,0.6,14.9
13013,"Barrow, GA",2011,0.43,-0.16,-0.01,-0.27,-0.65,1.53,0.3,-0.2,-0.64,-0.19,0.24,-0.68,0.46,-0.01,2.88,-0.37,-0.96,0.32,-0.23,0.04,1.7400000000000002,69835,34439.0,35396.0,9.8,28553,1674065,2.2,16.1
13013,"Barrow, GA",2012,0.04,-0.17,0.0,0.27,0.38,1.5,-0.19,0.28,-0.13,0.07,0.4,0.36,-1.06,0.1,5.3,0.27,1.11,0.33,-0.04,-0.05,1.7400000000000002,70128,34384.0,35744.0,8.5,30022,1760568,5.2,16.6
13013,"Barrow, GA",2013,-0.11,-0.03,0.0,-0.29,-0.19,-0.26,0.77,-0.07,-0.29,0.35,0.2,-0.2,-0.29,-0.07,5.62,0.46,1.91,1.41,0.67,-0.03,0.91,71233,35015.0,36218.0,7.3,30888,1854451,5.3,17.1
13013,"Barrow, GA",2014,0.63,-0.01,0.01,-0.98,-0.08,1.35,0.1,0.16,0.11,0.32,0.08,-0.14,-0.37,0.1,2.34,-1.55,0.1,1.15,0.25,0.04,0.14,72843,35868.0,36975.0,6.3,32607,1899853,2.4,16.6
13013,"Barrow, GA",2015,0.3,0.01,0.01,,-0.31,0.42,0.63,-0.54,0.08,0.26,0.2,-0.33,0.13,0.18,3.36,-0.44,0.13,1.53,-0.08,0.02,0.92,74979,36889.0,38090.0,5.3,33858,1965230,3.4,16.5
13013,"Barrow, GA",2016,-0.45,0.01,0.06,,-0.29,0.73,0.19,0.06,-0.07,0.22,0.14,-0.27,0.49,0.0,1.33,,-0.52,1.12,,0.06,-0.34,77108,37757.0,39351.0,4.7,34579,1989845,1.3,16.8
13013,"Barrow, GA",2017,-0.05,-0.03,0.06,,0.17,0.14,0.07,-0.03,0.19,0.65,-0.29,0.19,0.45,0.02,4.6,,1.72,1.0,,0.06,-0.77,79086,38811.0,40275.0,4.0,36083,2085333,4.8,17.3
13013,"Barrow, GA",2018,-0.07,0.02,0.1,,0.22,1.06,0.21,0.22,0.08,0.6,-0.23,0.25,0.31,0.11,7.1,,1.69,1.41,,-0.06,0.32,81105,39761.0,41344.0,3.3,37119,2235177,7.2,17.6
13013,"Barrow, GA",2019,-0.35,0.0,0.05,,0.29,1.24,0.06,-0.22,0.25,-0.11,-0.06,0.32,-0.75,0.12,1.39,,-0.92,1.14,,0.0,0.15,83581,41057.0,42524.0,2.9,38403,2271769,1.6,19.0
13013,"Barrow, GA",2020,-0.7000000000000002,0.02,0.0,-0.1,0.21,1.1,0.25,0.17,-0.03,-0.13,-0.1,0.29,0.61,0.0,3.77,,0.98,0.4,,0.02,0.81,84006,41533.0,42473.0,5.0,41176,2356917,3.7,20.2
13013,"Barrow, GA",2021,0.43,0.05,0.11,,-0.03,1.9,0.49,0.2,0.54,0.38,0.22,-0.01,0.27,-0.32,6.24,,-0.06,1.14,,0.0,-0.09,86759,42883.0,43876.0,2.9,45802,2516662,6.8,20.9
13013,"Barrow, GA",2022,0.39,0.01,0.0,,0.01,1.65,0.36,-0.33,0.22,0.39,0.04,,0.05,0.21,9.21,,,1.53,,-0.03,-0.16,89359,44175.0,45184.0,2.6,48229,2754030,9.4,21.2
13013,"Barrow, GA",2023,0.08,-0.02,-0.03,0.81,-0.51,-0.26,0.03,0.13,0.55,-0.13,0.06,-0.55,-0.12,-0.1,0.11,0.12,1.02,0.74,-0.29,0.02,-0.59,93011,45910.0,47101.0,2.7,50221,2772259,0.7,21.0
13015,"Bartow, GA",2002,0.08,-0.01,0.03,0.23,-0.32,0.75,-0.51,0.13,0.5,0.21,-0.04,-0.3,0.31,0.08,2.9,0.97,0.34,0.36,-0.17,0.26,0.39,83106,,,5.5,27322,4096477,3.4,
13015,"Bartow, GA",2003,0.11,0.08,0.04,0.14,,0.09,0.07,-0.15,0.23,0.34,-0.16,,-1.61,0.08,1.34,0.27,0.76,0.15,,,0.78,85731,,,5.3,27991,4160567,1.6,
13015,"Bartow, GA",2004,0.02,0.02,0.03,0.06,,-0.48,1.28,-0.08,-0.28,0.3,0.03,,-0.87,0.1,4.39,0.08,0.64,-0.2,,,0.27,87834,,,5.3,27373,4331579,4.1,
13015,"Bartow, GA",2005,-0.17,0.03,0.08,-0.28,,-0.79,0.14,0.4,0.21,0.24,0.09,,-0.58,0.18,1.25,0.11,0.91,0.15,0.35,,,90334,,,5.7,27874,4394923,1.5,
13015,"Bartow, GA",2006,0.14,0.0,0.06,0.07,,-0.36,2.31,0.07,-0.16,0.41,-0.02,,-0.1,-0.01,3.52,0.15,-0.51,0.13,0.26,,,92983,,,4.9,28739,4542509,3.4,
13015,"Bartow, GA",2007,-0.03,-0.03,-0.01,0.19,,-0.26,3.09,0.1,0.14,0.16,-0.14,,2.365,-0.07,6.55,0.61,1.43,-0.26,0.18,,,95714,,,4.9,29759,4846589,6.7,
13015,"Bartow, GA",2008,-0.11,-0.04,0.01,-0.1,,0.29,-1.46,0.46,0.03,0.07,-0.04,,0.36,-0.18,2.35,-0.1,0.41,-0.2,0.41,,,98415,,,7.3,29569,4961810,2.4,
13015,"Bartow, GA",2009,-0.18,0.0,-0.02,-0.18,0.23,-0.55,-2.87,0.41,-0.02,-0.17,-0.1,0.17,-0.73,-0.01,-5.85,-0.21,0.67,-0.34,-0.27,0.25,-0.68,99807,,,12.1,28628,4670458,-5.9,
13015,"Bartow, GA",2010,0.05,0.02,0.01,,,-0.76,0.09,-0.7,0.19,-0.14,0.14,,-1.39,0.0,2.32,,0.61,0.11,0.62,,0.05,100041,49344.0,50697.0,12.0,28542,4788049,2.5,16.5
13015,"Bartow, GA",2011,0.1,0.03,-0.06,,,0.48,1.01,0.61,-0.34,0.01,0.08,,0.45,0.0,-4.43,,-0.33,0.12,-0.66,,-0.49,100110,49393.0,50717.0,11.3,30446,4559641,-4.8,16.7
13015,"Bartow, GA",2012,0.03,0.01,-0.01,,,0.99,1.16,-0.37,-0.11,0.03,0.22,,-0.23,0.01,-7.91,,-2.32,0.28,-0.02,,-0.12,100241,49445.0,50796.0,9.8,31339,4193857,-8.0,16.2
13015,"Bartow, GA",2013,0.11,0.02,0.0,,-0.41,-0.79,-0.17,0.13,-0.19,0.05,0.19,-0.32,0.51,0.08,3.29,,-0.16,0.18,0.05,0.26,,100923,49747.0,51176.0,8.6,31440,4323814,3.1,15.9
13015,"Bartow, GA",2014,0.15,0.02,0.0,0.08,,0.75,0.55,0.13,-0.09,0.31,0.11,,-0.67,0.07,9.58,,2.32,0.13,0.89,,0.3,101251,49956.0,51295.0,7.2,33297,4734216,9.5,17.3
13015,"Bartow, GA",2015,0.18,0.01,0.0,-0.06,,1.12,-0.02,-0.17,-0.04,0.31,0.0,,0.08,0.1,-4.42,0.09,-2.46,0.21,0.66,,,102063,50291.0,51772.0,6.0,34721,4522929,-4.5,17.8
13015,"Bartow, GA",2016,0.05,0.08,0.0,0.07,,0.29,0.07,-0.07,-0.07,0.21,0.05,,1.48,-0.02,7.88,-0.15,0.16,0.38,0.31,,,103418,50945.0,52473.0,5.0,35876,4876276,7.8,18.5
13015,"Bartow, GA",2017,0.07,0.09,0.01,0.18,0.1,-0.61,-0.01,-0.26,-0.05,0.09,0.05,0.16,1.35,0.01,0.32,0.38,1.13,0.47,0.7,-0.23,0.45,105190,51816.0,53374.0,4.5,36770,4889399,0.3,19.4
13015,"Bartow, GA",2018,0.18,0.01,0.01,0.3,-0.06,0.55,0.39,-0.4,0.14,0.28,-0.11,-0.08,0.4,0.04,1.78,0.62,-0.12,0.47,0.08,-0.23,0.78,106488,52541.0,53947.0,3.7,38145,4983012,1.9,19.5
13015,"Bartow, GA",2019,0.03,0.06,0.02,0.45,-0.15,-0.13,0.5,0.17,0.09,0.15,0.03,-0.15,-0.9,0.0,0.78,0.8,0.73,0.62,0.12,,,107757,53195.0,54562.0,3.4,40218,5026691,0.9,18.6
13015,"Bartow, GA",2020,-0.41,-0.04,-0.03,0.13,,0.8,1.4,0.11,-0.24,-0.23,-0.04,,-0.49,-0.07,0.25,0.23,1.05,-0.17,0.27,,,109321,54222.0,55099.0,6.0,43571,5026944,0.0,19.8
13015,"Bartow, GA",2021,0.53,0.06,-0.02,0.49,,0.13,0.25,0.04,0.25,0.17,0.22,,0.72,0.13,5.21,1.13,0.14,0.31,-0.19,,,110953,54893.0,56060.0,3.4,47529,5301589,5.5,19.8
13015,"Bartow, GA",2022,0.36,0.18000000000000002,0.01,-0.12,0.26,1.16,1.54,-0.26,0.31,-0.23,0.02,0.16,0.11,0.14,3.82,0.25,,-0.23,-0.29,,-0.07,112805,55875.0,56930.0,2.9,49193,5520614,4.1,21.0
13015,"Bartow, GA",2023,-0.08,-0.01,0.02,0.07,-0.31,0.33,1.29,0.08,0.14,0.64,0.03,-0.32,-0.48,-0.09,6.28,0.63,1.0,0.73,-0.21,0.26,0.31,114977,56877.0,58100.0,3.1,51396,5874786,6.4,22.9
13017,"Ben Hill, GA",2002,-0.04,0.0,0.0,0.35,0.66,-0.69,0.01,0.47,0.0,0.11,0.04,0.66,-1.72,0.0,-1.87,0.07,-0.56,-0.18,0.07,0.0,-0.11,17178,,,5.7,22583,702215,-1.9,
13017,"Ben Hill, GA",2003,,,,0.16,-0.25,1.33,-2.87,-0.53,-0.4,,0.08,-0.25,-0.37,-0.04,-3.18,0.16,-0.1,0.52,0.37,0.0,0.06,17095,,,6.7,22636,677111,-3.6,
13017,"Ben Hill, GA",2004,,,0.0,0.05,-1.5,-0.16,3.25,-0.62,-0.69,,0.21,-1.5,1.78,0.11,5.25,,0.33,0.83,0.6,0.0,0.18,17106,,,4.8,23762,708018,4.6,
13017,"Ben Hill, GA",2005,0.03,,,-0.02,1.01,-1.56,-0.61,0.53,-0.45,-0.03,0.22,1.01,-0.86,0.0,0.0,0.46,0.34,0.02,0.33,0.0,0.14,17243,,,5.6,24881,704834,-0.4,
13017,"Ben Hill, GA",2006,0.04,,0.0,-0.12,-0.36,-0.67,3.29,0.31,-0.44,-0.13,0.11,-0.36,-2.43,-0.07,-1.75,,-1.15,-0.41,-0.12,0.0,0.04,17525,,,5.6,24628,689408,-2.2,
13017,"Ben Hill, GA",2007,-0.15,0.0,0.02,-0.13,0.39,-0.21,-2.87,-0.08,-0.38,-0.08,0.13,0.39,1.64,-0.13,-7.87,0.01,-0.05,-0.25,-0.19,0.0,-0.05,17719,,,6.9,24556,632506,-8.3,
13017,"Ben Hill, GA",2008,,,-0.01,0.27,0.23,0.21,-2.87,0.05,-1.43,-0.04,0.01,0.23,-2.43,-0.2,-8.79,0.66,0.62,-0.26,-0.45,0.0,0.27,17675,,,11.1,24054,567832,-10.2,
13017,"Ben Hill, GA",2009,-0.04,0.01,0.0,0.57,1.08,-0.19,-2.87,2.19,0.03,-0.24,-0.1,1.08,-1.04,-0.08,-9.07,-1.04,-2.0,-0.22,-1.2399999999999998,0.0,-0.49,17581,,,15.6,23916,516467,-9.0,
13017,"Ben Hill, GA",2010,-0.08,0.06,0.0,0.62,-0.93,0.09,3.29,-1.4,-0.7,-0.31,-0.2,-0.93,-0.04,0.13,4.23,0.42,1.09,0.32,0.25,0.0,0.29,17649,8449.0,9200.0,15.7,24910,534702,3.5,12.3
13017,"Ben Hill, GA",2011,-0.14,0.12,0.0,0.26,-0.26,-0.5,1.75,-0.1,-0.23,-0.11,-0.03,-0.26,-0.68,0.01,2.28,0.29,1.36,-0.39,0.48,0.0,0.48,17595,8401.0,9194.0,15.3,27263,545699,2.1,12.3
13017,"Ben Hill, GA",2012,-0.03,0.03,0.03,0.4,-0.5,0.3,2.03,0.41,-0.48,-0.46,0.09,-0.5,-2.43,0.16,-1.31,0.46,-1.49,-0.12,-0.2,0.0,0.4,17608,8433.0,9175.0,13.7,26461,535905,-1.8,10.4
13017,"Ben Hill, GA",2013,0.11,0.01,0.1,0.39,1.42,-0.11,-0.79,-0.15,-0.8,-0.4,0.25,1.42,-0.33,-0.21,1.18,0.55,0.01,0.13,0.47,0.0,0.11,17461,8360.0,9101.0,12.4,27128,537911,0.4,9.8
13017,"Ben Hill, GA",2014,-0.01,0.0,0.05,0.1,-1.69,-0.27,-2.55,0.57,-0.4,1.5300000000000002,0.04,-1.69,-0.48,0.17,-0.75,0.11,0.56,0.09,,0.0,,17462,8304.0,9158.0,10.1,28056,531725,-1.2,10.8
13017,"Ben Hill, GA",2015,0.02,-0.16,-0.09,-0.33,0.92,-0.06,-0.42,-0.39,0.15,-0.32,0.05,0.92,-1.15,-0.11,-0.85,-0.5,0.31,0.26,,0.0,,17368,8252.0,9116.0,9.1,29340,527974,-0.7,10.9
13017,"Ben Hill, GA",2016,-0.01,,-0.09999999999999999,-0.03,-0.15,-0.07,0.93,-1.16,-0.49,0.81,-0.03,-0.15,0.62,-0.08,1.1,-0.15,0.46,0.39,-0.35,0.01,,17267,8180.0,9087.0,6.6,28500,531184,0.6,10.6
13017,"Ben Hill, GA",2017,0.01,-0.08,0.0,0.16,0.52,-0.02,3.29,-0.65,-0.29,-1.04,-0.07,0.52,0.58,-0.16,-0.05,0.16,-2.24,0.04,-0.49,0.05,-0.06,17059,8080.0,8979.0,6.2,28813,529336,-0.3,10.2
13017,"Ben Hill, GA",2018,0.07,,-0.01,0.4,0.01,0.01,0.21,-0.61,-0.27,0.41,-0.15,0.01,1.35,0.65,4.19,0.5,1.04,-0.03,-0.06,-0.06,,16794,7912.0,8882.0,4.7,30322,550061,3.9,12.0
13017,"Ben Hill, GA",2019,-0.06,0.0,0.0,-0.74,0.38,-0.07,-0.01,0.55,-0.1,-0.14,-0.05,0.38,-2.43,-0.17,-4.15,-0.96,0.23,-0.08,-0.47,0.0,0.08,16711,7862.0,8849.0,4.5,31697,526688,-4.2,11.2
13017,"Ben Hill, GA",2020,-0.27,0.0,0.0,-0.33,0.37,0.58,3.03,-0.32,-0.46,-0.26,-0.04,0.37,0.9,-0.01,1.87,-0.36,-1.54,-0.44,-0.11,0.0,0.34,17166,8103.0,9063.0,5.5,34856,534114,1.4,11.0
13017,"Ben Hill, GA",2021,0.12,0.01,0.03,1.12,-0.56,0.7,-1.82,0.39,0.59,-0.11,0.1,-0.56,1.09,0.06,5.45,1.98,1.72,0.43,0.35,0.0,0.67,17128,8051.0,9077.0,4.3,39268,566402,6.0,10.9
13017,"Ben Hill, GA",2022,0.11,0.11,0.0,1.12,-0.24,-1.37,-0.03,0.34,0.39,-0.15,0.12,-0.24,0.69,0.61,1.88,1.04,0.77,-0.28,0.21,0.0,-0.05,17055,8043.0,9012.0,3.5,40383,579265,2.3,12.2
13017,"Ben Hill, GA",2023,0.02,-0.02,0.0,-0.19,0.45,0.04,2.41,1.19,-0.29,0.41,0.08,0.45,0.33,-0.02,5.94,-0.2,0.24,0.79,0.32,0.0,-0.11,17150,8122.0,9028.0,3.5,42217,611986,5.6,12.1
13019,"Berrien, GA",2002,-0.02,0.0,0.0,-0.05,-2.3,0.16,3.29,-0.18,0.19,-0.14,0.21,-2.3,-0.21,0.2,21.68,0.6,0.5,-0.1,0.03,0.08,0.0,16671,,,4.1,22300,512586,21.9,
13019,"Berrien, GA",2003,0.14,0.04,0.01,0.03,4.26,0.24,-2.87,-1.02,0.42,0.17,-0.15,4.24,2.365,0.02,22.69,-0.01,-0.09,0.56,-0.07,-0.07,0.28,17017,,,3.4,23633,653680,27.5,
13019,"Berrien, GA",2004,,,0.0,0.03,-0.96,0.06,3.29,-0.49,-0.45,-0.11,-0.02,-0.96,2.365,0.0,9.66,-0.19,-0.25,0.74,,,,17399,,,3.7,23594,713894,9.2,
13019,"Berrien, GA",2005,0.04,-0.01,0.0,0.11,3.19,-0.37,3.29,0.38,0.18,-0.11,-0.04,3.15,-2.43,-0.11,8.88,0.23,0.24,0.42,-0.02,-0.02,0.31,17735,,,4.1,24386,778554,9.1,
13019,"Berrien, GA",2006,0.06,-0.02,0.0,-0.07,1.78,0.06,3.29,0.18,-0.15,0.05,-0.04,1.8,-2.43,-0.1,2.03,-0.01,-0.94,0.36,-0.07,0.0,0.02,18051,,,4.1,24537,793156,1.9,
13019,"Berrien, GA",2007,-0.01,0.0,,0.07,-1.84,0.63,1.29,0.42,-0.09,,0.24,-1.85,-2.43,-0.1,-12.86,-0.21,0.32,-0.17,0.01,0.01,0.34,18255,,,4.4,25905,690486,-12.9,
13019,"Berrien, GA",2008,-0.12,0.0,-0.01,-0.07,-1.85,-1.49,-2.87,0.34,-0.13,-0.45,-0.11,-1.84,2.365,0.07,2.51,0.17,1.06,0.29,-0.31,0.0,-0.01,18863,,,7.1,25420,706920,2.4,
13019,"Berrien, GA",2009,-0.05,0.0,-0.01,0.08,0.87,0.68,-2.87,1.01,0.29,-0.08,0.14,0.85,1.97,-0.06,-6.84,0.08,-1.16,-0.22,-0.05,0.0,-0.11,19067,,,13.0,25010,660589,-6.6,
13019,"Berrien, GA",2010,,,0.01,,,0.07,,-0.49,0.36,0.03,0.06,,,0.04,0.38,0.0,0.86,-0.12,0.02,0.0,0.12,19361,9542.0,9819.0,12.8,25084,665422,0.7,10.8
13019,"Berrien, GA",2011,,,0.01,0.21,,-0.09,,0.03,-0.23,-0.26,0.03,,,0.03,-16.55,-0.04,1.18,-0.3,0.14,0.01,0.06,19380,9599.0,9781.0,12.2,26480,553735,-16.8,11.3
13019,"Berrien, GA",2012,0.11,-0.01,0.01,-0.01,-2.58,0.14,-2.87,0.48,-0.28,0.11,-0.01,-2.58,-2.43,0.04,-16.48,-0.42,0.25,-0.17,0.02,-0.02,-0.13,19160,9494.0,9666.0,10.1,27771,460909,-16.8,11.8
13019,"Berrien, GA",2013,-0.1,-0.01,,-0.17,-1.07,-0.62,,-0.26,0.77,,0.67,-1.07,,-0.01,-8.03,-1.66,-0.16,-0.81,0.04,0.0,-0.36,19059,9402.0,9657.0,9.5,27320,427446,-7.3,12.8
13019,"Berrien, GA",2014,0.28,,0.01,-0.02,-3.87,-0.43,-2.87,0.1,0.39,-0.6,0.6,-3.88,-1.99,0.13,-8.86,,0.65,0.13,-0.1,0.01,-0.17,18813,9254.0,9559.0,8.6,28263,391264,-8.5,13.0
13019,"Berrien, GA",2015,-0.45,0.0,-0.01,,3.0,0.24,-2.87,-0.93,0.65,-0.04,-0.5900000000000001,3.0,-0.91,-0.12,-5.93,,0.35,-1.11,,-0.01,-0.22,18989,9376.0,9613.0,7.3,30038,370581,-5.3,12.5
13019,"Berrien, GA",2016,-0.15,,0.03,-0.13,0.75,0.43,1.53,-0.74,-0.62,-0.05,-0.5900000000000001,0.75,-0.34,-0.05,0.61,,0.57,-0.1,,0.02,-0.11,18968,9373.0,9595.0,5.6,30654,370568,0.0,12.3
13019,"Berrien, GA",2017,0.24,-0.02,0.0,0.1,2.78,0.42,3.29,0.11,0.15,-0.1,-0.29,2.78,-0.12,-0.07,4.12,0.31,-3.25,-0.32,0.72,-0.07,0.03,19071,9434.0,9637.0,4.6,32198,386365,4.3,11.7
13019,"Berrien, GA",2018,-0.14,0.0,0.06,0.08,-2.57,-0.47,2.74,-0.84,-0.93,0.28,0.01,-2.57,0.11,0.05,0.83,0.03,1.17,0.0,0.23,0.01,0.15,19207,9427.0,9780.0,3.7,32734,385975,-0.1,11.8
13019,"Berrien, GA",2019,-0.12,,0.02,0.04,2.61,0.25,3.29,0.09,-0.05,-0.1,,2.61,0.06,0.0,10.22,0.31,0.36,0.32,,-0.01,-0.08,19377,9540.0,9837.0,3.7,34285,425212,10.2,11.4
13019,"Berrien, GA",2020,-0.31,-0.02,-0.03,-0.06,0.23,-0.25,-1.75,,-0.64,-0.14,0.01,0.23,0.19,-0.06,-7.39,-0.2,,0.03,-0.43,-0.05,-0.49,18148,8983.0,9165.0,5.3,37733,391082,-8.0,13.2
13019,"Berrien, GA",2021,0.36,,-0.02,,-2.5,0.53,-0.9,,0.32,-0.21,,-2.5,-0.23,-0.1,1.22,1.3,,-0.23,0.5,0.01,-0.46,18120,9009.0,9111.0,3.4,40308,397104,1.5,13.0
13019,"Berrien, GA",2022,0.22,,-0.03,0.16,0.64,0.87,3.29,-0.38,0.13,0.07,,0.64,1.41,0.39,8.09,0.26,0.41,-0.62,,-0.01,0.1,18238,9024.0,9214.0,2.9,41012,429732,8.2,14.8
13019,"Berrien, GA",2023,0.0,0.01,0.01,0.18,1.49,0.22,3.29,-0.23,-0.22,0.38,0.17,1.49,0.05,-0.19,5.19,-0.2,-0.16,0.56,0.02,0.05,-0.33,18587,9183.0,9404.0,3.3,41787,451070,5.0,12.8
13021,"Bibb, GA",2002,0.0,-0.04,-0.01,0.08,-0.01,-0.12,0.43,0.06,0.36,0.09,0.22,-0.01,-2.43,0.06,-1.14,0.25,0.08,0.34,,,,153929,,,5.0,29639,8670803,-0.8,
13021,"Bibb, GA",2003,-0.03,0.1,-0.03,0.15,,0.08,-0.53,0.36,-0.07,0.69,0.16,,-2.43,0.0,-3.65,0.26,-0.35,0.19,0.17,,,153697,,,4.8,29902,8347612,-3.7,
13021,"Bibb, GA",2004,0.07,-0.02,0.0,0.55,-0.01,-0.18,-0.17,-0.21,-0.01,0.75,0.33,-0.02,-0.15,0.03,1.12,0.25,-0.31,0.17,,,,154159,,,5.1,30162,8439489,1.1,
13021,"Bibb, GA",2005,-0.06,-0.04,-0.09999999999999999,0.38,,0.15,0.88,0.33,-0.14,0.29,0.46,,-2.43,0.0,-0.41,0.29,-1.11,0.06,,-0.01,,154003,,,5.7,30849,8393625,-0.5,
13021,"Bibb, GA",2006,0.1,-0.04,0.01,-0.07,,-0.49,0.05,0.52,-0.27,0.48,0.3,,-1.53,0.01,-0.92,0.36,-1.13,0.05,-0.07,-0.01,,154510,,,5.7,31880,8293325,-1.2,
13021,"Bibb, GA",2007,-0.08,-0.03,-0.09,-0.35,-0.01,-1.29,-0.16,1.03,-0.3,0.09,0.34,-0.01,-1.89,-0.13,-3.07,-0.68,0.68,-0.45,-0.59,0.01,0.18,154286,,,5.2,32635,8014274,-3.4,
13021,"Bibb, GA",2008,-0.13,-0.02,0.11,0.24,0.01,-0.37,-0.84,0.26,-0.77,1.0,-0.46,0.49,-0.02,-0.1,1.39,0.62,0.94,-0.08,0.19,0.05,-0.28,154384,,,6.6,33438,8064097,0.6,
13021,"Bibb, GA",2009,-0.2,0.03,0.11,-0.41,,-0.63,-0.36,0.9,-0.08,0.53,-0.5900000000000001,,0.23,-0.09,-3.75,-0.54,-1.4,-0.22,,-0.05,-0.95,155154,,,9.7,32689,7755363,-3.8,
13021,"Bibb, GA",2010,0.05,0.03,0.09,0.18,-0.04,-0.66,0.45,-0.8,0.07,-0.36,0.02,-0.08,-0.02,0.04,-1.36,0.47,-0.48,0.42,-0.52,0.0,0.0,155878,73454.0,82424.0,11.5,33438,7655793,-1.3,23.1
13021,"Bibb, GA",2011,0.15,-0.01,-0.01,-0.2,-0.04,0.09,0.01,0.31,-0.2,-0.07,-0.07,-0.22,0.64,0.01,0.96,0.22,0.15,0.36,-0.1,-0.15,-0.37,156297,73824.0,82473.0,11.3,34747,7713858,0.8,22.6
13021,"Bibb, GA",2012,0.1,0.0,0.04,-0.08,,-0.17,0.06,0.36,-0.15,0.27,0.33,,0.43,-0.09,2.28,0.12,0.69,0.09,,-0.03,0.14,156701,74092.0,82609.0,10.4,33985,7878077,2.1,22.8
13021,"Bibb, GA",2013,-0.05,-0.02,-0.06,0.04,,-0.24,-0.45,0.2,-0.42,0.1,0.52,,-0.52,-0.03,0.46,0.98,-0.21,0.05,,0.26,0.14,155138,73144.0,81994.0,9.2,34170,7880863,0.0,22.5
13021,"Bibb, GA",2014,0.08,-0.01,-0.09999999999999999,0.11,,0.0,-0.47,1.1,-0.28,-0.24,0.45,,-0.09,0.16,2.75,0.66,1.01,-0.08,,0.14,0.2,154447,72715.0,81732.0,8.1,35650,8075063,2.5,23.4
13021,"Bibb, GA",2015,0.06,0.02,-0.09999999999999999,-0.15,,0.5,-0.05,0.22,-0.06,0.3,0.61,,0.76,0.03,3.24,0.08,0.3,0.46,,0.02,0.03,154068,72512.0,81556.0,6.8,36636,8332485,3.2,23.8
13021,"Bibb, GA",2016,-0.02,0.0,-0.04,0.0,,0.11,0.01,-0.23,-0.42,0.35,0.67,,-0.2,-0.11,-1.31,-0.99,-0.44,-0.28,,0.07,-0.4,153212,72141.0,81071.0,6.3,37056,8188085,-1.7,24.6
13021,"Bibb, GA",2017,-0.02,0.03,-0.09999999999999999,0.3,,-0.02,0.03,0.79,0.19,0.07,0.67,,-0.75,-0.17,1.45,0.31,0.37,0.23,,-0.05,-0.3,152920,71740.0,81180.0,5.6,38296,8322372,1.6,25.4
13021,"Bibb, GA",2018,0.04,0.0,-0.03,0.02,,0.85,0.2,0.49,0.07,0.73,-0.5900000000000001,,-0.26,0.1,1.86,0.47,-0.03,0.23,,-0.03,-0.12,153069,71847.0,81222.0,4.8,39169,8482506,1.9,25.7
13021,"Bibb, GA",2019,0.01,0.0,-0.03,-0.09,,-0.55,-0.18,0.02,-0.03,0.23,0.33,,-0.19,-0.08,-1.15,-0.1,-0.98,-0.08,,,,153191,71746.0,81445.0,4.3,39957,8382305,-1.2,25.4
13021,"Bibb, GA",2020,-0.53,-0.06,-0.08,0.02,,-0.31,-0.03,0.19,-0.54,-0.86,0.16,,-0.17,-0.19,-2.6,-0.83,-0.02,-0.2,0.04,,,157038,74085.0,82953.0,7.8,43268,8119117,-3.1,25.3
13021,"Bibb, GA",2021,0.5,0.06,0.07,0.48,,-0.17,0.48,0.38,0.02,1.33,0.16,,0.86,-0.06,4.72,0.71,0.4,-0.25,0.18,,,156005,73460.0,82545.0,5.2,47437,8504530,4.7,25.5
13021,"Bibb, GA",2022,0.27,0.07,0.11,0.23,0.01,-0.09,0.02,-0.22,0.07,-0.41,0.67,,-0.05,0.07,1.17,0.61,0.27,-0.36,0.15,,,156115,73617.0,82498.0,4.0,46655,8609713,1.2,25.9
13021,"Bibb, GA",2023,-0.07,0.01,-0.09999999999999999,-0.55,-0.02,0.05,-0.24,-0.99,0.26,0.75,0.46,,-0.64,-0.19,-0.82,-0.23,0.01,0.77,-0.14,,-0.07,156676,73641.0,83035.0,4.2,48455,8561447,-0.6,26.0
13023,"Bleckley, GA",2002,-0.29,-0.02,0.01,-0.43,,1.78,,0.25,0.57,0.41,,,0.01,0.14,10.27,-0.28,0.05,0.28,-0.12,0.02,,11757,,,5.6,24866,377135,10.8,
13023,"Bleckley, GA",2003,0.32,0.04,,-0.22,,1.06,,-0.62,0.6,,,,-0.22,0.02,7.93,-0.43,-0.43,0.13,0.2,0.0,,11807,,,4.9,26010,409295,8.5,
13023,"Bleckley, GA",2004,0.27,0.15,0.01,,-1.71,-2.33,3.29,-0.46,-0.25,-0.01,-0.1,-1.71,-0.25,-0.03,0.87,0.12,0.28,-0.1,0.04,0.0,0.03,12018,,,5.9,26029,411831,0.6,
13023,"Bleckley, GA",2005,0.53,-0.15,0.0,-0.03,1.04,-0.72,-2.87,0.28,0.74,0.01,-0.01,1.04,0.04,-0.03,-13.52,-0.24,-1.09,0.4,-0.04,-0.01,0.11,12127,,,7.4,26979,359190,-12.8,
13023,"Bleckley, GA",2006,,,0.01,-0.02,-0.12,0.31,0.88,-0.02,-0.22,-0.03,0.01,-0.12,-0.06,-0.01,0.67,-0.07,-0.66,0.22,0.1,-0.02,0.06,12553,,,5.8,27516,360795,0.4,
13023,"Bleckley, GA",2007,0.13,0.06,0.02,0.08,3.4,-0.72,-0.55,0.07,0.13,-0.15,-0.02,3.4,0.06,-0.07,3.43,0.1,0.82,0.03,0.08,0.0,0.17,13016,,,5.2,28674,373647,3.6,
13023,"Bleckley, GA",2008,0.16,-0.05,0.0,0.03,,0.95,,0.17,-0.41,0.15,0.01,,1.37,-0.09,-15.31,0.19,1.18,-0.7,-0.18,-0.02,-0.28,12985,,,7.4,28544,314915,-15.7,
13023,"Bleckley, GA",2009,0.16,0.07,-0.01,-0.02,,-1.0,,1.31,0.63,0.32,,,-0.81,-0.23,-5.18,0.14,0.66,-0.13,0.19,0.0,,13034,,,9.9,28263,300591,-4.5,
13023,"Bleckley, GA",2010,-0.16,0.18000000000000002,0.02,0.13,,0.32,,,-0.12,-0.02,,,-0.7,-0.16,-1.0,0.23,,-0.07,0.66,-0.01,,13033,6192.0,6841.0,12.3,29062,297209,-1.1,10.1
13023,"Bleckley, GA",2011,-0.29,-0.01,-0.02,,,-1.53,,,0.05,-0.09,,,-0.27,,-2.72,0.67,,-0.25,0.05,0.0,0.04,13077,6187.0,6890.0,13.1,29612,289266,-2.7,12.3
13023,"Bleckley, GA",2012,-0.03,-0.1,-0.01,,-0.88,-0.54,3.29,0.51,-0.01,-0.33,-0.01,-0.88,0.01,0.01,1.81,-0.22,-0.48,-0.11,,-0.01,,12888,6121.0,6767.0,12.4,30471,294476,1.8,13.5
13023,"Bleckley, GA",2013,,,-0.02,0.03,,-0.49,,-0.19,-1.21,-0.92,-0.04,,-0.05,,-2.0,-0.25,1.09,-0.08,,0.01,-0.09,12742,6078.0,6664.0,13.9,31167,285036,-3.2,14.9
13023,"Bleckley, GA",2014,-0.6,,-0.01,,-4.32,-0.72,-2.87,,0.09,-0.39,,-4.49,-0.01,0.06,-16.18,0.25,,0.5,0.08,0.0,,12706,6068.0,6638.0,11.3,31772,239192,-16.1,15.2
13023,"Bleckley, GA",2015,-0.31,,0.02,0.07,2.16,1.02,-2.42,-0.4,0.24,0.1,-0.01,2.16,0.0,0.06,-0.45,-0.15,-0.43,0.32,,-0.06,,12710,6118.0,6592.0,8.6,32686,238692,-0.2,16.5
13023,"Bleckley, GA",2016,,,-0.01,0.18,0.79,0.36,,-0.85,-0.14,0.42,-0.03,0.79,,0.09,-3.32,0.25,0.17,0.51,-0.79,0.0,0.07,12868,6162.0,6706.0,7.2,32176,230415,-3.5,17.7
13023,"Bleckley, GA",2017,-0.45,-0.03,-0.04,0.33,1.29,0.42,,-0.71,0.66,-0.03,0.0,1.29,,-0.14,-1.64,0.26,-0.27,-0.04,,0.0,,12769,6110.0,6659.0,6.1,33583,228158,-1.0,17.2
13023,"Bleckley, GA",2018,-0.14,0.01,0.0,0.43,-1.2,-0.07,,-0.81,1.15,-0.21,-0.01,-1.2,,-0.05,-0.75,0.66,-0.65,0.92,,0.0,,12833,6128.0,6705.0,5.2,34238,229078,0.4,17.2
13023,"Bleckley, GA",2019,0.43,-0.02,0.0,0.06,1.95,-0.66,-0.58,0.09,-2.28,0.32,0.01,1.95,0.09,-0.35,2.65,0.06,,0.36,,0.0,,12923,6172.0,6751.0,4.7,35664,229911,0.4,18.7
13023,"Bleckley, GA",2020,-0.54,-0.01,0.02,0.27,1.54,1.81,,,-2.3699999999999997,0.12,-0.03,1.54,,-0.39,3.32,0.31,0.51,0.04,,0.03,,12525,6039.0,6486.0,5.9,39027,226381,-1.5,17.9
13023,"Bleckley, GA",2021,,,0.03,0.18,-1.0,-0.15,0.16,-0.02,1.8,-0.02,0.02,-1.0,-0.11,-0.19,-0.27,0.46,-1.88,0.18,1.35,0.03,0.12,12274,5911.0,6363.0,4.5,43205,229860,1.5,16.0
13023,"Bleckley, GA",2022,0.33,-0.02,0.0,0.14,-2.4,-2.49,0.03,-0.67,0.0,0.18,0.04,-2.4,0.0,0.17,-4.19,0.14,1.05,-0.51,-0.07,0.11,-0.07,12270,5870.0,6400.0,3.7,41754,220239,-4.2,18.6
13023,"Bleckley, GA",2023,0.04,0.0,0.0,0.52,2.29,3.26,0.23,0.17,1.13,-0.16,0.02,2.29,0.0,-0.15,13.7,1.98,-0.21,1.48,-0.19,0.0,-0.02,12455,5898.0,6557.0,3.6,42820,252909,14.8,18.3
13025,"Brantley, GA",2002,-0.01,,,-0.98,-1.89,0.8,0.42,0.22,1.41,,0.67,-1.73,-0.25,0.21,1.62,-1.66,1.82,0.22,0.16,0.26,,15556,,,5.4,20076,219250,3.0,
13025,"Brantley, GA",2003,0.09,-0.03,,,-0.53,2.71,-0.34,0.04,0.78,,,-0.15,-1.02,0.01,-2.64,-0.54,-1.2,0.24,-0.2,-0.23,,15911,,,5.4,20012,215160,-1.9,
13025,"Brantley, GA",2004,0.26,0.03,0.11,,0.12,0.85,-0.84,-0.09,-0.44,0.6,,4.79,0.47,,4.27,0.55,-3.11,-0.1,0.29,-0.02,,16222,,,5.0,20440,223388,3.8,
13025,"Brantley, GA",2005,0.41,,0.09,,-0.44,-1.32,,0.44,0.12,0.09,,-1.04,,,3.8,-0.67,0.77,0.09,-0.67,-0.02,,16535,,,5.4,21432,232140,3.9,
13025,"Brantley, GA",2006,,,0.03,0.19,-0.88,0.04,-0.68,,0.06,0.4,-0.27,-3.37,-1.66,-0.33,-1.68,0.12,,0.39,-0.02,0.0,0.36,16895,,,4.6,22203,228366,-1.6,
13025,"Brantley, GA",2007,,,0.04,0.13,0.56,-0.13,,0.37,0.26,0.14,,-3.53,,-0.23,-3.96,0.08,1.76,-0.47,-0.13,0.0,-0.02,17198,,,4.5,22300,219904,-3.7,
13025,"Brantley, GA",2008,,,-0.09999999999999999,-0.06,-0.86,-0.83,,,-0.79,-0.27,,-1.08,,0.02,-7.79,-0.01,,0.22,-0.89,0.0,-0.88,17593,,,6.6,22538,201037,-8.6,
13025,"Brantley, GA",2009,,,-0.09999999999999999,0.07,-0.33,-0.62,-0.42,,0.5,-0.2,,-0.35,-0.35,-0.17,2.63,0.04,,0.18,-0.2,,-0.91,18129,,,10.9,22026,207331,3.1,
13025,"Brantley, GA",2010,0.15,-0.05,0.05,0.51,-0.8,1.03,,-0.55,0.36,0.05,,-0.8,,0.07,-0.07,0.43,-3.34,-0.14,0.21,,0.18,18462,9208.0,9254.0,12.6,21893,207917,0.3,4.9
13025,"Brantley, GA",2011,0.49,0.01,-0.09,-0.04,0.3,-0.1,0.03,0.48,0.07,0.09,,0.31,0.16,0.06,4.96,-0.04,2.6,-0.38,0.6,,0.19,18549,9206.0,9343.0,13.0,22517,218380,5.0,4.6
13025,"Brantley, GA",2012,0.16,-0.01,-0.09999999999999999,0.14,-0.1,-1.22,1.04,0.14,-0.07,-0.02,,-0.12,-0.45,-0.03,-0.67,0.12,0.74,-0.15,-0.28,,-0.1,18522,9177.0,9345.0,11.8,22874,216763,-0.7,6.1
13025,"Brantley, GA",2013,,,0.03,0.24,0.21,-1.55,0.53,-0.25,-0.54,0.28,,0.23,-0.28,0.01,3.58,-0.11,2.81,-0.06,1.3,,1.01,18253,9061.0,9192.0,10.6,23529,223342,3.0,6.4
13025,"Brantley, GA",2014,0.07,,0.01,-0.15,0.19,0.17,,0.27,-0.83,0.26,,0.21,,0.33,5.82,-0.16,0.99,-0.19,0.46,0.26,0.31,18368,9087.0,9281.0,9.3,24174,234471,5.0,6.9
13025,"Brantley, GA",2015,-0.01,,0.11,-0.3,0.27,0.55,0.64,-0.3,0.21,-0.42,0.67,0.27,1.05,0.24,4.77,-0.25,-1.16,0.26,,0.13,,18443,9130.0,9313.0,7.6,26000,246160,5.0,8.4
13025,"Brantley, GA",2016,,,0.11,0.12,,-0.16,,-0.23,-0.15,-0.04,,,,0.03,1.11,0.11,-2.09,0.54,,,,18425,9142.0,9283.0,6.2,27095,248532,1.0,9.5
13025,"Brantley, GA",2017,,,0.11,,,-0.36,,-0.24,-0.95,-0.04,,,,-0.16,0.4,,-0.11,0.35,1.32,,0.62,18848,9353.0,9495.0,5.2,27186,247168,-0.5,7.8
13025,"Brantley, GA",2018,-0.01,0.05,-0.09999999999999999,,0.11,0.65,,,0.15,0.53,0.04,0.14,,0.03,3.02,,,0.33,,0.1,1.7400000000000002,19021,9419.0,9602.0,4.1,28394,255000,3.2,8.2
13025,"Brantley, GA",2019,0.03,0.09,-0.09999999999999999,-0.04,-0.09,0.18,-0.31,0.15,-0.01,-0.1,,-0.09,0.24,-0.23,-1.15,0.07,,0.22,,,0.24,19124,9530.0,9594.0,3.9,29125,252040,-1.2,8.9
13025,"Brantley, GA",2020,-0.16,,0.08,-0.18,0.12,-0.52,,0.22,-0.69,0.2,,0.13,,-0.33,4.76,-0.1,,0.32,,,1.45,18046,8949.0,9097.0,4.9,32682,262315,4.1,6.9
13025,"Brantley, GA",2021,0.47,0.05,0.11,-0.04,0.01,0.72,0.26,0.31,0.79,0.02,0.11,0.09,-0.43,-0.34,3.97,0.01,0.8,0.2,1.09,-0.23,0.52,18123,8963.0,9160.0,3.3,35430,274817,4.8,6.5
13025,"Brantley, GA",2022,0.13,,0.11,0.14,1.23,1.4,,,0.08,0.15,0.37,1.24,,0.16,7.2,0.22,,0.32,,-0.23,,18196,9012.0,9184.0,3.2,36520,294824,7.3,10.3
13025,"Brantley, GA",2023,-0.08,0.01,-0.01,-0.13,-0.07,-0.7,0.71,-0.21,-0.19,0.16,0.19,-0.07,1.22,-0.22,1.16,-0.11,,0.67,,0.18,,18417,9094.0,9323.0,3.1,37617,297685,1.0,10.9
13027,"Brooks, GA",2002,-0.01,,-0.01,0.01,-3.45,2.69,0.48,0.54,0.36,0.38,,-3.45,-1.77,0.22,-0.38,-0.02,-0.38,0.53,,0.02,0.25,16229,,,4.6,21593,302457,0.0,
13027,"Brooks, GA",2003,,,,0.12,4.29,-1.75,-0.01,-0.71,0.13,,,4.79,-0.4,-0.24,3.61,,0.64,0.22,-0.53,-0.02,0.04,16051,,,3.4,23119,313761,3.7,
13027,"Brooks, GA",2004,-0.02,0.18000000000000002,,0.05,-4.31,0.03,1.13,-1.46,-0.75,,,-4.31,0.99,-0.1,-5.07,,-1.36,-0.47,0.02,-0.01,0.07,16127,,,3.5,22964,295488,-5.8,
13027,"Brooks, GA",2005,,,-0.03,0.1,4.29,-1.68,2.53,1.11,-0.13,0.42,,4.79,-1.66,,7.67,0.15,2.21,-0.06,,-0.01,0.0,16124,,,4.3,24245,317790,7.5,
13027,"Brooks, GA",2006,-0.12,-0.17,-0.02,-0.02,0.88,-0.31,0.47,0.05,-0.01,0.34,,0.88,0.0,,1.2,,0.02,0.13,-0.11,0.01,0.1,16309,,,4.1,24208,321570,1.2,
13027,"Brooks, GA",2007,,,0.0,0.36,-4.32,1.62,-1.76,-0.54,-0.1,-0.32,,-4.869999999999999,0.62,0.0,0.09,,5.08,-0.58,,-0.02,0.31,16333,,,4.3,26012,321567,0.0,
13027,"Brooks, GA",2008,,,0.01,-0.3,4.29,-0.66,-1.74,0.12,-0.38,0.0,,4.79,-0.52,-0.13,7.88,-0.27,2.54,-0.03,,0.0,0.67,16475,,,5.8,27830,345711,7.5,
13027,"Brooks, GA",2009,-0.25,0.16,0.01,-0.06,4.29,0.34,-1.09,0.94,-0.17,-0.04,,4.62,-0.03,0.28,3.21,-0.18,-1.22,-0.44,,0.0,0.06,16375,,,8.6,28074,356248,3.0,
13027,"Brooks, GA",2010,-0.08,0.18000000000000002,0.02,0.04,,0.89,0.18,-0.77,-0.23,0.1,,,-0.12,0.39,-8.86,-0.04,0.73,-0.16,,0.01,0.82,16246,7930.0,8316.0,9.5,27368,323864,-9.1,15.8
13027,"Brooks, GA",2011,-0.7000000000000002,0.13,0.0,0.18,,-1.18,0.16,0.38,-0.24,0.06,,,-0.21,-0.14,6.27,0.24,-1.52,-0.11,0.02,-0.01,0.59,15982,7794.0,8188.0,9.8,30630,343391,6.0,13.9
13027,"Brooks, GA",2012,,,0.0,-0.04,-4.32,-0.19,0.52,0.34,0.13,0.56,-0.03,-4.869999999999999,-0.25,-0.05,-16.0,-0.09,-4.765000000000001,0.3,0.13,0.23,0.96,15616,7599.0,8017.0,9.0,29806,288921,-15.9,12.6
13027,"Brooks, GA",2013,,,0.0,0.26,-4.02,-0.18,0.51,-0.34,0.04,0.55,,-4.02,-0.07,0.12,0.98,0.27,-0.44,0.37,,0.03,1.7400000000000002,15648,7581.0,8067.0,8.3,29262,291866,1.0,11.4
13027,"Brooks, GA",2014,0.06,0.01,0.0,-0.05,-3.46,0.08,-0.58,0.47,-0.46,-0.24,,-3.46,0.11,0.49,2.9,0.01,1.49,0.06,,-0.02,1.7400000000000002,15524,7538.0,7986.0,7.2,30575,299000,2.4,11.1
13027,"Brooks, GA",2015,0.21,-0.17,0.01,-0.03,,-0.33,0.3,-0.62,-0.14,-0.13,,,0.04,0.13,5.07,0.0,0.9,-0.11,,0.04,-1.5500000000000005,15672,7702.0,7970.0,6.1,31116,313746,4.9,11.7
13027,"Brooks, GA",2016,,,-0.02,-0.06,,0.01,-0.3,-0.79,-0.33,-0.83,0.07,,-0.17,0.65,6.87,-0.01,0.53,0.39,-0.19,0.03,1.7400000000000002,15732,7745.0,7987.0,5.5,31327,334254,6.5,12.4
13027,"Brooks, GA",2017,,,-0.02,-0.06,,0.27,-0.23,-0.45,-0.89,-0.13,0.0,,-0.05,0.36,0.44,-0.07,-3.74,0.16,-0.01,-0.23,1.7400000000000002,15641,7664.0,7977.0,4.7,32285,332749,-0.5,13.6
13027,"Brooks, GA",2018,0.0,-0.01,-0.01,0.0,-1.36,0.34,-1.57,-0.78,0.02,0.48,,,-0.09,0.51,-2.3,-0.09,0.83,0.15,-0.02,-0.03,-0.61,15491,7573.0,7918.0,4.1,33173,325145,-2.3,15.2
13027,"Brooks, GA",2019,,,0.01,0.07,,0.77,0.13,0.51,0.18,0.16,,3.14,-0.06,0.21,22.69,0.21,,0.83,,0.26,1.7400000000000002,15518,7566.0,7952.0,3.7,34665,410585,26.3,17.8
13027,"Brooks, GA",2020,,,0.0,0.13,2.67,0.64,0.08,-0.02,-0.58,0.05,,2.67,-0.01,-0.65,17.6,0.09,,0.16,0.14,0.26,1.7400000000000002,16271,7904.0,8367.0,5.4,37618,480469,17.0,16.5
13027,"Brooks, GA",2021,0.07,0.01,-0.01,0.03,-2.54,-0.56,-0.36,0.69,0.19,0.2,,-2.54,0.04,0.07,-0.27,0.42,2.01,0.11,,0.26,-1.5500000000000005,16276,7885.0,8391.0,3.9,40372,480077,-0.1,16.8
13027,"Brooks, GA",2022,0.31,0.01,0.0,-0.05,0.57,0.21,-0.06,-0.91,0.23,0.12,,0.57,0.01,0.65,0.12,0.16,0.36,-0.09,,0.26,-1.5500000000000005,16300,7874.0,8426.0,3.4,40149,481755,0.3,14.7
13027,"Brooks, GA",2023,0.01,0.03,0.0,0.98,0.64,0.07,0.31,0.24,0.09,0.03,,0.64,-0.03,0.07,-0.49,0.83,0.03,0.27,,-0.23,-1.5500000000000005,16275,7830.0,8445.0,3.6,40884,479844,-0.4,13.6
13029,"Bryan, GA",2002,,,,,0.14,0.71,,-0.21,1.56,,0.2,0.14,,0.26,-1.61,-0.14,-3.56,0.41,0.01,,0.31,24377,,,3.6,28737,462698,-0.1,
13029,"Bryan, GA",2003,,,,-0.07,0.4,1.76,,-0.64,2.32,,-0.5900000000000001,0.4,,0.26,8.18,,3.29,1.5,,,0.41,25069,,,3.6,31057,514756,11.3,
13029,"Bryan, GA",2004,0.05,0.16,,,0.19,0.04,1.15,-0.39,1.07,,-0.18,0.19,-0.3,0.36,3.68,,1.03,0.34,,0.03,0.1,26061,,,3.6,32693,539195,4.7,
13029,"Bryan, GA",2005,0.3,-0.06,,0.68,0.13,0.86,0.09,1.01,0.84,,-0.1,0.13,0.16,0.65,6.47,,-0.9,0.94,,,,26557,,,3.9,35188,578579,7.3,
13029,"Bryan, GA",2006,0.62,-0.07,,0.78,0.79,3.26,0.14,0.7,0.19,,-0.04,0.79,0.14,0.65,8.29,1.57,-1.12,0.75,0.22,,,27346,,,3.5,38138,627631,8.5,
13029,"Bryan, GA",2007,0.13,0.08,0.01,,-0.53,-1.69,1.08,-0.06,0.32,0.17,-0.04,-0.53,0.08,-0.68,0.18,1.1,-0.14,0.56,0.45,,,28302,,,3.4,40768,630741,0.5,
13029,"Bryan, GA",2008,-0.28,-0.1,,,-0.31,-3.25,,0.49,0.0,,-0.02,-0.31,,0.23,-4.38,0.05,-0.5,0.11,-0.75,0.01,1.2,29178,,,5.0,42425,603144,-4.4,
13029,"Bryan, GA",2009,-0.04,0.05,-0.01,-0.1,0.27,-2.26,-1.26,1.64,0.85,-0.07,0.07,0.27,0.63,-0.36,-2.58,-0.63,0.16,0.0,-0.48,,,29987,,,7.8,41417,592724,-1.7,
13029,"Bryan, GA",2010,0.2,0.18000000000000002,,0.04,,-0.36,,-0.12,0.18,,0.04,,,0.65,6.67,-0.58,3.98,0.5,,,,30404,14921.0,15483.0,9.5,42276,633312,6.8,27.6
13029,"Bryan, GA",2011,0.15,-0.03,,-0.15,,2.17,-0.32,1.74,0.95,,0.01,,0.33,-0.44,8.56,-0.24,2.24,-0.14,-0.11,0.0,1.7400000000000002,31300,15452.0,15848.0,9.2,44242,693512,9.5,29.0
13029,"Bryan, GA",2012,0.31,-0.08,,0.14,-0.05,-0.39,-0.38,0.55,0.61,,0.01,-0.05,0.29,0.18,2.0,,-0.4,0.11,-0.03,-0.04,1.7400000000000002,32293,16018.0,16275.0,8.1,43509,711567,2.6,29.4
13029,"Bryan, GA",2013,-0.16,-0.17,0.02,-0.09,-0.24,1.04,0.35,-0.65,-0.3,0.08,0.12,-0.24,0.15,0.09,3.39,,1.03,0.65,,0.05,0.95,33082,16397.0,16685.0,7.4,42914,733509,3.1,30.6
13029,"Bryan, GA",2014,0.31,0.18000000000000002,0.01,0.07,0.13,2.16,0.68,0.28,0.38,0.15,0.1,0.13,0.27,0.27,8.23,0.64,1.17,0.27,0.06,0.19,1.23,33726,16783.0,16943.0,6.5,44437,796638,8.6,32.4
13029,"Bryan, GA",2015,,,,0.05,0.04,1.94,1.26,-0.29,1.28,,-0.13,0.04,0.59,0.13,7.58,,0.71,0.37,-0.05,0.03,1.7400000000000002,34860,17318.0,17542.0,5.3,45544,867196,8.9,31.1
13029,"Bryan, GA",2016,,,-0.02,,0.06,1.69,0.69,-0.38,0.38,0.2,-0.05,0.06,0.05,0.05,6.65,,1.84,1.03,,0.1,1.28,35916,17733.0,18183.0,4.9,46230,928149,7.0,33.3
13029,"Bryan, GA",2017,0.54,0.0,,0.05,-0.1,0.4,0.81,-0.15,0.97,,0.02,-0.1,0.03,0.01,5.71,0.49,0.41,1.42,0.27,0.19,1.19,37091,18353.0,18738.0,4.3,46383,990118,6.7,32.4
13029,"Bryan, GA",2018,0.02,0.03,0.01,-0.1,-0.1,-0.74,2.13,-0.2,0.69,0.61,0.06,-0.1,0.43,0.12,2.49,,1.69,0.57,,,,38151,18790.0,19361.0,3.4,48659,1021554,3.2,32.6
13029,"Bryan, GA",2019,0.07,0.05,0.05,,-0.01,0.85,0.46,0.29,0.63,0.43,0.16,-0.01,0.49,0.0,2.28,-0.39,-0.55,0.22,-0.03,0.19,-0.02,39692,19536.0,20156.0,3.1,48783,1051222,2.9,33.1
13029,"Bryan, GA",2020,-0.38,0.03,0.0,,0.12,3.06,-0.38,0.16,-0.47,-0.22,-0.08,0.12,0.71,-0.02,1.36,-0.11,-3.25,0.95,0.15,0.1,0.52,45044,22372.0,22672.0,5.1,51811,1060652,0.9,33.0
13029,"Bryan, GA",2021,0.63,0.14,0.01,0.56,-0.01,3.26,1.77,0.48,0.67,0.36,0.06,-0.01,1.29,0.04,18.69,1.18,4.28,0.9,,,,46976,23327.0,23649.0,2.9,55957,1266001,19.4,33.5
13029,"Bryan, GA",2022,0.47,-0.01,0.0,0.05,-0.18,-3.25,0.39,0.12,0.36,1.5300000000000002,0.0,-0.18,0.1,0.23,5.26,0.45,5.42,-0.51,,,,48316,23918.0,24398.0,2.8,58376,1337079,5.6,33.9
13029,"Bryan, GA",2023,0.09,0.03,0.0,0.14,0.24,0.87,-0.63,0.33,-0.11,-0.86,0.03,0.24,-0.4,-0.11,3.81,0.23,2.39,1.06,0.53,,,49876,24603.0,25273.0,2.8,60655,1386502,3.7,34.6
13031,"Bulloch, GA",2002,,,0.02,0.18,-0.95,0.23,-1.53,0.16,1.14,0.49,0.1,-0.95,-0.66,0.12,-0.21,,0.46,0.4,0.3,0.04,0.12,57361,,,4.3,20493,1714229,0.9,
13031,"Bulloch, GA",2003,,,0.07,0.26,,-0.16,1.72,-0.41,0.32,1.18,-0.01,,0.41,0.01,6.34,0.7,0.35,0.79,-0.09,,0.26,59314,,,4.2,21445,1828414,6.7,
13031,"Bulloch, GA",2004,0.16,0.0,0.0,,,-0.73,0.5,0.11,-0.67,0.29,0.16,,-0.27,0.12,-0.12,,0.84,-0.37,0.45,,0.26,60832,,,4.5,22074,1814001,-0.8,
13031,"Bulloch, GA",2005,0.22,0.02,-0.03,0.19,1.2,1.34,-0.53,0.91,0.91,0.11,0.36,1.2,-0.13,-0.04,4.92,0.26,0.07,0.42,0.64,-0.01,0.12,63048,,,4.6,23364,1919800,5.8,
13031,"Bulloch, GA",2006,0.27,-0.01,0.04,0.08,-0.48,-1.42,0.07,0.71,0.12,-0.44,0.14,-0.48,-0.18,0.07,-0.91,,-0.28,0.09,-0.05,,,64304,,,4.3,23643,1904596,-0.8,
13031,"Bulloch, GA",2007,-0.14,-0.01,0.03,-0.01,-1.22,0.81,0.7,0.22,0.1,0.24,0.09,-1.22,0.03,0.11,2.82,,2.07,-0.33,0.16,,,65768,,,4.3,25287,1960327,2.9,
13031,"Bulloch, GA",2008,-0.11,0.02,0.0,-0.02,-0.67,-0.69,0.36,1.26,-0.57,0.33,-0.27,-0.67,-0.24,-0.11,-1.07,,-0.73,0.22,-0.44,,,67092,,,6.2,26168,1928263,-1.6,
13031,"Bulloch, GA",2009,0.03,0.0,0.02,,,-0.93,-1.79,1.17,0.84,0.68,-0.26,,-0.09,-0.13,-1.69,0.1,0.29,-0.44,-0.28,,-0.41,68598,,,9.4,25750,1911842,-0.9,
13031,"Bulloch, GA",2010,-0.06,0.07,-0.01,0.44,0.75,-0.2,0.8,-0.76,0.84,-0.04,-0.25,0.75,0.03,-0.02,2.64,0.28,1.88,0.08,0.12,-0.05,0.01,70560,35153.0,35407.0,10.0,26220,1978305,3.5,25.2
13031,"Bulloch, GA",2011,0.13,0.12,-0.06,0.58,,-0.03,-0.42,-0.21,0.44,-0.02,-0.03,,0.01,-0.04,-0.26,0.54,0.11,-0.18,0.13,,-0.02,72642,36176.0,36466.0,10.3,26533,1981762,0.2,26.3
13031,"Bulloch, GA",2012,0.05,-0.02,-0.03,0.17,,-0.3,-0.46,-0.01,0.59,0.07,0.42,,-0.27,-0.04,3.98,0.22,4.85,0.09,0.13,,0.13,73114,36197.0,36917.0,9.6,26511,2072406,4.6,26.9
13031,"Bulloch, GA",2013,-0.02,-0.06,-0.02,0.8,-0.34,-1.21,,-0.02,0.29,0.42,0.33,-0.34,,-0.01,2.33,0.87,-0.09,0.32,0.73,0.02,0.23,71830,35394.0,36436.0,8.6,27738,2126826,2.6,27.7
13031,"Bulloch, GA",2014,0.48,0.02,0.01,0.05,-1.18,0.01,,0.35,0.56,0.19,0.26,-1.18,,0.1,1.41,0.13,-0.22,0.45,0.19,-0.03,0.11,72667,35714.0,36953.0,7.4,28418,2168726,2.0,28.0
13031,"Bulloch, GA",2015,0.34,-0.03,-0.01,0.29,0.24,0.48,0.98,-0.31,0.09,0.65,0.22,0.24,0.0,0.13,3.72,0.45,0.06,0.45,0.09,0.07,-0.11,73137,35973.0,37164.0,6.1,29752,2251213,3.8,29.0
13031,"Bulloch, GA",2016,-0.08,0.01,0.02,0.11,,0.16,0.79,-0.53,-0.02,0.64,0.13,,0.09,0.03,3.37,0.28,0.65,0.62,0.22,,0.12,74660,36723.0,37937.0,5.8,30212,2326507,3.3,28.2
13031,"Bulloch, GA",2017,-0.16,-0.01,-0.01,0.73,0.08,0.32,1.51,-0.41,0.37,0.43,-0.11,0.08,0.23,0.06,3.89,,0.65,0.35,0.3,,,76046,37358.0,38688.0,5.1,31041,2425611,4.3,27.9
13031,"Bulloch, GA",2018,-0.04,0.01,0.0,0.35,-0.39,0.54,-0.34,-0.25,0.36,-0.33,-0.02,-0.4,0.01,0.06,0.49,0.45,0.86,0.23,-0.19,-0.02,-0.08,77332,37954.0,39378.0,4.3,32023,2446279,0.9,27.4
13031,"Bulloch, GA",2019,0.01,-0.04,-0.01,0.17,0.55,0.52,1.66,0.16,-0.25,0.58,0.13,0.55,-0.01,0.05,3.96,,0.63,0.2,-0.48,,,79718,39102.0,40616.0,4.0,32764,2537143,3.7,27.0
13031,"Bulloch, GA",2020,-0.64,0.18000000000000002,-0.03,-0.43,-0.22,0.56,-0.91,0.27,-1.47,-0.19,-0.03,-0.21,0.06,-0.11,-3.47,-0.54,-1.85,-0.2,0.11,-0.01,-0.12,79918,39280.0,40638.0,6.7,35903,2411794,-4.9,27.6
13031,"Bulloch, GA",2021,0.57,0.14,0.07,0.73,0.19,-0.34,1.06,-0.04,-0.08,0.66,0.1,0.19,0.25,0.0,6.58,1.02,2.36,0.03,0.65,-0.04,-0.12,80682,39452.0,41230.0,4.2,39216,2568367,6.5,28.3
13031,"Bulloch, GA",2022,0.62,0.0,-0.03,0.81,0.02,0.07,0.89,0.09,1.01,0.57,0.21,,0.0,0.16,5.07,0.97,,-0.24,-0.01,,-0.1,83027,40577.0,42450.0,3.6,39523,2724506,6.1,29.6
13031,"Bulloch, GA",2023,-0.06,0.03,0.01,0.29,-0.51,0.06,-0.79,-0.27,0.16,0.59,-0.15,,-0.13,-0.13,0.42,0.69,,0.99,-0.23,0.07,,84332,41226.0,43106.0,3.5,40939,2740304,0.6,30.8
13033,"Burke, GA",2002,0.0,0.01,,-0.15,-0.9,-0.67,-0.06,0.03,-0.05,,0.12,-0.9,0.08,0.05,-11.46,,0.11,0.11,,-0.23,0.34,22626,,,6.8,19404,1202400,-11.5,
13033,"Burke, GA",2003,0.02,0.0,0.0,-0.1,2.43,-0.15,-1.39,-0.37,0.52,0.14,0.01,2.43,-0.11,0.02,9.98,-0.22,-0.12,0.02,0.06,0.26,0.3,22692,,,8.2,20712,1328697,10.5,
13033,"Burke, GA",2004,-0.03,0.01,0.01,-0.14,-0.96,0.0,-1.25,-0.2,0.1,0.19,0.02,-0.96,0.67,0.0,5.55,,-0.26,-0.18,,0.26,0.28,22867,,,6.8,21119,1403781,5.7,
13033,"Burke, GA",2005,0.0,-0.01,-0.01,-0.06,1.04,-0.32,-0.05,0.05,0.26,0.1,0.09,1.04,-0.32,-0.01,-6.72,,0.08,0.17,,-0.23,0.16,22939,,,7.5,22485,1313024,-6.5,
13033,"Burke, GA",2006,0.06,-0.02,,0.07,0.92,-0.05,-0.84,0.0,-0.3,0.11,0.39,0.92,-0.31,0.0,3.02,,0.16,0.21,,0.26,-0.27,22875,,,6.6,23689,1348724,2.7,
13033,"Burke, GA",2007,-0.04,0.0,,0.1,-0.48,0.14,-0.22,-0.01,-0.35,,0.35,-0.48,0.12,-0.04,-1.58,0.04,0.05,-0.2,,-0.23,-0.16,22972,,,7.8,24784,1322746,-1.9,
13033,"Burke, GA",2008,-0.02,0.0,0.02,-0.16,-0.84,0.05,-0.17,0.17,-0.27,-0.27,-0.14,-0.83,-0.32,0.0,5.88,-0.11,0.63,0.11,-0.22,0.26,0.17,23084,,,8.9,25958,1396930,5.6,
13033,"Burke, GA",2009,,,,0.01,-0.01,0.16,0.79,0.35,0.57,0.26,-0.27,-0.02,-0.38,0.0,7.68,0.13,-0.06,-0.12,-0.02,0.26,-0.19,23117,,,11.9,26520,1512153,8.2,
13033,"Burke, GA",2010,0.05,0.05,0.0,0.14,-0.5,0.42,0.44,-0.08,0.41,0.09,-0.51,-0.5,-0.4,0.09,8.8,1.41,0.09,-0.01,0.0,0.26,0.3,23343,11185.0,12158.0,12.0,27766,1651481,9.2,9.1
13033,"Burke, GA",2011,0.04,-0.01,0.0,0.05,0.25,-0.19,0.68,0.03,-0.07,-0.16,-0.1,0.25,-0.06,-0.03,14.71,1.98,0.51,0.05,0.07,0.26,0.56,23513,11385.0,12128.0,12.4,29378,1893252,14.6,9.1
13033,"Burke, GA",2012,0.03,-0.02,0.0,-0.01,0.24,0.11,0.46,0.09,0.09,-0.15,-0.06,0.24,-0.01,-0.04,8.76,1.98,-0.21,0.09,0.05,0.26,0.61,23054,11137.0,11917.0,12.1,28341,2060731,8.8,9.4
13033,"Burke, GA",2013,,,,-0.04,1.55,-0.17,,0.0,0.19,,-0.02,1.55,,-0.04,2.24,0.92,0.51,0.11,,-0.23,0.49,22832,10937.0,11895.0,11.9,28801,2110696,2.4,9.9
13033,"Burke, GA",2014,-0.01,0.0,,,-0.78,-0.03,-0.32,0.0,-0.32,,-0.01,-0.78,0.22,0.05,-2.21,,-0.36,0.07,,-0.23,0.75,22629,10840.0,11789.0,10.1,30092,2057300,-2.5,10.0
13033,"Burke, GA",2015,0.01,0.0,,-0.12,-0.04,-0.05,0.38,-0.12,-0.07,0.01,0.01,-0.04,0.06,0.02,7.39,,0.32,0.02,,0.26,0.78,22644,10823.0,11821.0,8.2,31592,2207821,7.3,9.6
13033,"Burke, GA",2016,0.19,0.0,,-0.04,0.36,0.12,-0.52,-0.03,-0.15,,0.01,0.36,-0.03,-0.03,14.89,1.98,0.09,0.08,,0.26,-0.08,22638,10835.0,11803.0,7.1,31536,2533317,14.7,10.4
13033,"Burke, GA",2017,,,,0.04,-0.84,3.26,0.0,-0.17,0.06,-0.03,-0.02,-0.84,-0.03,0.0,3.78,1.64,-0.21,0.01,,-0.23,0.25,22553,10748.0,11805.0,6.5,32382,2630616,3.8,11.7
13033,"Burke, GA",2018,,,,0.04,,,-0.62,-0.05,0.23,,0.0,,-0.27,-0.06,0.64,-1.66,0.0,0.22,,-0.23,0.35,22501,10699.0,11802.0,5.5,32799,2653685,0.9,12.6
13033,"Burke, GA",2019,,,,0.03,,,-0.09,0.02,0.09,-0.02,-0.03,,-0.02,-0.02,12.83,-0.64,0.27,0.12,,0.26,0.45,22497,10671.0,11826.0,4.8,35552,2996614,12.9,13.2
13033,"Burke, GA",2020,-0.05,0.0,,0.15,,,-0.02,0.03,-0.25,,-0.01,,0.01,-0.02,5.42,0.15,0.35,0.02,,0.26,-0.16,24640,11780.0,12860.0,6.3,39284,3151465,5.2,14.5
13033,"Burke, GA",2021,0.07,,,0.42,,,0.08,0.09,0.1,,0.0,,0.01,0.04,-5.27,1.07,-0.48,0.06,,-0.23,-1.03,24372,11666.0,12706.0,5.2,41819,2988572,-5.2,15.1
13033,"Burke, GA",2022,0.01,0.0,,0.01,0.03,-3.25,-0.19,-0.02,0.01,,0.01,0.04,0.05,-0.01,-5.24,1.4,,-0.07,-0.01,0.26,-0.1,24433,11624.0,12809.0,4.8,42364,2832333,-5.2,14.7
13033,"Burke, GA",2023,-0.01,0.0,,,0.02,-3.25,-0.07,-0.12,0.05,,0.02,0.01,0.04,-0.04,-2.96,0.41,,0.17,,0.26,-0.15,24431,11611.0,12820.0,5.1,42661,2749854,-2.9,14.3
13035,"Butts, GA",2002,-0.7000000000000002,,,,-0.32,1.05,-0.15,0.56,0.52,,,-0.32,0.12,0.13,2.18,,-0.17,0.18,0.65,0.19,0.61,20993,,,5.5,23068,519769,2.7,
13035,"Butts, GA",2003,,,,0.06,0.34,-0.03,0.09,-0.7,-0.15,0.44,-0.03,0.34,-1.93,0.15,1.79,0.01,0.6,1.34,0.76,0.08,0.69,21540,,,5.2,23805,528332,1.6,
13035,"Butts, GA",2004,0.2,0.02,,0.64,0.18,-0.3,0.97,0.35,0.04,0.02,-0.05,0.18,1.07,-0.02,5.14,0.74,-0.05,1.3,0.09,0.17,,21706,,,5.5,23929,555710,5.2,
13035,"Butts, GA",2005,0.09,0.0,0.02,0.11,0.27,-0.81,0.06,1.34,0.29,-0.23,0.01,0.27,1.25,0.41,2.57,0.17,0.67,0.43,,0.02,,22055,,,6.0,24900,571601,2.9,
13035,"Butts, GA",2006,0.08,-0.04,0.03,-0.11,0.51,-0.07,-0.25,0.36,0.06,0.14,0.03,0.51,-0.21,0.02,-0.44,-0.08,-2.8,1.89,,0.08,,22669,,,5.3,25198,569401,-0.4,
13035,"Butts, GA",2007,-0.11,0.07,0.0,0.2,-0.31,0.04,-1.13,0.53,-0.2,0.19,-0.1,-0.31,-0.34,-0.3,1.69,0.22,2.92,0.2,,0.05,,23184,,,5.2,26240,577881,1.5,
13035,"Butts, GA",2008,-0.1,0.04,0.0,0.17,-0.46,-1.21,,-0.04,0.5,-0.13,0.01,-0.46,,-0.07,-5.81,0.1,0.77,-1.25,-0.26,0.14,-0.6,23794,,,7.7,25999,547148,-5.3,
13035,"Butts, GA",2009,-0.24,0.04,,0.16,,,,-0.48,0.35,,,,,-0.09,-5.95,0.07,-0.42,-0.93,-0.39,-0.17,-1.33,23682,,,12.0,25444,516502,-5.6,
13035,"Butts, GA",2010,0.08,0.1,,0.78,-0.19,-0.54,,-1.43,0.8,,,-0.19,,-0.5,1.85,1.06,0.89,-0.09,1.01,-0.05,,23776,12585.0,11191.0,11.3,25361,530183,2.6,9.1
13035,"Butts, GA",2011,-0.02,0.09,-0.01,0.27,,,-0.27,-0.58,0.08,-0.03,0.06,,-0.22,-0.06,0.45,,1.42,0.15,,0.18,-0.3,23603,12515.0,11088.0,11.1,26452,532956,0.5,8.1
13035,"Butts, GA",2012,0.1,0.04,0.0,0.29,0.1,-0.31,-0.27,0.15,0.71,-0.15,0.03,0.1,-0.76,-0.12,-0.71,0.36,1.22,0.46,-0.08,0.04,-1.53,23431,12445.0,10986.0,10.1,26685,532943,0.0,9.0
13035,"Butts, GA",2013,0.1,0.0,-0.03,0.14,-0.17,0.22,0.73,-0.38,-1.29,0.16,,-0.17,0.81,0.01,5.15,,0.14,1.43,1.19,0.13,,23216,12377.0,10839.0,9.2,27803,553526,3.9,8.4
13035,"Butts, GA",2014,0.16,0.17,,-0.1,,,1.53,0.07,-0.41,,0.03,,1.59,0.06,3.47,-0.16,-1.4,0.1,-0.49,0.06,0.72,23337,12339.0,10998.0,7.5,28552,570513,3.1,9.7
13035,"Butts, GA",2015,0.01,0.0,-0.01,-0.93,,,1.01,-0.36,-0.05,0.29,,,-2.16,-0.03,-0.32,,-0.12,0.34,0.8,0.04,,23516,12518.0,10998.0,6.7,30236,568379,-0.4,10.1
13035,"Butts, GA",2016,0.06,0.15,,-0.42,,,1.3,-0.74,-0.25,,,,1.4,0.02,4.86,,1.52,0.31,-0.97,0.26,-0.02,23738,12629.0,11109.0,6.0,30874,594576,4.6,10.2
13035,"Butts, GA",2017,0.33,-0.08,,-0.15,,,-1.33,-0.04,0.53,,,,2.17,0.11,5.61,,-0.88,0.57,1.35,0.12,0.09,24064,12749.0,11315.0,5.1,32435,631077,6.1,10.5
13035,"Butts, GA",2018,0.53,0.18000000000000002,,0.19,-0.14,-2.26,0.44,-0.4,-0.02,,0.03,-0.14,0.03,0.12,2.28,0.29,0.28,0.49,1.35,-0.23,0.07,24172,12797.0,11375.0,4.3,33956,645324,2.3,11.4
13035,"Butts, GA",2019,0.23,0.03,,-0.07,,,,0.52,-0.22,,0.1,,,0.06,4.59,0.13,1.59,0.2,0.3,-0.1,0.43,24917,13197.0,11720.0,3.7,35365,673541,4.4,12.2
13035,"Butts, GA",2020,-0.35,-0.17,0.0,-0.26,,,,0.12,-1.1,-0.04,-0.15,,,-0.16,2.33,-0.65,-2.62,1.04,1.35,0.26,0.87,25554,13592.0,11962.0,6.5,37357,681868,1.2,11.1
13035,"Butts, GA",2021,0.37,0.05,,0.95,0.01,-0.31,0.47,-0.26,-0.18,,,0.01,0.28,0.08,6.3,,0.95,2.0,1.35,-0.19,,26177,14036.0,12141.0,3.8,41345,723621,6.1,12.2
13035,"Butts, GA",2022,0.5,0.18000000000000002,0.0,1.12,-0.34,3.05,-0.2,0.02,0.09,0.42,,-0.34,0.36,0.33,5.38,1.48,0.24,1.16,-0.8,-0.05,,26745,14389.0,12356.0,3.0,41896,763218,5.5,13.1
13035,"Butts, GA",2023,0.09,0.04,,-0.67,0.27,0.21,-1.43,-0.15,0.69,,,0.27,-0.7,0.54,-0.58,-0.77,0.21,1.32,-0.88,0.22,,26875,14321.0,12554.0,3.1,44514,764005,0.1,13.9
13037,"Calhoun, GA",2002,-0.26,0.06,,-0.98,4.29,0.37,0.12,0.06,0.51,,0.18,4.79,-1.72,,2.81,,-0.71,-0.27,-0.05,0.16,0.11,6359,,,7.0,19515,166760,3.3,
13037,"Calhoun, GA",2003,0.1,-0.17,0.0,,-1.35,,,0.09,0.32,0.05,-0.47,-1.35,,0.09,-5.77,-0.05,-0.16,0.1,0.08,-0.23,0.15,6286,,,6.5,19447,157666,-5.5,
13037,"Calhoun, GA",2004,-0.01,,-0.01,,-4.32,0.47,,-0.42,-1.05,0.61,-0.5900000000000001,-4.869999999999999,,0.18,-7.79,,-0.46,0.05,0.09,-0.04,0.07,6306,,,5.9,19342,143720,-8.8,
13037,"Calhoun, GA",2005,,,-0.01,-0.01,4.29,0.25,-0.12,0.47,-1.99,-0.01,-0.05,4.79,-2.43,0.1,2.69,,-0.28,0.04,,-0.06,-0.41,6256,,,7.1,19816,144719,0.7,
13037,"Calhoun, GA",2006,0.06,,0.0,-0.02,0.97,-0.69,-0.63,,-0.26,0.12,0.01,0.97,-0.32,-0.12,-0.9,-0.24,,-0.11,,-0.01,0.42,6350,,,6.0,19349,143042,-1.2,
13037,"Calhoun, GA",2007,0.19,,-0.01,-0.03,4.29,,,1.84,0.37,-0.17,-0.03,4.79,-2.43,-0.22,6.79,,2.98,-0.29,-0.04,-0.02,0.17,6269,,,6.6,21397,153273,7.2,
13037,"Calhoun, GA",2008,0.18,0.0,0.04,0.0,,-0.47,,2.19,-0.98,0.36,0.0,,-1.32,0.03,0.16,0.02,-0.77,-0.31,-0.08,-0.01,0.78,6456,,,8.2,22085,152009,-0.8,
13037,"Calhoun, GA",2009,-0.04,0.0,0.08,0.08,,-0.53,,,-0.45,0.29,0.0,,-0.52,0.09,10.26,0.06,,0.15,-0.01,0.01,-0.65,6670,,,11.2,21296,166922,9.8,
13037,"Calhoun, GA",2010,0.05,0.07,,0.03,-4.32,0.1,0.01,-2.22,0.55,,0.01,-4.869999999999999,0.02,-0.18,-7.49,0.04,0.9,0.04,0.08,0.0,0.75,6697,3956.0,2741.0,8.6,21150,155346,-6.9,8.7
13037,"Calhoun, GA",2011,-0.02,,0.11,0.01,1.31,,,-0.64,-0.13,-0.23,0.01,1.31,-0.04,-0.36,0.9,,0.34,-0.42,0.16,-0.01,0.39,6625,3938.0,2687.0,8.2,22679,156536,0.8,9.3
13037,"Calhoun, GA",2012,-0.35,0.05,0.11,,-3.38,0.26,-0.02,,1.3,-0.26,0.0,-3.38,0.16,-0.09,-10.47,0.08,,-0.13,-0.02,-0.01,0.97,6568,3925.0,2643.0,7.7,23794,142175,-9.2,12.0
13037,"Calhoun, GA",2013,-0.1,,0.11,0.13,-3.49,-0.29,0.04,-1.82,-2.3699999999999997,0.18,0.03,-3.49,0.13,-0.16,-2.89,,1.24,0.22,0.21,0.0,0.25,6598,3941.0,2657.0,8.1,23061,124829,-12.2,11.5
13037,"Calhoun, GA",2014,-0.12,-0.01,0.11,0.05,-4.32,0.25,0.03,0.29,-0.43,0.8,-0.02,-4.869999999999999,0.14,-0.05,-17.39,0.41,-0.55,-0.05,-0.13,0.01,-0.35,6513,3886.0,2627.0,7.0,22424,102588,-17.8,9.4
13037,"Calhoun, GA",2015,-0.06,-0.09,0.0,-0.13,4.29,0.75,0.05,-0.37,0.04,1.32,-0.02,4.79,-0.25,-0.35,14.91,-0.41,0.41,0.26,0.29,-0.01,0.13,6536,3918.0,2618.0,6.3,23508,117924,14.9,9.9
13037,"Calhoun, GA",2016,-0.03,0.01,0.11,,4.29,0.71,-0.01,-0.58,-1.52,-0.22,-0.01,4.79,-0.09,-0.31,2.2,-0.31,-2.51,0.5,0.0,0.07,-0.95,6359,3817.0,2542.0,7.1,24908,118717,0.7,10.3
13037,"Calhoun, GA",2017,,,0.03,,0.16,1.85,-0.14,-0.67,0.49,-0.43,0.0,0.22,-0.22,0.15,3.52,,1.6,0.58,,-0.07,-1.0,6393,3862.0,2531.0,6.5,26170,123477,4.0,9.4
13037,"Calhoun, GA",2018,,0.0,0.09,0.05,-2.37,,,-0.26,-0.07,-0.47,0.0,-2.34,-0.03,,-5.51,0.1,-0.61,-0.38,0.15,0.0,0.39,6340,3830.0,2510.0,5.2,25866,116594,-5.6,9.4
13037,"Calhoun, GA",2019,,0.0,0.11,0.04,4.29,,,0.77,-1.1,-0.88,0.0,4.79,0.08,0.01,7.4,,,-0.39,-1.2399999999999998,0.0,1.44,6184,3744.0,2440.0,4.5,29130,123941,6.3,9.1
13037,"Calhoun, GA",2020,0.0,0.06,0.11,0.06,1.3,,0.04,-0.17,-2.3699999999999997,-0.78,0.03,1.36,,,2.23,0.3,,-0.36,0.9,0.0,-0.22,5574,3409.0,2165.0,6.6,31925,123167,-0.6,11.8
13037,"Calhoun, GA",2021,,0.05,0.11,-0.06,-1.96,,0.05,0.03,0.11,0.3,0.11,-1.81,,0.25,-1.93,,-2.41,-0.93,0.06,0.0,0.49,5543,3439.0,2104.0,5.1,35624,120930,-1.8,11.5
13037,"Calhoun, GA",2022,,-0.06,0.11,0.0,-4.32,0.08,0.0,-0.26,-0.56,1.08,0.24,-4.869999999999999,0.08,-0.01,-12.79,,,-0.32,-1.2399999999999998,0.0,-0.7,5471,3404.0,2067.0,3.9,34490,104790,-13.3,11.4
13037,"Calhoun, GA",2023,0.02,,-0.06,0.01,3.17,-0.05,0.0,0.03,0.48,0.2,0.14,3.18,0.01,,6.58,0.1,-0.11,0.58,,0.0,,5462,3398.0,2064.0,3.3,35593,112194,7.1,12.1
13039,"Camden, GA",2002,0.23,-0.1,-0.01,0.03,0.1,-0.02,1.03,0.3,0.51,0.28,-0.31,0.1,-0.25,0.12,2.37,0.16,0.55,0.33,-0.09,0.0,0.06,45299,,,4.5,23345,1888510,2.9,
13039,"Camden, GA",2003,0.36,0.06,-0.01,0.2,0.0,0.0,-0.67,-0.04,-0.09,0.16,-0.5900000000000001,0.0,-2.43,0.07,-6.26,,0.79,0.16,,,,44568,,,5.4,24613,1768564,-6.4,
13039,"Camden, GA",2004,-0.2,0.01,0.02,,0.03,0.54,0.56,0.13,-0.68,0.28,-0.5900000000000001,0.03,-0.49,-0.07,-0.85,,0.81,0.03,,0.07,0.12,46096,,,4.5,25023,1741597,-1.5,
13039,"Camden, GA",2005,0.12,0.01,0.01,,-0.02,-0.5,0.85,1.52,0.64,0.23,-0.5900000000000001,-0.02,-1.11,0.07,3.06,,1.19,0.33,,-0.01,0.69,46673,,,4.7,26352,1806105,3.7,
13039,"Camden, GA",2006,0.01,0.13,0.01,,0.09,-0.3,,0.38,-0.09,0.12,-0.5900000000000001,0.09,,-0.03,2.95,,1.0,0.27,,0.01,0.67,47086,,,4.1,27984,1857776,2.9,
13039,"Camden, GA",2007,-0.37,0.07,-0.01,-0.14,-0.04,0.91,,0.45,0.12,-0.04,-0.39,-0.03,,-0.07,2.06,0.3,1.19,-0.34,0.01,0.02,0.73,48947,,,4.0,28749,1898307,2.2,
13039,"Camden, GA",2008,-0.26,-0.04,0.01,0.09,,-0.47,-0.19,0.09,0.75,0.12,0.07,,-0.22,-0.17,-1.6,,-0.68,-0.04,0.0,0.07,0.03,49713,,,5.7,29295,1882155,-0.9,
13039,"Camden, GA",2009,-0.23,-0.03,0.01,-0.68,0.08,-0.49,0.27,0.79,-0.69,0.13,0.08,0.08,0.07,-0.12,-0.92,-1.19,0.75,-0.5,-0.02,-0.07,-0.44,50024,,,8.9,28970,1851857,-1.6,
13039,"Camden, GA",2010,-0.07,0.04,0.01,0.33,-0.02,-0.54,0.98,-0.54,0.88,0.01,0.01,-0.02,-0.01,0.02,0.34,-0.09,0.75,-0.1,0.01,0.0,-0.12,50680,25689.0,24991.0,9.8,29561,1874334,1.2,20.4
13039,"Camden, GA",2011,0.03,-0.04,0.11,0.01,0.01,-0.07,-0.33,0.53,-0.43,0.06,0.01,0.01,0.07,-0.09,-0.44,0.44,-0.94,-0.13,0.01,0.05,-0.29,50344,25571.0,24773.0,9.4,31158,1858126,-0.9,20.3
13039,"Camden, GA",2012,0.03,-0.02,0.03,-0.46,0.06,0.37,1.96,0.36,0.02,-0.06,-0.04,0.06,-0.08,0.04,2.25,-0.44,0.32,-0.01,-0.01,-0.04,-0.25,51402,26287.0,25115.0,8.4,31020,1900208,2.3,18.8
13039,"Camden, GA",2013,-0.04,0.04,-0.09999999999999999,0.05,-0.13,-0.49,,-0.46,-1.93,0.17,-0.05,-0.13,,-0.02,1.39,0.22,1.22,0.28,0.15,0.0,-0.27,51478,26431.0,25047.0,7.7,31041,1890004,-0.5,19.5
13039,"Camden, GA",2014,0.0,-0.05,-0.09999999999999999,0.14,,,1.37,-1.25,-0.37,0.07,-0.08,,-0.01,0.06,0.86,0.26,0.16,1.14,0.09,-0.23,-0.16,52000,26798.0,25202.0,6.6,32044,1899178,0.5,21.2
13039,"Camden, GA",2015,0.19,-0.06,-0.02,0.06,0.02,0.32,-1.9,-0.38,1.06,0.14,0.08,0.02,0.22,0.05,-0.47,-0.2,0.81,0.03,0.03,-0.01,0.21,52549,27310.0,25239.0,5.6,32852,1910397,0.6,21.1
13039,"Camden, GA",2016,-0.02,-0.08,-0.04,0.37,,,0.16,-0.53,2.32,0.04,-0.06,,0.26,0.0,0.45,0.54,-0.54,0.24,-0.07,0.01,-0.04,52602,27034.0,25568.0,5.6,34322,1981553,3.7,22.6
13039,"Camden, GA",2017,0.06,0.01,0.01,0.06,-0.03,0.39,-0.34,-0.1,0.15,0.07,-0.14,-0.03,-0.01,0.06,1.84,0.7,1.06,0.51,0.03,0.14,-0.57,53211,27282.0,25929.0,5.0,35589,2020856,2.0,23.6
13039,"Camden, GA",2018,0.15,0.02,0.01,0.37,,,-0.35,-0.32,-2.3699999999999997,-0.17,-0.02,,-0.16,0.0,0.14,-0.12,0.42,0.32,0.11,-0.06,-0.21,53816,27603.0,26213.0,4.1,36089,1904707,-5.7,24.5
13039,"Camden, GA",2019,0.14,0.0,0.0,-0.13,,,0.51,0.11,-1.36,0.28,0.0,,0.17,0.01,-0.41,0.02,-2.03,0.05,,,0.06,54784,28168.0,26616.0,3.6,36850,1871163,-1.8,23.9
13039,"Camden, GA",2020,-0.53,-0.02,-0.02,-0.07,,,-1.09,0.22,1.03,-0.67,-0.11,,-0.06,-0.09,-1.16,,0.22,0.16,,,-0.03,54929,28410.0,26519.0,4.7,39457,1868844,-0.1,22.5
13039,"Camden, GA",2021,0.61,0.03,0.03,,-0.02,0.17,-1.16,0.26,2.32,0.19,0.08,-0.02,0.09,0.04,0.28,,-0.73,0.16,,-0.03,-0.01,55796,28920.0,26876.0,3.1,43723,1920094,2.7,21.8
13039,"Camden, GA",2022,0.17,0.0,0.02,,0.0,0.08,0.17,0.06,-1.21,0.14,0.0,,-0.16,0.09,3.14,,,-0.39,-0.01,0.06,0.27,57036,29430.0,27606.0,3.0,44809,1957192,1.9,21.7
13039,"Camden, GA",2023,0.07,0.0,0.02,-0.15,0.04,-1.23,0.5,0.28,1.44,0.04,0.01,0.04,-0.11,-0.12,2.57,1.6,0.57,0.9,0.03,-0.01,-0.02,57991,29830.0,28161.0,3.1,46608,2035803,4.0,22.4
13043,"Candler, GA",2002,0.18,0.03,-0.09999999999999999,0.06,-2.27,1.38,-0.3,,1.14,1.5300000000000002,-0.14,-2.27,-0.1,0.19,1.89,0.41,,-0.06,-0.02,0.22,0.05,9772,,,4.6,21111,234032,3.0,
13043,"Candler, GA",2003,0.26,,,0.12,2.53,-0.56,0.19,-1.4,0.45,-1.09,-0.16,2.53,0.46,0.04,1.43,0.17,0.68,0.21,,0.12,-0.12,9937,,,4.4,21662,238437,1.9,
13043,"Candler, GA",2004,0.35,,-0.01,0.12,-0.18,1.97,-0.12,,-0.91,,-0.57,-0.18,0.83,0.03,2.4,-0.23,,0.15,0.81,0.21,0.06,10039,,,4.6,22796,241988,1.5,
13043,"Candler, GA",2005,0.17,-0.05,-0.02,0.16,4.07,0.27,-0.28,,-0.45,-1.2700000000000002,0.67,4.07,-0.27,-0.16,3.33,-0.27,,0.33,-1.2399999999999998,-0.14,0.39,10158,,,4.8,23293,248967,2.9,
13043,"Candler, GA",2006,0.21,-0.05,0.0,-0.07,1.59,-0.55,0.25,0.4,-0.31,0.22,0.67,1.59,0.02,0.0,2.17,-0.27,-1.32,0.35,0.08,0.01,0.33,10388,,,4.2,23642,253588,1.9,
13043,"Candler, GA",2007,-0.2,0.02,0.01,-0.38,-0.94,-0.09,0.29,0.64,-0.79,-0.52,0.67,-0.94,-0.43,-0.3,0.91,-0.63,1.57,-0.24,0.64,0.06,0.09,10586,,,4.4,24586,253879,0.1,
13043,"Candler, GA",2008,-0.25,-0.02,0.01,0.03,-1.54,-0.77,-0.15,0.42,-0.23,-1.2700000000000002,0.37,-1.54,0.55,-0.15,-3.37,0.21,0.42,0.2,-1.2399999999999998,0.12,0.41,10691,,,6.4,25145,244754,-3.6,
13043,"Candler, GA",2009,-0.16,0.01,0.02,0.16,1.81,-0.73,-0.35,,0.64,-0.29,0.67,1.81,-0.72,-0.07,4.52,0.14,,0.04,-0.45,-0.18,0.67,10880,,,9.3,25009,257379,5.2,
13043,"Candler, GA",2010,0.39,0.06,0.03,0.73,-3.08,0.99,0.05,,0.49,-0.06,0.29,-3.08,0.36,0.03,2.61,0.79,,0.37,-0.48,0.05,1.07,11013,5448.0,5565.0,8.7,24891,265363,3.1,13.2
13043,"Candler, GA",2011,0.22,-0.01,-0.01,0.38,-2.19,-1.11,,0.47,0.03,-0.47,-0.5900000000000001,-2.19,,-0.12,-1.91,0.52,-0.21,0.01,0.72,0.2,0.99,11199,5526.0,5673.0,9.4,25832,260375,-1.9,15.4
13043,"Candler, GA",2012,0.39,,,0.03,-3.21,1.3,0.01,,0.31,,-0.11,-3.21,0.28,-0.12,-3.3,0.29,,-0.12,0.36,-0.18,0.5,11090,5478.0,5612.0,8.5,25882,252609,-3.0,15.1
13043,"Candler, GA",2013,0.14,-0.01,0.03,0.01,-1.29,-0.84,0.1,0.08,0.43,0.21,0.36,-1.29,-0.22,-0.09,-0.26,0.02,1.81,0.54,-0.81,0.16,-0.46,10950,5359.0,5591.0,8.1,26491,253039,0.2,14.6
13043,"Candler, GA",2014,0.28,-0.01,0.02,-0.61,0.78,-0.65,-0.17,-0.23,0.31,0.1,0.67,0.78,-0.43,0.12,-1.38,-0.5,-1.82,0.26,-0.4,-0.12,-0.33,10853,5347.0,5506.0,7.0,27103,250312,-1.1,15.1
13043,"Candler, GA",2015,0.22,-0.05,-0.04,-0.3,0.89,0.56,0.3,-0.48,-1.7,0.3,-0.59,0.89,-1.74,0.08,-0.07,-0.09,-0.61,0.66,0.9,0.26,-0.74,10864,5322.0,5542.0,5.8,27863,245888,-1.8,15.4
13043,"Candler, GA",2016,0.24,-0.03,0.0,-0.14,2.82,0.26,0.06,-0.84,-0.55,0.05,-0.5900000000000001,2.82,-0.57,-0.05,2.51,0.34,0.08,0.68,-0.12,0.26,-0.06,10837,5265.0,5572.0,5.6,28699,250717,2.0,14.2
13043,"Candler, GA",2017,0.44,0.0,-0.05,-0.01,0.18,-0.05,-0.04,-1.29,-0.02,0.53,-0.5900000000000001,0.18,0.03,-0.02,2.13,0.38,0.42,0.9,0.02,0.26,-0.07,10698,5238.0,5460.0,4.8,30863,256001,2.1,14.4
13043,"Candler, GA",2018,-0.11,,,-0.25,-0.84,-0.1,-0.04,-0.63,0.16,-0.65,0.13,-0.84,0.22,0.05,1.7,-0.06,0.11,1.07,0.28,-0.17,0.53,10813,5289.0,5524.0,4.1,31902,260772,1.9,14.1
13043,"Candler, GA",2019,-0.02,,0.11,0.12,-0.27,0.51,0.01,0.43,0.24,0.06,,-0.27,0.06,-0.1,5.44,0.63,,0.89,-0.52,0.26,-0.02,10835,5280.0,5555.0,3.6,33820,275609,5.7,13.0
13043,"Candler, GA",2020,-0.7000000000000002,-0.04,0.11,0.36,0.96,0.4,0.09,0.82,-0.14,-0.17,,0.96,-0.3,0.01,0.2,0.47,,0.48,,0.26,-0.43,11026,5430.0,5596.0,5.2,36555,275769,0.1,11.4
13043,"Candler, GA",2021,0.52,0.02,0.11,1.12,-1.35,0.34,2.5,-0.12,0.97,-0.11,0.47,-1.35,-0.01,0.22,4.75,1.98,-1.32,0.17,0.63,-0.23,0.06,10953,5327.0,5626.0,3.8,41100,291554,5.7,12.6
13043,"Candler, GA",2022,0.62,0.05,0.11,-0.09,-1.49,0.19,0.0,-1.04,0.65,0.06,,-1.49,0.23,0.61,-0.33,-0.08,,-0.62,,0.21,0.11,11000,5339.0,5661.0,3.2,41560,292491,0.3,12.2
13043,"Candler, GA",2023,,,-0.09999999999999999,-0.06,1.54,-1.02,-0.14,0.14,0.05,-0.01,0.02,1.54,-0.04,0.17,1.55,0.13,-0.38,1.61,0.19,0.06,-0.03,11106,5398.0,5708.0,3.3,42764,297197,1.6,13.6
13045,"Carroll, GA",2002,0.14,-0.04,-0.01,0.02,,0.24,-2.72,0.15,0.67,0.64,,,-0.69,0.09,0.42,-0.03,0.83,1.06,-0.15,,0.89,94087,,,5.3,24503,3012026,1.1,
13045,"Carroll, GA",2003,0.19,,0.01,0.27,,1.81,-0.28,-0.27,0.4,1.45,0.27,,-0.51,-0.1,5.27,0.07,1.06,0.47,0.35,,0.78,97396,,,5.2,25170,3182816,5.7,
13045,"Carroll, GA",2004,,0.0,0.0,0.43,,-0.65,-1.22,0.05,1.68,1.5300000000000002,0.39,,2.365,-0.07,5.57,0.34,-0.09,0.07,0.47,,0.97,99774,,,4.9,25652,3413500,7.2,
13045,"Carroll, GA",2005,,,-0.01,0.27,0.03,-0.33,-2.87,1.01,0.55,0.28,0.47,-0.02,0.71,-0.07,1.89,1.98,1.28,0.25,0.29,-0.03,0.62,102526,,,5.5,26954,3496652,2.4,
13045,"Carroll, GA",2006,0.13,-0.03,0.03,0.76,-0.86,0.81,0.09,0.56,0.21,-0.57,0.33,-0.85,1.11,0.04,3.51,1.04,0.13,0.4,0.28,-0.01,0.02,105853,,,4.9,28366,3626712,3.7,
13045,"Carroll, GA",2007,0.05,0.02,0.02,-0.32,0.35,-1.06,3.29,0.38,-0.07,-0.9,0.32,0.32,-0.86,-0.01,4.33,-0.67,0.66,-0.34,0.13,0.0,-0.17,108947,,,4.8,29497,3781473,4.3,
13045,"Carroll, GA",2008,-0.12,-0.02,0.01,-0.25,0.5,-0.94,3.29,0.31,-0.49,0.75,0.24,0.47,-1.48,-0.1,6.7,0.33,0.25,-0.17,0.27,-0.04,-0.24,110242,,,6.9,29995,4016545,6.2,
13045,"Carroll, GA",2009,-0.07,0.0,-0.01,-0.09,-0.05,-0.65,-2.87,0.63,-0.1,0.98,0.14,-0.08,-0.19,-0.16,-6.66,-0.4,0.6,-0.02,-0.73,-0.06,-0.76,110433,,,11.0,29412,3745146,-6.8,
13045,"Carroll, GA",2010,0.0,0.05,-0.04,0.22,-0.31,-0.04,0.68,-0.86,-0.29,-0.01,0.23,-0.3,-1.16,-0.02,-1.07,0.06,0.38,0.34,0.0,0.02,-0.4,110655,53836.0,56819.0,11.6,29272,3694228,-1.4,18.3
13045,"Carroll, GA",2011,0.05,-0.04,-0.02,0.65,-0.72,0.32,3.29,-0.27,-0.35,0.47,0.31,-0.77,-0.44,0.03,4.56,1.36,-0.51,0.28,0.6,0.07,-0.24,110733,53933.0,56800.0,11.2,31149,3849708,4.2,18.4
13045,"Carroll, GA",2012,0.26,0.01,0.0,0.38,1.27,0.22,3.29,0.14,-0.38,0.46,0.67,1.27,-1.61,0.02,5.08,0.5,-1.88,0.15,-0.23,0.0,0.04,111428,54310.0,57118.0,10.1,32031,4030447,4.7,18.8
13045,"Carroll, GA",2013,0.16,0.01,-0.01,0.37,0.14,-0.74,-0.29,-0.22,-0.66,0.29,0.67,0.14,-1.07,-0.02,0.58,0.29,0.53,0.23,-0.43,0.03,0.39,112290,54714.0,57576.0,9.6,32062,4027382,-0.1,18.3
13045,"Carroll, GA",2014,0.1,0.02,0.01,0.15,0.76,0.24,-1.09,-0.01,0.04,0.33,-0.5900000000000001,0.78,0.04,-0.03,-0.88,0.66,-0.63,0.06,-0.34,-0.02,0.24,113970,55691.0,58279.0,8.2,32984,3993469,-0.8,18.3
13045,"Carroll, GA",2015,0.12,-0.03,0.0,-0.46,0.38,0.27,1.97,-0.41,0.2,0.34,-0.28,0.38,0.68,0.08,3.35,-0.68,-0.14,0.34,0.45,0.04,0.2,114501,55965.0,58536.0,6.8,34840,4135018,3.5,17.9
13045,"Carroll, GA",2016,0.01,0.0,0.01,-0.16,-0.43,0.51,3.29,-0.57,-0.01,0.88,-0.16,-0.43,0.67,0.06,5.36,0.09,0.3,-0.43,-0.01,0.08,-0.1,116180,56681.0,59499.0,5.8,36175,4356140,5.3,18.2
13045,"Carroll, GA",2017,0.08,0.0,0.0,-0.16,0.2,-0.06,-0.79,1.08,0.57,0.05,-0.19,0.23,-0.06,-0.06,0.17,,-0.13,0.11,,-0.14,0.03,117437,57221.0,60216.0,4.9,37528,4388113,0.7,19.6
13045,"Carroll, GA",2018,0.09,0.0,0.0,0.02,0.14,0.55,2.91,0.1,0.32,0.47,-0.08,0.14,-0.3,0.02,5.38,0.44,0.24,0.29,0.17,0.01,0.34,118094,57605.0,60489.0,3.9,38899,4638263,5.7,20.6
13045,"Carroll, GA",2019,0.09,0.01,0.0,-0.15,-0.72,0.43,1.0,-0.98,0.0,0.51,0.67,-0.71,-1.18,-0.02,2.73,,2.66,0.15,,0.0,-0.08,120115,58440.0,61675.0,3.5,40688,4765031,2.7,21.1
13045,"Carroll, GA",2020,-0.49,-0.03,-0.01,0.29,-0.85,0.91,3.29,0.26,-0.65,0.51,0.26,-0.81,-0.52,-0.1,18.84,0.4,-2.48,0.21,-0.65,0.04,0.37,119487,58391.0,61096.0,6.2,44587,5631810,18.2,22.1
13045,"Carroll, GA",2021,0.45,0.06,0.11,0.26,0.59,0.61,-2.87,-0.04,-0.06,1.2,0.24,0.6,0.14,0.1,-0.39,,1.12,-0.05,,-0.06,0.14,121592,59269.0,62323.0,3.5,49186,5606404,-0.5,21.5
13045,"Carroll, GA",2022,0.2,0.01,-0.04,0.2,0.88,-0.2,3.29,-0.31,0.41,0.76,0.19,0.87,0.23,0.01,10.85,,,-0.19,,-0.03,-0.22,124564,60872.0,63692.0,3.0,49914,6237994,11.3,21.2
13045,"Carroll, GA",2023,0.01,0.02,0.0,0.4,-0.68,0.32,3.29,0.14,-0.03,0.87,0.31,-0.69,0.09,-0.07,8.19,0.54,0.08,0.62,-0.02,0.01,-0.05,127293,62013.0,65280.0,3.2,51798,6746661,8.2,22.4
13047,"Catoosa, GA",2002,0.26,,0.0,0.13,,-0.45,-0.12,0.45,0.47,0.0,0.35,,1.71,0.19,-0.8,0.25,0.51,0.8,-1.2399999999999998,,-0.07,56024,,,3.4,23919,1338513,-0.3,
13047,"Catoosa, GA",2003,0.06,-0.01,-0.01,0.4,-0.31,1.49,-0.36,-0.89,0.53,0.88,0.02,-0.41,0.11,0.06,3.29,0.8,0.65,0.6,-0.53,0.01,0.8,57614,,,3.3,24430,1389708,3.8,
13047,"Catoosa, GA",2004,0.14,0.01,0.0,0.33,0.14,1.14,-0.71,-0.02,-0.21,1.45,-0.02,0.05,1.76,0.24,7.19,0.53,0.22,-0.15,1.35,0.04,0.61,58866,,,3.5,24710,1486723,7.0,
13047,"Catoosa, GA",2005,0.21,0.04,0.0,0.47,,-1.62,-0.53,0.62,0.91,-0.31,-0.1,,0.73,0.19,1.57,,0.9,0.42,-0.29,,,59745,,,4.3,25683,1523689,2.5,
13047,"Catoosa, GA",2006,0.13,-0.06,0.0,0.0,0.14,-0.22,-0.1,0.11,0.65,0.4,-0.02,0.14,-0.58,0.1,-1.99,0.06,-1.54,0.59,-1.14,0.01,0.12,61095,,,3.8,26647,1503296,-1.3,
13047,"Catoosa, GA",2007,-0.07,0.03,0.01,-0.51,-0.6,-0.52,0.63,0.09,0.12,-1.2700000000000002,-0.1,-0.6,0.39,-0.38,-1.33,-0.61,2.03,-0.37,0.86,-0.03,-0.37,62539,,,3.6,27335,1485143,-1.2,
13047,"Catoosa, GA",2008,-0.18,0.02,-0.01,,0.53,-1.25,0.47,0.05,-0.59,1.01,-0.03,0.53,-1.04,-0.43,-1.25,,-0.09,-0.05,-0.2,0.03,,63271,,,5.2,28168,1457824,-1.8,
13047,"Catoosa, GA",2009,-0.25,0.0,0.0,,0.61,-0.12,-1.38,0.83,0.37,-0.5,-0.01,0.61,-1.71,-0.17,-2.43,,3.18,-0.52,-1.01,-0.04,,63874,,,8.4,27447,1427818,-2.1,
13047,"Catoosa, GA",2010,0.08,0.1,0.03,,,1.42,0.36,-0.88,0.36,-0.81,-0.18,,-1.88,0.32,-0.73,,0.7,0.22,0.44,,,64073,31065.0,33008.0,8.5,28255,1422562,-0.4,17.3
13047,"Catoosa, GA",2011,-0.09,-0.04,-0.01,0.04,,0.16,-0.05,0.29,0.11,-0.54,-0.06,,-0.25,-0.11,-1.54,-0.19,-0.31,0.24,0.0,,-0.01,64771,31418.0,33353.0,8.0,29251,1402186,-1.4,17.8
13047,"Catoosa, GA",2012,0.05,-0.04,0.0,,,0.59,0.47,0.15,-0.09,-0.08,-0.03,,-0.54,0.0,1.69,,-0.13,0.33,-0.28,,,64893,31492.0,33401.0,7.3,30043,1424656,1.6,17.8
13047,"Catoosa, GA",2013,0.19,-0.02,-0.02,,-0.49,-1.28,0.34,-0.21,-0.41,0.28,0.11,-0.49,-0.11,-0.26,0.14,,0.43,0.75,-0.14,0.02,,65258,31747.0,33511.0,6.7,30050,1420884,-0.3,17.5
13047,"Catoosa, GA",2014,0.35,0.08,0.0,-0.08,0.36,0.01,-0.69,0.32,-0.34,-0.39,0.16,0.36,-0.13,0.08,-1.76,0.0,-2.53,0.52,-0.25,-0.01,0.36,65516,31820.0,33696.0,6.2,31062,1391089,-2.1,18.5
13047,"Catoosa, GA",2015,0.39,-0.05,0.0,,0.02,0.62,-0.18,-1.02,-0.04,-0.47,0.38,0.02,0.43,0.05,1.55,-0.02,0.67,1.02,,-0.01,,65841,31940.0,33901.0,5.3,32154,1412062,1.5,18.6
13047,"Catoosa, GA",2016,0.27,-0.06,0.01,,-0.4,0.03,-0.23,-0.36,-0.31,-1.2700000000000002,0.37,-0.41,0.55,0.12,-0.06,-0.01,1.45,1.24,,0.03,,66350,32213.0,34137.0,5.0,32568,1406747,-0.4,19.7
13047,"Catoosa, GA",2017,0.48,-0.04,-0.01,,0.09,0.12,0.38,-0.33,0.38,0.81,0.67,0.1,0.83,0.0,4.42,,1.02,0.52,0.07,-0.02,,66570,32277.0,34293.0,4.3,33777,1474298,4.8,20.3
13047,"Catoosa, GA",2018,0.07,0.01,0.01,0.05,0.04,0.28,-0.65,0.16,0.14,-0.21,0.02,0.16,0.36,0.19,2.52,0.05,0.87,1.11,-0.27,0.02,0.34,67402,32661.0,34741.0,3.5,34814,1513524,2.7,20.8
13047,"Catoosa, GA",2019,-0.24,-0.02,0.01,,-0.27,0.38,-0.26,0.54,0.08,0.23,0.13,-0.26,-0.01,0.35,1.97,0.48,0.31,1.04,-1.15,0.01,0.41,67585,32787.0,34798.0,3.2,36066,1544483,2.0,21.4
13047,"Catoosa, GA",2020,-0.7000000000000002,-0.16,0.0,-0.13,-0.17,-0.01,0.73,0.21,-0.34,-0.37,-0.21,-0.06,0.25,-0.26,0.06,,1.47,0.07,-0.4,0.07,,68007,33133.0,34874.0,4.5,39048,1540070,-0.3,23.0
13047,"Catoosa, GA",2021,0.72,0.15,0.01,,0.2,1.06,0.17,0.45,0.29,0.16,0.67,0.21,0.69,-0.06,8.39,0.36,3.94,-0.59,0.32,-0.04,0.1,68446,33391.0,35055.0,2.8,42143,1673690,8.7,22.1
13047,"Catoosa, GA",2022,0.54,0.07,-0.01,0.14,0.19,0.24,0.08,-0.09,0.41,0.28,0.04,0.13,0.03,0.11,5.81,,4.34,-0.57,0.06,0.0,,68840,33600.0,35240.0,2.8,43876,1777714,6.2,23.2
13047,"Catoosa, GA",2023,-0.16,0.06,0.0,0.06,-0.08,-0.1,0.0,-0.65,-0.08,0.43,0.06,-0.08,-0.43,-0.17,1.2,,1.34,1.16,,0.11,,68935,33593.0,35342.0,2.7,45791,1797606,1.1,24.5
13049,"Charlton, GA",2002,,,0.0,0.01,0.94,-0.41,-0.1,0.6,1.4,1.17,,0.94,0.72,,4.56,0.02,0.55,0.36,0.28,0.2,-0.03,10910,,,4.9,16699,182292,6.0,
13049,"Charlton, GA",2003,,,0.0,1.12,0.58,1.54,1.77,1.65,0.51,-1.2700000000000002,,0.58,0.41,0.08,7.02,1.63,-0.08,0.32,0.21,-0.14,,11282,,,5.4,17123,196013,7.5,
13049,"Charlton, GA",2004,0.06,-0.1,0.0,0.3,0.55,-0.76,2.35,-2.22,0.05,-0.9,,0.55,1.32,0.07,-0.52,0.38,-0.17,-0.37,,0.0,,11378,,,4.9,18131,195109,-0.5,
13049,"Charlton, GA",2005,0.28,-0.03,0.0,,-0.23,-0.5,0.08,0.82,-0.24,-0.05,,-0.23,-0.5,,1.24,-0.2,0.19,1.11,0.28,-0.04,,11635,,,5.3,19113,197075,1.0,
13049,"Charlton, GA",2006,0.27,-0.05,0.0,,0.83,-0.03,-0.89,0.49,-1.5,-0.13,0.09,0.83,0.44,,5.24,1.43,1.51,0.28,,0.03,,12089,,,4.5,19620,204442,3.7,
13049,"Charlton, GA",2007,-0.27,-0.03,-0.01,0.07,0.12,1.93,-0.38,0.14,-0.66,0.29,,0.12,0.7,,3.14,0.1,0.55,-0.43,1.0,-0.01,,12056,,,4.8,21103,209513,2.5,
13049,"Charlton, GA",2008,-0.36,0.02,0.0,1.12,-0.23,-0.24,-1.39,,-0.35,-0.16,0.04,-0.23,-0.03,0.26,-2.35,1.98,,-1.43,,0.0,,12604,,,6.9,21075,203845,-2.7,
13049,"Charlton, GA",2009,-0.31,0.11,0.0,0.3,0.97,0.65,-2.87,1.24,1.11,0.01,-0.08,0.97,-0.09,-0.17,1.21,0.21,3.53,-0.57,-0.43,0.01,-0.11,12665,,,10.9,20871,208581,2.3,
13049,"Charlton, GA",2010,-0.08,0.07,0.0,0.42,0.73,-1.34,-0.46,-1.65,-1.2,-0.02,,1.0,-0.38,,-4.24,0.36,-1.47,0.13,,0.0,0.36,12850,7508.0,5342.0,10.5,20698,197223,-5.4,7.2
13049,"Charlton, GA",2011,0.21,-0.04,0.01,1.12,-0.69,-0.66,-0.19,-0.56,0.05,0.09,-0.02,-0.12,1.06,0.01,8.02,1.98,2.03,-0.61,-0.19,-0.01,-0.23,13452,8135.0,5317.0,10.4,20722,213143,8.1,8.7
13049,"Charlton, GA",2012,-0.36,0.0,-0.01,1.12,-0.05,-0.16,-0.29,0.1,-0.58,0.04,,-0.87,0.49,0.16,-2.52,,-2.14,-0.21,,-0.01,-0.36,13350,8096.0,5254.0,9.2,21061,206541,-3.1,9.9
13049,"Charlton, GA",2013,-0.19,-0.03,-0.01,-0.22,-1.5,0.06,,-0.08,-1.56,0.59,0.06,-1.29,,-0.06,3.12,-0.3,1.43,0.4,0.52,0.02,-0.68,13103,7853.0,5250.0,8.4,21768,209782,1.6,9.4
13049,"Charlton, GA",2014,-0.08,0.02,0.0,-0.29,-0.1,1.04,3.29,0.21,-2.3699999999999997,-0.47,0.0,0.49,0.16,0.15,6.31,-0.32,0.04,-0.08,-0.24,-0.01,0.17,13046,7828.0,5218.0,7.4,22132,217790,3.8,11.4
13049,"Charlton, GA",2015,,,0.0,-0.98,-0.3,0.82,3.29,-0.47,0.23,-0.45,0.05,-0.33,2.35,-0.19,6.8,-1.66,-0.52,0.13,0.17,0.0,0.27,13238,7953.0,5285.0,6.5,23092,233104,7.0,10.0
13049,"Charlton, GA",2016,-0.08,0.07,0.01,,-0.46,-0.36,0.87,-0.2,-0.07,-0.14,,-0.4,0.97,-0.03,-0.98,,-1.41,0.26,,0.04,0.23,12850,7525.0,5325.0,6.3,23973,230636,-1.1,9.0
13049,"Charlton, GA",2017,0.01,-0.01,0.0,,-0.23,-0.38,-2.87,-0.28,-0.14,-0.91,0.04,-0.16,-0.46,-0.04,-10.27,1.98,-0.1,0.57,0.55,-0.05,0.41,12779,7420.0,5359.0,5.6,25426,206639,-10.4,8.6
13049,"Charlton, GA",2018,,,-0.01,,0.01,0.04,-0.12,-0.22,-0.58,,,0.04,0.05,-0.01,-3.5,-1.66,0.0,0.39,-0.16,0.01,0.2,12826,7414.0,5412.0,4.8,25934,198209,-4.1,10.5
13049,"Charlton, GA",2019,-0.03,0.0,0.0,1.12,-0.48,-0.42,,-0.14,-0.06,,0.08,-0.18,,-0.14,-0.91,1.33,,0.26,-0.61,0.0,-0.4,13277,7797.0,5480.0,4.3,26602,196295,-1.0,8.8
13049,"Charlton, GA",2020,-0.25,-0.04,-0.01,,-0.01,-0.32,1.05,-0.16,-0.67,1.49,,0.34,0.92,-0.42,-0.09,-1.58,,0.28,-0.53,0.07,0.28,12533,7685.0,4848.0,4.3,28970,194800,-0.8,12.8
13049,"Charlton, GA",2021,0.26,0.08,0.0,,0.14,0.18,0.71,0.09,0.25,0.52,,0.16,2.365,,3.67,-1.66,0.65,0.25,0.28,0.01,-0.15,12827,7863.0,4964.0,3.5,31040,202424,3.9,12.1
13049,"Charlton, GA",2022,0.74,0.02,0.0,0.91,-0.4,0.26,0.41,-0.2,0.47,1.5300000000000002,0.0,-0.14,-1.51,,3.8,1.05,,-0.4,-0.34,0.02,-0.09,12781,7816.0,4965.0,3.5,31582,211078,4.3,12.1
13049,"Charlton, GA",2023,-0.27,0.05,0.0,1.12,-0.76,-0.14,0.41,-0.39,0.02,0.87,0.02,-0.97,-2.43,-0.11,-0.55,1.72,0.24,0.83,0.03,0.0,-0.07,12928,7855.0,5073.0,3.4,32717,209963,-0.5,11.4
13051,"Chatham, GA",2002,0.08,0.0,0.04,0.23,0.0,-0.53,0.87,0.14,0.19,0.02,0.17,0.02,-0.7,-0.05,1.29,0.59,0.1,0.4,0.01,-0.06,0.2,236510,,,4.3,29381,12690274,1.5,
13051,"Chatham, GA",2003,-0.01,-0.02,0.11,0.55,0.01,0.0,-1.37,-0.14,0.51,0.53,0.08,0.01,-0.77,-0.06,1.22,0.45,0.68,0.47,0.38,0.02,0.82,237348,,,4.3,30867,12909650,1.7,
13051,"Chatham, GA",2004,0.07,0.03,0.09,-0.15,0.0,0.69,1.0,0.16,0.09,0.66,0.28,0.0,0.02,-0.02,5.32,0.1,0.73,0.03,0.74,0.16,0.59,240818,,,4.2,32199,13608234,5.4,
13051,"Chatham, GA",2005,0.13,-0.01,0.07,0.53,0.01,-0.09,1.69,0.83,0.35,0.04,0.31,-0.02,-0.77,-0.02,5.14,0.47,0.73,0.34,0.63,-0.02,0.84,242242,,,4.5,33820,14354931,5.5,
13051,"Chatham, GA",2006,0.25,0.04,0.11,0.36,0.02,-0.49,1.73,0.09,0.53,0.36,0.24,0.02,-0.28,0.07,3.48,0.53,-0.4,0.04,0.26,0.08,0.85,246896,,,4.0,35744,14930978,4.0,
13051,"Chatham, GA",2007,-0.13,0.05,0.06,0.44,-0.03,0.14,0.47,-0.24,0.47,0.12,0.19,-0.05,0.38,0.07,2.14,0.37,0.83,-0.28,-0.21,-0.14,0.53,251981,,,4.0,37246,15320844,2.6,
13051,"Chatham, GA",2008,-0.12,0.03,0.11,-0.02,0.02,-1.33,,-0.02,0.37,0.26,-0.18,0.0,,-0.04,-1.87,0.19,0.32,-0.07,0.33,-0.13,-0.29,255269,,,5.8,38219,15091520,-1.5,
13051,"Chatham, GA",2009,-0.23,0.0,0.11,-0.12,0.04,-0.88,-1.14,1.08,0.48,0.42,-0.2,0.03,1.18,-0.23,-2.66,-0.57,0.07,-0.44,-0.51,-0.08,-1.43,262122,,,8.6,37226,14761987,-2.2,
13051,"Chatham, GA",2010,0.11,0.06,0.11,0.14,0.0,-0.38,,-0.46,-0.01,-0.02,-0.08,-0.02,,-0.11,1.92,0.13,0.4,0.28,0.19,0.11,0.1,265799,127997.0,137802.0,9.8,38432,15044817,1.9,29.0
13051,"Chatham, GA",2011,0.16,0.03,0.05,0.24,-0.01,0.11,1.31,0.04,0.12,0.23,0.02,-0.24,-0.99,-0.01,1.69,0.18,0.92,0.25,-0.18,0.03,-0.24,271665,131132.0,140533.0,9.9,40366,15316360,1.8,29.6
13051,"Chatham, GA",2012,0.11,0.05,0.06,0.12,0.0,0.13,2.23,0.8,-0.65,0.05,-0.05,0.0,-1.13,0.07,4.27,0.25,1.13,0.16,0.34,0.01,0.06,276243,133507.0,142736.0,9.1,40026,15872003,3.6,30.3
13051,"Chatham, GA",2013,0.16,-0.02,-0.01,0.15,-0.03,-0.25,,0.06,-0.54,0.21,0.08,-0.03,,0.01,1.48,0.25,-0.83,0.4,0.09,0.02,0.79,277790,133944.0,143846.0,8.2,39982,16020580,0.9,31.3
13051,"Chatham, GA",2014,0.47,0.03,0.02,0.13,-0.01,0.46,2.2,0.26,-0.27,-0.1,0.08,-0.01,0.14,0.1,5.35,0.32,0.4,0.25,0.19,-0.1,0.63,282396,136130.0,146266.0,7.4,41062,16835160,5.1,32.3
13051,"Chatham, GA",2015,0.23,0.0,-0.09999999999999999,-0.23,0.03,0.23,-0.42,-0.02,0.23,0.89,0.34,0.03,0.4,-0.26,1.97,-0.52,0.06,0.37,0.45,-0.05,0.37,286239,138139.0,148100.0,5.9,42520,17206387,2.2,32.6
13051,"Chatham, GA",2016,-0.04,-0.05,0.08,0.14,0.0,0.4,0.96,-0.27,0.12,0.23,-0.04,0.0,0.88,0.03,3.52,0.02,0.67,0.36,-0.07,-0.13,0.48,289055,139261.0,149794.0,5.1,42429,17832252,3.6,32.9
13051,"Chatham, GA",2017,0.02,0.01,-0.01,0.23,-0.01,0.2,0.86,-0.47,0.23,-0.08,0.1,0.0,-0.19,0.05,2.3,0.43,0.45,0.23,0.34,0.09,0.28,289771,139570.0,150201.0,4.4,44377,18282659,2.5,33.2
13051,"Chatham, GA",2018,0.17,0.02,0.09,0.36,0.02,0.28,-0.51,-0.41,-0.14,0.17,-0.08,0.02,-0.59,0.27,1.39,0.51,0.93,0.3,0.27,0.04,-0.08,289771,139275.0,150496.0,3.7,46066,18511808,1.3,33.2
13051,"Chatham, GA",2019,0.09,0.0,-0.07,0.17,-0.01,0.47,2.53,0.34,0.05,0.28,0.21,-0.01,-0.03,0.03,4.45,0.42,-0.16,0.25,0.07,0.0,0.04,290185,139487.0,150698.0,3.4,47050,19344038,4.5,33.6
13051,"Chatham, GA",2020,-0.7000000000000002,-0.11,-0.09999999999999999,-0.03,0.04,-0.04,-0.17,-0.01,-0.19,-0.3,-0.14,0.07,-0.32,-0.11,-1.27,-0.02,0.58,0.02,0.46,0.0,0.2,295076,142212.0,152864.0,7.5,51430,19060814,-1.5,34.4
13051,"Chatham, GA",2021,0.7700000000000001,0.08,-0.01,1.05,-0.02,0.53,0.34,0.08,0.5,0.41,0.12,-0.02,0.23,0.07,7.07,1.51,1.29,0.29,1.01,-0.06,0.14,295714,142158.0,153556.0,4.2,56536,20503954,7.6,35.5
13051,"Chatham, GA",2022,0.47,0.08,0.11,0.59,-0.02,-0.24,0.35,-0.38,-0.07,0.39,0.03,-0.04,0.11,0.22,2.3,0.96,0.05,-0.26,0.24,0.01,0.05,301512,144806.0,156706.0,3.1,56676,20961847,2.2,36.1
13051,"Chatham, GA",2023,0.09,0.01,0.11,-0.48,0.03,0.11,3.14,-0.04,-0.2,0.44,0.13,0.03,-0.04,-0.13,5.15,-0.29,0.66,0.7,0.05,0.06,0.1,304757,146333.0,158424.0,3.0,59376,21999121,4.9,36.8
13053,"Chattahoochee, GA",2002,0.07,-0.01,,0.11,0.02,,,-0.13,1.6,,,0.02,0.0,0.26,-1.85,0.16,0.1,-0.38,,0.0,-0.38,18043,,,8.7,18258,1248499,-0.2,
13053,"Chattahoochee, GA",2003,-0.7000000000000002,-0.01,0.06,0.46,-0.02,,,,2.32,0.3,,-0.02,-0.01,0.06,-0.2,0.54,,0.18,0.07,0.0,,15289,,,8.2,22865,1287687,3.1,
13053,"Chattahoochee, GA",2004,-0.2,-0.03,,0.17,-0.06,1.86,-0.01,-0.31,2.32,0.01,,-0.06,0.01,-0.12,1.58,0.83,0.09,-0.03,-0.15,0.0,,15515,,,9.0,23254,1354152,5.2,
13053,"Chattahoochee, GA",2005,,,0.0,,,,0.01,0.01,2.32,,,,0.01,-0.08,0.29,0.82,0.14,0.11,,0.0,,14096,,,10.5,27577,1498439,10.7,
13053,"Chattahoochee, GA",2006,-0.05,0.0,0.0,-0.98,,,0.23,0.05,2.32,,,,-0.01,-0.05,-0.79,-0.13,-0.01,-0.08,,0.0,-0.02,11828,,,9.7,33982,1565388,4.5,
13053,"Chattahoochee, GA",2007,-0.03,0.01,,-0.03,,,-0.01,0.04,-0.4,0.02,,,0.0,-0.01,-0.23,0.4,0.21,0.04,,0.0,,11965,,,9.5,29322,1555470,-0.6,
13053,"Chattahoochee, GA",2008,,,,,-0.05,,,,2.32,,,-0.05,-0.01,0.11,7.5,1.35,,,,0.0,,11624,,,12.5,34426,1861984,19.7,
13053,"Chattahoochee, GA",2009,0.0,0.0,,,,3.26,,0.04,2.32,,,,0.0,0.32,5.33,0.38,0.17,,0.06,0.0,0.0,11955,,,14.8,31959,2045282,9.8,
13053,"Chattahoochee, GA",2010,0.01,0.0,0.01,,,-0.7,,0.01,-0.2,-0.1,,,0.0,0.4,1.1,0.76,0.59,,,0.0,,11185,7035.0,4150.0,10.8,33889,2063747,0.9,31.5
13053,"Chattahoochee, GA",2011,,,,,,-1.78,,,2.32,,,,0.0,,-0.79,0.14,,0.01,,0.0,,11270,7263.0,4007.0,11.3,35485,2114926,2.5,28.4
13053,"Chattahoochee, GA",2012,-0.01,0.0,0.0,-0.01,,-1.28,,,0.58,-0.05,,,0.0,,-0.36,0.58,,0.02,,0.01,,12293,7959.0,4334.0,11.5,32572,2119501,0.2,28.1
13053,"Chattahoochee, GA",2013,,,,,,-3.25,,-0.19,-2.3699999999999997,,,,0.0,,-3.83,0.21,0.01,-0.06,,0.0,,12271,8099.0,4172.0,10.9,27742,1950744,-8.0,27.5
13053,"Chattahoochee, GA",2014,0.0,0.0,-0.02,,,-1.5,,,-2.3699999999999997,0.02,,,0.0,,-1.46,0.07,,-0.02,,0.0,0.0,11738,7866.0,3872.0,9.7,28199,1862543,-4.5,31.5
13053,"Chattahoochee, GA",2015,,,,0.82,,-0.19,,,2.29,,,,0.02,,-0.09,0.29,,-0.04,,0.01,0.0,11075,7480.0,3595.0,8.9,30550,1903606,2.2,25.7
13053,"Chattahoochee, GA",2016,0.0,0.0,0.03,,,-0.58,,,-2.3699999999999997,0.0,,,-0.01,-0.46,-1.44,-0.36,,-0.03,,0.19,,10065,6704.0,3361.0,11.7,32461,1754229,-7.8,30.1
13053,"Chattahoochee, GA",2017,-0.01,-0.01,,0.17,,0.08,,0.01,-2.3699999999999997,,,,0.0,,0.18,0.1,0.09,-0.04,-0.01,-0.01,,10197,6635.0,3562.0,10.3,34177,1700973,-3.0,33.0
13053,"Chattahoochee, GA",2018,0.03,-0.01,,-0.02,,,,,-2.3699999999999997,,,,0.0,,0.95,1.14,,-0.01,0.02,0.0,0.02,10548,6759.0,3789.0,8.4,32568,1602841,-5.8,33.4
13053,"Chattahoochee, GA",2019,,,,0.18,0.02,,,-0.01,2.32,,,0.02,0.03,,-0.32,-0.18,,0.02,,0.01,,10991,7103.0,3888.0,7.2,31806,1639224,2.3,29.5
13053,"Chattahoochee, GA",2020,0.0,0.0,0.0,-0.59,0.01,,,-0.02,1.63,-0.04,,0.01,0.01,,-0.51,-0.01,,-0.03,,,,9481,6052.0,3429.0,9.4,34510,1657586,1.1,27.0
13053,"Chattahoochee, GA",2021,0.08,0.01,0.07,0.17,-0.01,,,0.01,1.16,0.05,,-0.01,-0.04,,1.02,0.49,0.36,-0.02,-0.02,-0.02,,9047,5798.0,3249.0,6.9,38654,1693831,2.2,24.7
13053,"Chattahoochee, GA",2022,0.03,-0.01,0.05,-0.39,-0.01,,,,-2.3699999999999997,0.01,0.02,-0.01,0.0,,-0.45,-0.53,,,,,0.0,8773,5583.0,3190.0,7.0,37760,1639889,-3.2,30.0
13053,"Chattahoochee, GA",2023,0.21,0.0,-0.01,1.06,0.01,,,0.0,-2.3699999999999997,-0.04,,0.01,0.0,0.04,0.83,0.6,0.0,,0.03,0.0,,8588,5482.0,3106.0,6.8,38026,1610723,-1.8,27.6
13055,"Chattooga, GA",2002,-0.11,0.01,,-0.04,,-0.16,-0.42,1.35,0.22,,,,2.16,0.2,3.51,0.02,0.35,0.25,0.08,,0.02,25688,,,4.2,19806,616038,3.7,
13055,"Chattooga, GA",2003,0.1,0.02,,,0.29,1.14,3.29,-0.65,0.26,,-0.18,0.29,-2.43,-0.02,-2.04,,0.22,-0.13,,0.02,,25981,,,4.4,19945,605082,-1.8,
13055,"Chattooga, GA",2004,-0.06,-0.03,0.01,,0.29,-0.33,0.54,-0.18,-0.45,0.11,,0.29,2.365,0.12,9.42,,0.03,0.73,,0.03,-0.13,25537,,,5.0,20915,659327,9.0,
13055,"Chattooga, GA",2005,-0.06,0.0,,-0.12,0.35,-0.38,1.07,-0.1,-0.36,,0.03,0.38,2.365,-0.03,4.24,-0.2,0.5,0.05,,-0.01,,25506,,,5.4,20954,684924,3.9,
13055,"Chattooga, GA",2006,-0.02,-0.01,-0.01,-0.07,0.2,-0.84,-0.1,0.12,-0.52,0.06,-0.03,0.33,-0.4,-0.02,-0.66,0.15,-0.11,0.0,0.16,0.09,-0.01,25640,,,5.0,22156,676905,-1.2,
13055,"Chattooga, GA",2007,-0.07,0.0,0.0,0.01,-0.07,-0.1,1.06,-0.05,-0.16,-0.14,-0.06,-0.22,0.29,-0.2,0.35,-0.09,0.47,-0.7,0.19,-0.02,0.0,26230,,,5.9,22297,678211,0.2,
13055,"Chattooga, GA",2008,-0.06,0.0,-0.01,0.12,-0.2,-0.09,0.61,0.17,-0.85,0.13,,-0.12,-2.43,-0.28,-4.09,0.7,1.21,-0.2,-0.35,,0.02,26146,,,10.0,22928,644718,-4.9,
13055,"Chattooga, GA",2009,0.0,0.0,-0.01,0.13,0.52,0.48,-1.4,0.79,0.0,0.01,0.02,0.38,-2.43,-0.16,-6.61,0.33,0.15,-0.52,-0.11,-0.07,0.01,25894,,,13.3,23987,602094,-6.6,
13055,"Chattooga, GA",2010,-0.01,0.01,,0.1,-0.23,1.36,-0.96,-0.49,-0.06,-0.05,0.03,-0.23,-2.43,-0.03,-1.34,0.25,2.22,0.15,,,,25958,13489.0,12469.0,11.5,24238,593654,-1.4,8.0
13055,"Chattooga, GA",2011,0.05,0.02,0.01,0.08,-0.48,-1.23,-0.33,0.48,-0.9,-0.07,0.13,-0.48,-2.43,-0.22,-6.21,-0.41,-1.3,0.13,0.01,0.11,0.13,25689,13318.0,12371.0,10.8,24818,551478,-7.1,7.8
13055,"Chattooga, GA",2012,0.0,-0.04,-0.01,0.77,0.82,-0.41,-0.19,0.18,-0.88,-0.02,0.01,0.82,-2.26,0.05,-1.99,0.01,-0.38,0.24,-0.12,-0.06,0.18,25635,13321.0,12314.0,10.1,24781,535691,-2.9,8.2
13055,"Chattooga, GA",2013,-0.1,0.04,-0.01,,0.31,-0.96,0.12,0.01,-0.69,0.5,0.02,0.31,2.365,0.11,7.13,,1.37,0.44,,0.02,0.38,25062,12818.0,12244.0,8.9,26115,570191,6.4,7.7
13055,"Chattooga, GA",2014,0.09,0.0,0.0,0.1,2.57,0.07,0.21,0.15,0.07,0.23,-0.11,2.57,1.93,0.17,3.18,0.16,-2.5,-0.03,0.02,-0.02,0.23,24871,12722.0,12149.0,7.6,26917,588700,3.2,8.5
13055,"Chattooga, GA",2015,0.2,-0.02,0.01,-0.11,0.42,0.38,-0.42,-0.71,-0.05,0.1,0.03,0.42,1.08,0.12,1.63,-0.24,0.89,-0.14,0.15,-0.01,-0.19,24918,12754.0,12164.0,6.3,27881,598011,1.6,8.8
13055,"Chattooga, GA",2016,0.03,-0.02,0.02,,-1.21,0.26,-0.12,-0.37,-0.18,-0.06,0.04,-1.21,0.25,-0.19,-1.49,,0.53,0.44,,0.05,0.12,24847,12684.0,12163.0,7.0,28024,588035,-1.7,8.9
13055,"Chattooga, GA",2017,,,,-0.31,0.53,0.05,0.22,-0.37,0.16,0.11,0.08,0.53,1.99,-0.17,2.76,-0.29,0.32,0.41,0.11,-0.05,-0.18,24757,12690.0,12067.0,5.3,29498,605179,2.9,10.1
13055,"Chattooga, GA",2018,,,,-0.01,0.07,0.2,-0.05,-0.34,0.0,0.08,0.01,0.07,-0.55,-0.1,-0.2,0.0,0.19,0.1,0.02,-0.13,0.01,24836,12693.0,12143.0,4.6,30150,603944,-0.2,9.8
13055,"Chattooga, GA",2019,-0.11,0.0,-0.01,0.01,-1.78,0.77,-0.62,0.25,-0.5,0.08,-0.09,-1.78,-2.43,-0.05,-6.09,0.03,-0.56,0.0,-0.3,-0.11,0.31,24846,12636.0,12210.0,5.8,31049,564168,-6.6,8.9
13055,"Chattooga, GA",2020,-0.29,0.0,,-0.2,-1.24,-0.79,0.06,-0.35,-1.34,0.15,,-1.24,-2.43,-0.12,-9.21,-0.3,0.19,-0.11,,-0.05,-0.14,24929,12765.0,12164.0,9.2,33790,504683,-10.5,9.7
13055,"Chattooga, GA",2021,0.41,0.01,,-0.01,0.8,0.71,0.14,0.02,0.19,0.52,,0.8,1.1,-0.12,4.98,0.11,0.43,0.07,0.44,-0.03,0.29,24850,12678.0,12172.0,5.2,37014,530766,5.2,10.9
13055,"Chattooga, GA",2022,,,,-0.03,4.18,0.45,-0.89,-0.3,0.03,0.32,0.01,4.18,-1.52,0.01,4.98,0.11,3.29,-0.2,-0.4,-0.11,0.02,24921,12746.0,12175.0,4.7,37111,557371,5.0,9.5
13055,"Chattooga, GA",2023,0.17,0.0,0.0,0.05,-3.95,-0.27,0.13,0.11,-0.21,0.38,0.02,-3.95,-0.8,-0.23,-2.03,0.02,1.23,0.88,0.14,0.15,-0.01,25176,12938.0,12238.0,4.1,38269,544860,-2.2,10.7
13057,"Cherokee, GA",2002,0.29,-0.1,0.01,-0.14,-0.27,-0.13,,0.53,1.27,0.67,0.51,-0.25,,0.34,4.6,0.37,1.51,0.83,0.03,0.02,0.21,158682,,,4.1,30464,3996514,5.9,
13057,"Cherokee, GA",2003,0.02,0.18,0.11,0.38,-0.09,0.88,1.29,0.02,0.8,0.33,0.19,-0.09,0.33,0.12,8.05,0.34,2.81,0.87,0.01,0.0,0.61,165585,,,4.1,30765,4350217,8.9,
13057,"Cherokee, GA",2004,0.27,-0.03,0.01,0.12,0.11,3.26,,0.77,0.29,0.22,0.67,0.2,,0.29,21.85,0.58,2.34,0.73,0.16,0.01,0.03,173105,,,3.9,34840,5313540,22.1,
13057,"Cherokee, GA",2005,0.29,-0.05,0.04,0.52,-0.07,-2.27,0.04,1.14,0.83,0.46,-0.5900000000000001,-0.13,0.27,0.2,3.0,1.14,2.46,0.87,0.26,-0.01,0.78,182128,,,4.1,36252,5517049,3.8,
13057,"Cherokee, GA",2006,0.32,0.0,0.08,0.39,-0.16,0.31,0.17,0.31,0.31,0.37,-0.24,-0.16,-0.03,0.1,2.45,0.87,-0.36,0.34,0.1,0.0,0.27,193241,,,3.7,37570,5669178,2.8,
13057,"Cherokee, GA",2007,-0.04,0.06,0.0,0.33,-0.01,-1.68,1.05,0.2,0.57,0.08,-0.5900000000000001,-0.06,0.41,-0.11,-1.1,0.92,1.44,-0.42,-0.18,0.0,0.61,202544,,,3.6,37571,5639151,-0.5,
13057,"Cherokee, GA",2008,-0.16,0.04,0.02,-0.19,0.12,-2.46,-0.09,-0.04,-0.1,0.16,0.17,0.07,-0.5,-0.14,-1.74,0.14,1.53,-0.24,-0.2,0.0,-0.04,208271,,,5.4,37996,5535367,-1.8,
13057,"Cherokee, GA",2009,-0.22,-0.02,0.08,-0.04,0.1,-1.9,-0.9,1.43,0.17,0.16,0.57,0.06,-0.25,-0.18,-3.8,-0.67,-0.49,-0.32,-0.18,-0.01,-0.96,212232,,,8.9,36423,5334320,-3.6,
13057,"Cherokee, GA",2010,0.02,0.08,0.01,0.25,0.03,0.54,0.29,-1.04,-0.25,0.23,0.67,0.0,-0.32,0.07,0.67,0.16,-0.84,0.13,0.25,0.0,0.19,215226,106292.0,108934.0,8.7,36946,5356694,0.4,33.6
13057,"Cherokee, GA",2011,0.09,-0.02,0.01,-0.19,-0.11,-0.33,0.72,0.09,-0.07,-0.19,0.67,-0.13,-0.3,0.0,3.39,0.01,1.47,0.02,0.15,0.02,0.76,217769,107401.0,110368.0,8.0,38987,5534712,3.3,33.6
13057,"Cherokee, GA",2012,0.14,0.08,0.09,-0.22,0.32,2.21,0.37,0.38,-0.31,0.22,0.67,0.29,-0.45,0.1,4.66,0.15,0.36,0.18,0.13,-0.02,-0.36,220690,108736.0,111954.0,7.0,40862,5775309,4.3,34.6
13057,"Cherokee, GA",2013,0.16,0.05,0.05,0.16,-0.24,-0.21,0.14,-0.18,-0.32,1.13,0.54,-0.24,-0.22,0.15,5.08,0.31,2.28,0.73,0.17,0.0,0.2,224372,110478.0,113894.0,6.1,41264,6049804,4.8,34.2
13057,"Cherokee, GA",2014,0.2,0.02,0.07,0.29,0.02,2.06,0.14,0.26,0.1,0.34,0.67,0.06,0.16,0.32,5.61,0.63,-0.25,0.51,0.14,0.0,0.15,230239,113308.0,116931.0,5.5,43201,6395096,5.7,34.3
13057,"Cherokee, GA",2015,0.15,-0.04,-0.04,0.07,0.1,2.64,0.31,-0.05,0.45,0.8,0.67,0.12,0.33,0.22,9.29,0.57,1.98,0.64,0.14,0.01,0.61,235424,115712.0,119712.0,4.7,45992,7018039,9.7,34.7
13057,"Cherokee, GA",2016,0.06,0.08,0.0,-0.03,-0.06,2.08,0.52,-0.32,-0.09,0.52,-0.24,-0.06,0.25,0.09,6.37,0.27,2.27,0.78,-0.05,0.01,0.11,241929,119176.0,122753.0,4.3,48333,7458698,6.3,35.5
13057,"Cherokee, GA",2017,0.02,0.0,-0.06,0.33,0.0,0.84,0.07,-0.06,0.33,0.49,-0.52,0.02,0.12,0.06,3.2,0.51,0.92,0.99,0.12,-0.01,-0.3,247944,122033.0,125911.0,3.8,49695,7722300,3.5,35.7
13057,"Cherokee, GA",2018,0.2,0.02,0.02,0.26,-0.03,0.12,0.47,-0.08,0.1,0.05,-0.5900000000000001,-0.03,0.03,0.07,0.7,0.56,-0.04,0.53,0.18,0.01,-0.24,254277,125141.0,129136.0,3.2,51271,7784359,0.8,37.0
13057,"Cherokee, GA",2019,0.12,-0.04,-0.01,1.12,-0.03,0.22,0.91,0.23,0.2,0.84,0.26,-0.01,0.06,0.12,5.22,1.98,-0.14,0.15,-0.01,0.01,-0.06,259475,127725.0,131750.0,2.9,53566,8206760,5.4,38.2
13057,"Cherokee, GA",2020,-0.42,-0.09,-0.07,0.89,0.0,0.36,0.45,0.19,-0.2,-0.24,-0.26,0.03,-0.13,-0.14,1.06,0.63,0.34,0.09,0.11,0.01,0.22,268169,132930.0,135239.0,4.8,56600,8276981,0.9,36.9
13057,"Cherokee, GA",2021,0.63,0.18000000000000002,0.03,-0.98,0.05,0.92,0.3,0.25,0.4,0.75,0.01,0.06,0.25,0.1,5.6,-1.66,3.32,0.67,-0.25,-0.01,0.12,274778,135971.0,138807.0,2.6,62910,8773557,6.0,38.4
13057,"Cherokee, GA",2022,0.33,0.12,0.04,0.7,-0.03,0.1,0.17,-0.25,0.3,0.66,-0.03,-0.03,-0.01,0.16,3.49,1.23,1.0,0.03,0.06,0.0,-0.08,281455,139371.0,142084.0,2.5,67315,9106520,3.8,39.5
13057,"Cherokee, GA",2023,-0.05,0.07,0.02,0.16,-0.06,-0.01,-0.09,0.02,0.4,1.07,0.2,-0.08,-0.05,-0.11,4.63,0.75,2.04,0.98,-0.07,0.01,-0.07,287243,142436.0,144807.0,2.7,71255,9564427,5.0,39.5
13059,"Clarke, GA",2002,0.1,0.05,-0.02,0.12,,-0.07,-0.37,0.35,1.03,0.58,0.21,,-1.51,0.01,0.49,0.36,0.22,0.75,,0.05,-0.14,104673,,,4.0,23859,6015835,1.5,
13059,"Clarke, GA",2003,0.11,0.01,-0.09999999999999999,0.44,,1.71,0.31,-0.33,0.64,0.37,0.05,,-0.03,0.06,4.21,0.58,0.65,0.79,,-0.02,0.13,106287,,,3.7,25139,6307357,4.8,
13059,"Clarke, GA",2004,0.15,-0.05,0.01,0.26,,-0.02,0.7,-0.42,-0.29,0.22,0.09,,-0.25,0.0,1.97,-0.09,1.06,0.36,,0.02,0.11,109752,,,4.1,24696,6412964,1.7,
13059,"Clarke, GA",2005,-0.01,-0.1,-0.03,0.34,-0.11,-0.65,-0.87,0.35,0.58,0.28,0.09,-0.15,0.93,-0.07,-0.3,-0.08,0.11,-0.3,0.06,0.03,0.11,109536,,,4.4,25280,6431215,0.3,
13059,"Clarke, GA",2006,0.11,0.0,0.02,-0.03,-0.08,-0.98,-0.01,0.18,-0.46,0.99,-0.09,-0.08,0.42,-0.2,1.01,0.25,-0.07,-0.03,0.03,-0.04,0.51,112074,,,4.3,25664,6466721,0.6,
13059,"Clarke, GA",2007,-0.01,-0.01,0.02,-0.09,0.1,-0.46,-0.35,0.02,-0.21,0.23,0.16,0.08,1.82,0.0,2.09,-0.12,0.47,-0.41,0.04,0.0,0.61,113995,,,3.9,25860,6588574,1.9,
13059,"Clarke, GA",2008,-0.06,0.02,-0.07,0.1,0.0,-0.08,-0.24,0.98,-0.47,0.56,-0.16,-0.01,-1.21,0.04,0.53,0.5,0.45,0.05,-0.07,0.0,-0.17,115768,,,5.2,25734,6592321,0.1,
13059,"Clarke, GA",2009,-0.36,0.04,-0.08,-0.15,0.02,-0.71,-0.4,0.88,0.58,0.07,-0.07,0.02,0.3,-0.11,-1.89,-0.19,-0.16,-0.41,-0.12,-0.01,-0.6,116843,,,7.6,25253,6505455,-1.3,
13059,"Clarke, GA",2010,-0.02,0.18000000000000002,0.05,0.05,-0.03,-0.15,0.96,0.21,0.27,0.07,0.09,-0.04,-0.48,-0.18,0.83,0.18,-0.2,0.06,0.0,-0.04,0.11,117389,55722.0,61667.0,9.2,25771,6577311,1.1,41.2
13059,"Clarke, GA",2011,0.07,0.18000000000000002,-0.03,0.15,0.0,-0.24,0.48,1.12,-0.09,0.34,-0.11,-0.01,-0.36,0.01,0.94,-0.03,-0.59,-0.01,-0.03,0.04,0.04,118229,56254.0,61975.0,9.1,27104,6633198,0.8,40.7
13059,"Clarke, GA",2012,0.11,-0.14,-0.02,0.08,0.3,-0.18,0.39,1.38,0.12,0.26,0.16,0.3,-0.81,0.1,2.13,0.17,0.36,-0.05,-0.03,-0.01,0.15,119915,57137.0,62778.0,8.6,27002,6782334,2.2,40.8
13059,"Clarke, GA",2013,0.02,-0.08,-0.03,-0.04,-0.28,0.07,-0.25,0.95,-0.27,0.34,0.25,-0.26,-0.25,0.08,2.33,0.11,0.16,0.52,0.06,0.01,0.62,120927,57669.0,63258.0,7.8,27185,6922066,2.1,39.5
13059,"Clarke, GA",2014,0.1,-0.09,0.02,0.02,-0.04,0.34,-0.62,1.76,-0.26,-0.21,-0.07,-0.04,-1.0,0.06,0.15,0.03,-0.62,0.34,0.04,0.0,0.13,120437,57576.0,62861.0,7.0,28862,6914519,-0.1,39.3
13059,"Clarke, GA",2015,0.15,-0.1,-0.02,0.13,,0.2,0.07,0.67,0.66,0.7,-0.08,,-0.65,0.06,3.21,0.54,0.89,0.5,,0.03,0.19,123621,58897.0,64724.0,6.2,30044,7181843,3.9,40.2
13059,"Clarke, GA",2016,0.05,-0.02,0.03,-0.09,-0.01,-0.03,-0.4,-0.39,0.21,0.61,-0.1,-0.01,0.41,0.06,1.97,0.21,-0.16,0.49,0.09,0.05,1.08,124873,59544.0,65329.0,5.2,31009,7338276,2.2,40.8
13059,"Clarke, GA",2017,0.14,-0.04,-0.02,0.17,,-0.12,0.49,1.63,0.92,0.33,-0.05,,-0.03,-0.02,5.52,0.53,1.49,0.23,,-0.04,1.0,126674,60368.0,66306.0,4.4,31889,7810874,6.4,41.3
13059,"Clarke, GA",2018,0.17,0.01,0.02,0.01,,0.78,0.13,0.57,0.24,0.48,-0.05,,0.15,0.04,2.3,-0.42,-0.02,0.2,,-0.01,0.26,127179,60427.0,66752.0,3.7,33050,8009601,2.5,42.7
13059,"Clarke, GA",2019,0.02,0.03,0.09,-0.08,0.0,0.86,0.97,-0.85,-0.45,0.19,-0.02,0.01,-2.05,0.12,-0.69,-0.01,0.1,-0.16,0.0,0.01,0.0,128238,60816.0,67422.0,3.5,34864,7918141,-1.1,44.0
13059,"Clarke, GA",2020,-0.7000000000000002,-0.07,-0.01,-0.16,0.01,-0.14,-0.57,-1.1,-1.44,-0.05,-0.05,0.01,-0.58,-0.19,-3.38,0.56,0.02,-0.38,0.11,0.02,-0.16,128547,61102.0,67445.0,6.0,37883,7536588,-4.8,45.4
13059,"Clarke, GA",2021,0.59,0.17,0.06,0.26,-0.01,-0.5,0.52,0.29,0.06,0.43,0.28,0.0,0.41,0.06,4.64,0.82,1.01,0.1,0.15,-0.05,0.3,129211,61351.0,67860.0,3.6,40631,7890785,4.7,47.0
13059,"Clarke, GA",2022,0.44,0.04,-0.09999999999999999,0.03,-0.01,0.53,0.12,-2.22,0.82,0.54,0.24,0.05,0.41,0.34,0.55,0.08,0.54,-0.35,-0.02,-0.04,-0.04,129954,61692.0,68262.0,3.2,42153,7998860,1.4,47.9
13059,"Clarke, GA",2023,0.01,-0.01,0.1,0.0,0.04,0.09,-0.12,-0.13,0.43,0.83,0.17,0.0,-0.16,-0.11,2.71,0.47,0.32,0.7,-0.29,0.02,0.82,130338,61897.0,68441.0,3.2,43899,8249884,3.1,48.7
13061,"Clay, GA",2002,,,0.0,0.03,4.29,3.26,0.11,0.31,1.73,0.1,0.34,4.79,0.06,,16.52,0.07,-0.81,0.43,,-0.23,0.0,3314,,,4.7,26737,102019,18.2,
13061,"Clay, GA",2003,0.7700000000000001,,0.11,0.67,-1.59,-0.49,0.02,-0.28,-2.11,0.57,0.17,-1.59,0.17,-0.56,17.42,0.67,0.22,2.0,,0.26,0.88,3303,,,4.4,28684,117633,15.3,
13061,"Clay, GA",2004,-0.07,-0.17,0.0,-0.08,-4.32,-3.25,0.19,-0.53,-0.87,0.23,-0.5900000000000001,-4.869999999999999,0.43,-0.68,-15.31,0.12,-0.51,-1.78,0.48,-0.23,-0.27,3233,,,5.4,27258,98607,-16.2,
13061,"Clay, GA",2005,0.35,-0.05,-0.09999999999999999,-0.19,0.06,-2.91,-0.19,0.09,-0.62,-0.33,-0.57,0.06,-0.43,,-5.63,,-0.01,-1.75,-0.81,0.26,,3216,,,5.4,25846,92452,-6.2,
13061,"Clay, GA",2006,-0.7000000000000002,-0.04,-0.09999999999999999,-0.65,-0.77,-0.97,-0.46,-0.39,-0.68,-0.8,-0.49,-0.77,-1.42,,-20.01,,-0.99,-1.78,-1.2399999999999998,-0.23,-0.81,3232,,,4.2,23015,72069,-22.0,
13061,"Clay, GA",2007,-0.22,0.03,0.02,-0.04,,,-0.02,-0.22,-0.7,0.11,-0.04,,0.05,0.16,5.08,-0.52,4.51,-1.06,0.23,-0.23,-0.6,3262,,,5.6,24483,75225,4.4,
13061,"Clay, GA",2008,-0.1,-0.03,-0.01,-0.05,1.12,3.12,0.09,0.0,-1.66,-0.37,-0.01,1.12,-0.11,0.28,7.61,-0.01,-1.44,-0.02,0.23,0.26,0.49,3233,,,7.4,25654,79698,5.9,
13061,"Clay, GA",2009,-0.05,0.04,-0.02,,-4.32,-3.25,0.2,0.44,0.37,0.45,0.0,-4.67,0.05,-0.08,5.69,,0.11,0.48,-0.38,0.26,,3201,,,8.6,25830,84529,6.1,
13061,"Clay, GA",2010,0.01,0.11,0.01,0.13,,,-0.03,-0.17,0.3,0.06,0.01,,-0.04,-0.13,-7.94,,1.34,-0.18,,-0.23,0.2,3176,1462.0,1714.0,11.5,26035,78071,-7.6,8.5
13061,"Clay, GA",2011,-0.04,-0.04,-0.01,0.18,2.85,-2.95,-0.03,-0.08,-2.15,0.37,0.0,2.85,0.04,-0.27,-2.28,0.18,0.51,0.08,-0.13,-0.23,0.7,3163,1464.0,1699.0,12.1,26517,74619,-4.4,9.5
13061,"Clay, GA",2012,0.13,0.15,0.0,,,,-0.25,0.36,-1.84,-0.14,-0.01,,0.14,-0.03,-13.38,,2.57,-0.27,,-0.23,1.6,3107,1418.0,1689.0,12.3,26796,63265,-15.2,9.2
13061,"Clay, GA",2013,0.24,0.02,-0.01,-0.01,-0.02,0.78,0.17,-0.06,-0.98,0.01,-0.01,-0.02,-0.05,0.06,22.69,-0.02,4.64,-0.03,0.33,0.26,-1.07,3017,1381.0,1636.0,11.3,27531,84437,33.5,7.9
13061,"Clay, GA",2014,-0.03,0.05,-0.01,0.04,0.01,-2.97,-0.05,0.04,-0.82,0.26,0.0,0.01,0.08,-0.04,-13.72,0.01,-4.59,-0.43,0.68,-0.23,-0.32,3074,1425.0,1649.0,11.5,26122,72156,-14.5,6.9
13061,"Clay, GA",2015,-0.22,-0.12,0.03,-0.12,,,-0.05,-0.18,-0.14,-0.01,0.01,,-0.06,0.12,-2.68,-0.13,0.07,-0.21,,-0.23,,3080,1453.0,1627.0,12.0,28252,70126,-2.8,7.8
13061,"Clay, GA",2016,,,0.0,-0.14,0.25,0.12,0.06,-0.46,0.0,0.12,0.01,0.25,-0.14,0.3,-1.1,-0.15,0.18,-0.02,-0.38,-0.23,-0.64,3015,1420.0,1595.0,8.7,30072,69351,-1.1,7.4
13061,"Clay, GA",2017,0.01,-0.08,0.01,,,,-0.02,-0.15,-0.06,-0.08,0.02,,-0.16,-0.04,-6.57,,-0.47,-0.2,,-0.23,-0.22,2971,1380.0,1591.0,7.4,30914,64749,-6.6,8.9
13061,"Clay, GA",2018,0.03,0.14,-0.03,0.04,-0.95,0.96,-0.05,0.13,-0.38,-0.01,-0.01,-0.95,0.04,0.18,14.0,0.1,3.28,-0.08,0.2,0.26,0.18,2901,1362.0,1539.0,6.2,32556,73570,13.6,7.9
13061,"Clay, GA",2019,0.0,0.18000000000000002,0.03,-0.03,,,0.01,0.14,0.16,0.11,0.04,,0.13,-0.12,-0.12,0.13,,0.28,,0.26,-0.44,2901,1356.0,1545.0,5.8,33465,73600,0.0,12.5
13061,"Clay, GA",2020,-0.06,-0.17,-0.03,0.08,,1.61,0.0,-0.29,-1.24,-0.23,-0.02,,,,18.91,,,-0.4,0.58,0.26,-0.15,2829,1350.0,1479.0,10.1,39127,86606,17.7,16.9
13061,"Clay, GA",2021,0.11,0.06,0.03,0.03,-1.2,-0.8,0.03,0.32,0.98,0.29,,-1.2,0.06,,-9.09,0.17,-3.9,-0.13,0.18,-0.23,0.0,2868,1349.0,1519.0,8.2,40688,79580,-8.1,18.1
13061,"Clay, GA",2022,-0.07,,-0.04,0.05,-3.28,0.6,-0.05,-0.35,-1.24,0.24,0.25,-3.28,-0.05,,-6.83,0.03,,-0.56,1.35,-0.23,-0.03,2862,1362.0,1500.0,5.7,38237,73161,-8.1,16.6
13061,"Clay, GA",2023,-0.02,0.04,,-0.01,-0.93,,0.0,0.21,-0.74,,,-0.93,,,19.66,-0.02,0.05,0.17,0.27,0.26,-0.02,2869,1364.0,1505.0,6.5,39127,87006,18.9,22.6
13063,"Clayton, GA",2002,0.02,-0.03,0.01,-0.02,0.0,-0.14,-0.12,0.08,0.31,0.1,0.08,0.01,-0.12,-0.08,-2.44,-0.5,0.25,0.01,-1.2399999999999998,0.04,0.09,248954,,,5.9,22385,11576579,-2.1,
13063,"Clayton, GA",2003,0.6,0.04,0.02,0.15,0.0,0.08,,-0.15,0.15,-0.11,-0.13,-0.01,,0.02,7.78,0.71,1.06,0.03,1.35,0.02,0.48,252631,,,5.9,22742,12493922,7.9,
13063,"Clayton, GA",2004,0.01,0.02,0.0,0.27,,,,-0.08,-0.05,0.13,0.06,,,0.06,6.06,-0.25,1.02,-0.28,1.35,,0.58,255322,,,5.8,22921,13245263,6.0,
13063,"Clayton, GA",2005,-0.16,-0.03,0.0,0.23,0.0,-0.25,-0.12,0.13,0.02,0.11,-0.02,-0.02,-0.37,-0.02,4.48,-0.35,0.92,0.35,1.35,0.07,0.41,256292,,,6.8,23524,13840811,4.5,
13063,"Clayton, GA",2006,-0.08,-0.04,0.02,0.11,,,-0.31,0.0,-0.09,-0.03,0.05,,-0.57,-0.08,-3.47,-0.12,-1.12,0.0,-1.21,,0.58,258552,,,5.8,23419,13348763,-3.6,
13063,"Clayton, GA",2007,-0.03,0.0,0.11,0.54,0.0,-0.36,,0.12,-0.03,-0.3,-0.22,-0.02,,-0.05,12.21,-0.6,0.22,-0.61,1.35,0.02,0.76,260441,,,5.7,24064,14975339,12.2,
13063,"Clayton, GA",2008,-0.18,-0.02,-0.05,-0.14,0.0,-0.41,-0.06,-0.19,-0.11,0.19,0.01,-0.03,0.09,-0.08,-9.49,-0.18,-0.37,-0.21,-1.2399999999999998,0.04,-0.22,262099,,,7.8,24064,13538585,-9.6,
13063,"Clayton, GA",2009,-0.16,0.01,0.04,-0.17,0.0,-0.35,-0.25,0.28,0.14,-0.02,0.01,0.0,0.69,-0.04,5.81,-0.43,0.15,-0.49,1.35,-0.08,-1.26,260067,,,11.8,24113,14344193,6.0,
13063,"Clayton, GA",2010,0.04,0.08,-0.02,0.2,,,,-0.19,-0.14,-0.28,0.0,,,0.05,4.54,0.07,-0.32,0.01,1.35,,-0.04,259899,124409.0,135490.0,13.4,24708,14975412,4.4,17.9
13063,"Clayton, GA",2011,0.2,-0.01,-0.03,0.0,0.0,-0.04,0.2,0.13,-0.14,-0.09,0.09,0.0,0.69,0.0,-1.38,-0.05,0.22,-0.11,-1.2399999999999998,0.1,-0.23,262081,125144.0,136937.0,13.2,25840,14747151,-1.5,17.8
13063,"Clayton, GA",2012,-0.03,-0.01,0.0,0.0,,,0.19,0.02,-0.31,-0.2,-0.03,,-0.1,-0.02,2.14,-0.01,-0.35,-0.02,1.35,,0.35,265371,126117.0,139254.0,11.8,24222,15017694,1.8,17.5
13063,"Clayton, GA",2013,-0.08,-0.01,-0.02,0.2,0.01,-0.21,0.15,0.0,-0.11,0.35,0.08,0.09,-0.11,0.14,3.91,0.27,0.34,0.35,1.35,0.02,0.45,264133,125379.0,138754.0,10.7,24326,15588074,3.8,18.0
13063,"Clayton, GA",2014,0.13,0.0,-0.05,0.07,-0.01,0.23,-0.22,0.07,-0.16,0.06,0.1,0.01,-0.74,0.08,-1.08,0.18,0.65,-0.01,-1.2399999999999998,-0.02,0.3,266757,126014.0,140743.0,9.4,25113,15394406,-1.2,18.1
13063,"Clayton, GA",2015,0.15,-0.02,0.01,0.36,0.02,0.29,-0.16,0.02,-0.09,0.18,0.13,0.04,0.01,0.11,6.73,0.37,0.17,0.29,1.35,0.1,0.35,272874,128594.0,144280.0,7.7,25755,16416019,6.6,18.3
13063,"Clayton, GA",2016,0.06,-0.01,-0.02,-0.07,0.03,0.23,-0.27,-0.27,0.05,0.08,0.11,0.05,-0.21,-0.02,7.72,-0.12,1.07,0.37,1.35,0.1,0.03,279346,131220.0,148126.0,6.5,26116,17692431,7.8,19.0
13063,"Clayton, GA",2017,0.02,-0.02,-0.01,0.28,-0.01,-0.03,-0.04,-0.13,0.11,0.07,0.0,0.01,0.02,-0.11,2.2,0.35,-0.03,0.09,1.35,-0.05,-0.2,284175,133001.0,151174.0,5.7,26306,18102264,2.3,19.1
13063,"Clayton, GA",2018,0.06,0.0,-0.01,0.03,0.02,0.46,0.05,0.09,-0.16,-0.03,0.03,-0.02,-0.05,-0.04,4.75,0.12,1.04,0.1,1.35,-0.01,-0.21,289229,135199.0,154030.0,4.8,26970,18934031,4.6,19.5
13063,"Clayton, GA",2019,0.07,0.0,0.02,0.09,0.02,0.25,0.19,0.09,-0.02,0.05,-0.03,-0.04,-0.3,0.0,-1.4,0.04,0.34,0.21,-1.2399999999999998,0.03,-0.31,292404,136562.0,155842.0,4.3,28061,18666583,-1.4,19.5
13063,"Clayton, GA",2020,-0.7000000000000002,0.0,0.01,-0.34,,0.15,-0.04,-0.1,0.03,-0.3,-0.04,,0.47,-0.13,-20.01,-0.42,-0.04,0.14,-1.2399999999999998,,,299440,140779.0,158661.0,10.0,32051,14760005,-20.9,19.1
13063,"Clayton, GA",2021,0.32,0.01,0.03,0.34,,-0.18,0.2,0.13,0.32,0.09,0.06,0.04,-0.17,0.06,13.11,0.39,0.68,0.12,1.35,-0.15,-0.08,299234,140713.0,158521.0,6.2,35003,16742884,13.4,20.2
13063,"Clayton, GA",2022,0.61,-0.01,0.0,-0.14,0.0,-0.19,0.04,-0.05,0.15,0.19,0.06,,-0.46,-0.01,10.69,-0.13,-0.1,-0.4,1.35,,,298862,140473.0,158389.0,4.0,33873,18557908,10.8,20.6
13063,"Clayton, GA",2023,0.08,0.01,0.11,0.19,-0.02,-0.01,0.01,-0.04,0.52,0.14,0.06,,-0.09,0.02,11.34,0.39,,0.47,1.35,0.0,,299380,140637.0,158743.0,4.1,34871,20759302,11.9,21.3
13065,"Clinch, GA",2002,-0.05,0.0,,-0.19,1.24,-0.06,0.32,-0.16,0.59,,,1.24,0.85,,2.83,-0.33,-0.9,0.63,-0.02,0.26,0.17,6870,,,5.7,18184,185491,3.4,
13065,"Clinch, GA",2003,0.04,-0.04,0.0,,-1.16,0.77,3.29,-0.18,0.5,0.3,-0.09,-1.16,0.66,-0.05,7.11,-0.14,-0.51,0.21,0.12,-0.22,0.5,6933,,,5.8,18170,199620,7.6,
13065,"Clinch, GA",2004,-0.08,0.03,0.0,-0.09,0.49,-0.3,3.29,-0.31,-0.67,-0.34,0.03,0.49,0.84,-0.18,3.45,-0.38,-0.72,-0.32,0.12,0.02,0.31,6893,,,5.9,18679,205170,2.8,
13065,"Clinch, GA",2005,0.0,-0.03,0.0,,0.26,1.31,3.29,0.37,-0.04,-0.07,0.1,0.26,0.32,0.2,5.8,-0.1,0.12,-0.32,-0.25,-0.04,0.04,6948,,,6.1,18862,216982,5.8,
13065,"Clinch, GA",2006,0.08,-0.02,0.0,,1.73,1.96,-0.34,,-0.82,0.35,0.07,1.73,-1.54,-0.25,4.26,0.64,,-0.2,0.41,-0.07,0.04,6828,,,4.9,20300,224445,3.4,
13065,"Clinch, GA",2007,-0.12,0.01,0.04,,0.75,-1.6,-2.87,0.22,-0.56,-0.47,0.1,0.75,0.98,-0.09,-5.62,-0.01,0.8,-0.28,0.13,0.07,-0.2,6838,,,5.3,21600,210568,-6.2,
13065,"Clinch, GA",2008,-0.04,0.0,0.0,-0.01,0.74,-1.81,-2.87,0.26,-1.46,0.48,,0.74,-0.02,,-6.16,-0.03,-0.62,0.12,,0.06,-0.16,6941,,,7.4,22027,194520,-7.6,
13065,"Clinch, GA",2009,-0.24,0.05,0.03,0.0,2.28,0.04,-2.87,1.08,-1.62,-0.12,0.08,2.28,0.09,-0.15,-1.4,-0.23,2.32,0.35,-0.5,-0.04,0.38,6799,,,11.0,24565,188644,-3.0,
13065,"Clinch, GA",2010,-0.04,,0.02,0.04,1.13,0.57,0.58,-0.37,0.75,-0.55,,1.13,-0.08,-0.15,1.11,-0.02,-1.26,-0.12,,0.15,0.72,6764,3286.0,3478.0,10.9,25967,192156,1.9,17.1
13065,"Clinch, GA",2011,0.35,0.01,0.03,,1.92,0.15,3.29,0.87,-0.22,-0.2,0.12,1.92,0.25,-0.14,13.2,0.47,1.82,-0.03,-0.01,-0.03,0.33,6719,3264.0,3455.0,10.7,29034,217097,13.0,13.9
13065,"Clinch, GA",2012,0.1,0.18000000000000002,0.03,-0.03,-4.32,-0.4,2.2,0.3,-0.56,0.03,0.14,-4.869999999999999,-0.29,-0.02,-3.26,-0.22,-0.01,0.26,0.06,-0.05,0.23,6688,3254.0,3434.0,9.5,29155,208790,-3.8,15.0
13065,"Clinch, GA",2013,-0.08,-0.14,-0.01,,-3.13,-0.23,,-0.32,0.05,0.21,0.2,-3.13,,0.22,8.13,-0.04,2.56,0.2,0.0,-0.02,-0.11,6756,3300.0,3456.0,9.1,30144,225875,8.2,12.5
13065,"Clinch, GA",2014,0.05,-0.02,0.0,-0.03,0.57,0.08,,0.07,0.0,0.15,0.16,0.57,,0.13,-0.3,-0.15,0.28,-0.05,-0.04,-0.05,-0.21,6780,3295.0,3485.0,8.4,31424,225192,-0.3,14.1
13065,"Clinch, GA",2015,0.15,-0.17,0.07,,1.35,-0.02,0.33,-0.33,-0.14,-0.01,0.57,1.35,1.98,0.1,4.9,0.19,0.92,0.08,0.22,0.04,-0.27,6828,3344.0,3484.0,7.1,33166,235913,4.8,13.5
13065,"Clinch, GA",2016,-0.07,-0.06,-0.04,0.21,3.99,-0.73,0.11,-0.44,-0.59,-0.4,0.67,3.99,0.14,-0.08,3.11,-0.04,-0.66,0.01,0.23,0.2,-0.21,6762,3312.0,3450.0,7.3,34101,241867,2.5,14.4
13065,"Clinch, GA",2017,0.07,-0.03,0.05,0.69,-1.47,0.11,-2.87,0.04,0.28,-0.37,0.27,-1.47,-0.19,0.0,-3.87,0.56,1.85,0.17,0.01,-0.16,-0.09,6658,3253.0,3405.0,6.5,34763,233187,-3.6,12.3
13065,"Clinch, GA",2018,-0.04,0.05,0.01,-0.11,-3.35,-0.08,-1.03,-0.53,-0.2,0.19,-0.43,-3.35,-0.52,-0.09,-3.77,-0.02,1.1,0.57,0.06,-0.02,0.35,6601,3202.0,3399.0,5.4,35718,223924,-4.0,11.1
13065,"Clinch, GA",2019,-0.03,,0.02,0.01,2.07,-0.04,-1.68,0.17,1.07,-0.03,,2.07,0.53,-0.07,2.07,0.01,,0.41,-0.04,0.01,-0.02,6637,3199.0,3438.0,4.5,37882,230953,3.1,10.0
13065,"Clinch, GA",2020,-0.35,-0.01,-0.09999999999999999,0.14,4.29,-0.04,,0.14,-0.35,0.01,,4.79,,-0.18,2.28,0.13,,-0.45,,-0.01,0.15,6725,3256.0,3469.0,4.7,41020,235412,1.9,10.8
13065,"Clinch, GA",2021,0.09,,-0.04,1.12,-4.32,-0.06,-0.38,-0.37,-0.47,-0.22,,-4.869999999999999,0.71,-0.06,-9.5,1.09,-1.14,-0.36,,-0.16,-1.04,6708,3254.0,3454.0,3.5,42287,211943,-10.0,11.0
13065,"Clinch, GA",2022,0.25,,0.11,-0.05,-0.54,2.4,-1.91,0.02,0.64,0.23,-0.27,-0.54,-0.67,0.09,4.34,0.04,,-0.12,,0.05,0.17,6684,3237.0,3447.0,3.4,43977,222501,5.0,12.9
13065,"Clinch, GA",2023,0.05,0.0,0.0,0.35,-0.26,-0.02,-0.98,-0.23,-0.52,0.1,0.0,-0.26,-0.31,0.13,-0.34,0.37,-0.07,0.56,0.12,0.16,0.05,6808,3315.0,3493.0,3.5,45218,220585,-0.9,13.0
13067,"Cobb, GA",2002,-0.11,-0.04,0.02,0.04,0.0,-0.61,0.86,0.15,0.3,0.25,0.11,0.0,0.13,0.08,-0.23,-0.16,-0.68,-0.29,-0.03,0.01,0.08,631018,,,4.6,39037,36803538,0.1,
13067,"Cobb, GA",2003,-0.14,-0.02,0.0,0.31,-0.01,0.69,-0.16,-0.33,0.29,0.08,0.3,-0.01,-0.07,-0.03,4.15,0.84,2.43,-0.16,0.08,0.05,0.6,634638,,,4.4,40287,38436489,4.4,
13067,"Cobb, GA",2004,-0.2,-0.01,0.05,-0.01,-0.01,0.51,,0.16,-0.05,0.36,0.3,0.0,,0.06,5.44,0.14,2.66,-0.53,0.31,0.03,0.86,640346,,,4.4,41528,40506663,5.4,
13067,"Cobb, GA",2005,-0.01,-0.04,-0.02,1.03,0.0,0.03,0.38,0.64,0.1,0.15,0.37,-0.05,0.01,0.02,3.57,1.1,-0.24,0.16,0.18,0.02,0.87,646754,,,4.8,42900,41989819,3.7,
13067,"Cobb, GA",2006,0.0,-0.06,0.04,0.07,0.0,-0.59,,0.0,0.15,0.27,0.11,0.01,,0.0,-1.81,0.6,-2.43,-0.02,0.16,0.04,0.0,661913,,,4.2,43661,41293298,-1.7,
13067,"Cobb, GA",2007,-0.12,-0.02,0.04,-0.01,0.0,-0.3,,0.33,-0.07,0.16,-0.18,-0.01,,0.0,-0.16,0.34,-0.76,-0.11,0.0,0.0,0.45,670438,,,4.0,44530,41199956,-0.2,
13067,"Cobb, GA",2008,-0.09,0.0,0.0,0.18,0.0,-1.25,,0.0,-0.26,0.43,-0.08,-0.01,,-0.22,-1.77,0.65,-0.11,-0.26,0.06,0.01,-0.28,679822,,,5.7,43869,40362833,-2.0,
13067,"Cobb, GA",2009,-0.24,-0.01,0.03,-0.31,0.01,-1.51,,0.46,0.08,0.08,-0.26,0.01,,-0.07,-6.66,-0.9,-1.61,-0.52,0.02,-0.15,-1.5500000000000005,684776,,,9.1,41089,37708085,-6.6,
13067,"Cobb, GA",2010,-0.05,0.06,0.03,0.14,0.02,-0.56,,-0.91,-0.15,-0.14,-0.06,0.02,,-0.19,0.98,0.76,-0.56,0.1,-0.01,0.0,1.06,689542,335004.0,354538.0,9.2,41992,38021557,0.8,43.8
13067,"Cobb, GA",2011,0.09,0.07,-0.06,0.13,0.0,0.46,0.51,0.29,-0.15,0.18,-0.11,0.02,0.15,-0.12,2.81,0.89,0.49,-0.07,0.05,0.17,-0.2,696629,338241.0,358388.0,8.7,44261,39033195,2.7,44.0
13067,"Cobb, GA",2012,0.08,0.03,0.01,-0.22,0.02,-0.98,-0.18,0.62,0.09,0.29,0.24,0.01,-0.48,0.14,4.4,1.7,0.88,0.1,0.03,0.26,0.38,706517,342762.0,363755.0,7.6,44796,40784977,4.5,43.8
13067,"Cobb, GA",2013,0.07,-0.01,0.02,0.0,-0.03,0.48,-0.4,0.49,-0.04,0.35,0.67,-0.03,0.09,0.04,5.7,0.6,0.54,0.75,-0.12,0.26,1.07,716265,346397.0,369868.0,6.6,45369,43091840,5.7,43.7
13067,"Cobb, GA",2014,0.15,0.06,0.07,0.15,-0.01,1.13,0.05,0.44,-0.02,0.17,0.38,-0.01,-0.07,0.1,5.04,1.12,0.34,0.77,-0.01,-0.23,0.68,727847,351722.0,376125.0,6.0,48034,45254616,5.0,43.8
13067,"Cobb, GA",2015,0.15,-0.08,-0.03,0.02,0.0,0.87,-0.1,0.23,0.18,0.23,0.67,0.0,0.34,0.02,3.73,-0.17,-0.11,0.49,0.02,0.05,0.9,739428,357406.0,382022.0,5.1,50014,47021937,3.9,44.1
13067,"Cobb, GA",2016,0.02,0.01,0.01,0.06,-0.01,0.85,0.28,0.17,0.0,0.24,0.67,-0.01,0.2,0.03,7.08,0.54,1.3,0.97,0.0,0.14,0.67,748767,361912.0,386855.0,4.8,51714,50349572,7.1,45.0
13067,"Cobb, GA",2017,0.09,-0.01,-0.04,0.29,0.0,0.05,-0.1,0.38,0.14,0.18,0.67,0.0,0.33,0.04,5.81,0.75,0.46,1.22,0.12,-0.23,0.69,753361,364324.0,389037.0,4.3,55138,53345406,6.0,45.5
13067,"Cobb, GA",2018,0.09,0.05,0.01,0.18,0.0,-0.03,-0.38,0.12,0.03,0.31,-0.5900000000000001,0.0,-0.23,0.06,3.1,1.23,2.15,0.58,0.18,-0.11,-0.27,757133,366903.0,390230.0,3.6,57448,55018604,3.1,46.5
13067,"Cobb, GA",2019,0.04,-0.01,0.01,0.19,0.0,0.23,0.31,-0.01,0.05,0.31,0.31,0.0,-0.05,-0.04,3.0,1.25,0.05,0.15,-0.05,0.26,0.12,761060,368963.0,392097.0,3.2,59653,56696165,3.0,47.4
13067,"Cobb, GA",2020,-0.52,0.18,-0.07,-0.18,0.01,-0.38,-0.19,-0.08,-0.17,0.2,-0.48,0.01,0.22,-0.16,-2.3,0.21,-0.66,-0.74,0.06,0.21,-0.12,766383,373512.0,392871.0,6.1,62367,55294855,-2.5,48.4
13067,"Cobb, GA",2021,0.59,0.18000000000000002,0.08,0.22,0.0,0.21,-0.21,0.36,0.05,0.87,0.67,0.01,0.14,0.04,8.36,1.98,1.22,0.35,0.02,-0.15,0.57,766747,373296.0,393451.0,3.4,67894,59948300,8.4,49.0
13067,"Cobb, GA",2022,0.22,0.09,0.07,0.12,0.0,-0.05,0.25,0.19,0.22,0.44,0.17,0.0,-0.11,0.18,4.64,1.77,1.6,-0.31,0.13,0.17,-0.17,774162,377359.0,396803.0,2.8,71749,62861804,4.9,49.7
13067,"Cobb, GA",2023,0.05,-0.02,-0.01,-0.14,0.01,-0.13,0.34,0.69,0.28,0.38,-0.5900000000000001,0.01,-0.14,-0.14,1.13,0.13,0.65,0.88,-0.07,-0.01,-0.37,781208,380908.0,400300.0,3.1,75176,63747621,1.4,50.4
13069,"Coffee, GA",2002,-0.06,0.0,0.0,0.05,-1.14,0.36,,0.91,0.48,0.47,0.12,-1.14,,0.1,-0.17,0.3,-0.69,0.75,-0.04,0.04,-0.01,38791,,,5.4,21554,1389310,0.3,
13069,"Coffee, GA",2003,0.0,0.0,,,0.81,0.51,0.34,-0.56,0.42,0.23,0.06,0.81,-0.68,-0.08,0.72,,-0.23,0.07,-0.96,,0.39,39183,,,6.9,21930,1405123,1.1,
13069,"Coffee, GA",2004,0.13,0.02,-0.01,,-0.54,-0.14,-1.49,0.34,1.91,0.26,0.15,-0.54,1.33,0.05,0.4,,-0.34,-0.14,0.03,,0.76,39383,,,6.1,22759,1437668,2.3,
13069,"Coffee, GA",2005,0.0,0.0,-0.04,-0.17,0.2,0.18,-1.32,0.23,-0.3,-0.03,0.18,0.2,0.98,0.09,0.37,0.03,-0.61,-0.04,0.1,-0.01,0.43,39829,,,5.7,23354,1438681,0.1,
13069,"Coffee, GA",2006,0.02,-0.01,0.03,0.02,-1.13,0.1,-0.37,-0.35,-0.29,0.14,0.18,-1.13,-2.02,0.07,-2.71,0.01,0.61,-0.21,-0.09,-0.02,0.33,40702,,,5.3,23216,1395429,-3.0,
13069,"Coffee, GA",2007,-0.01,0.04,0.0,0.13,-0.65,-1.56,1.74,-0.02,-0.11,-0.04,0.16,-0.65,-0.99,0.01,-1.93,0.0,0.26,-1.31,0.19,0.0,0.26,41299,,,5.9,24082,1366879,-2.0,
13069,"Coffee, GA",2008,0.1,-0.04,0.01,0.11,1.71,-0.2,-0.38,0.38,-0.73,0.28,-0.25,1.71,-2.4,-0.02,-2.24,0.29,-0.58,-0.15,-0.93,-0.01,-0.05,41813,,,8.4,25002,1326248,-3.0,
13069,"Coffee, GA",2009,-0.04,0.02,0.02,-0.28,1.02,-0.11,-2.82,0.98,-0.32,0.7,-0.2,1.01,-2.04,-0.16,-3.32,-0.4,1.8,-0.68,-0.58,-0.02,-0.8,42089,,,15.4,24580,1277956,-3.6,
13069,"Coffee, GA",2010,0.16,0.1,,0.34,-0.99,0.04,1.3,-0.58,-0.38,,-0.16,-0.99,-2.43,0.11,-4.4,0.29,-0.82,-0.02,-0.2,-0.03,0.3,42729,21784.0,20945.0,15.6,24806,1216841,-4.8,11.0
13069,"Coffee, GA",2011,0.12,0.0,-0.02,1.02,-2.48,-0.3,0.66,0.41,-0.19,0.14,-0.11,-2.48,1.94,-0.09,1.95,0.93,1.27,-0.02,0.01,-0.01,-0.51,42998,22161.0,20837.0,12.6,26104,1238275,1.8,11.8
13069,"Coffee, GA",2012,-0.01,0.04,,0.68,-1.01,-0.63,0.33,0.17,-0.52,,0.54,-1.01,-0.49,0.04,-0.4,0.66,-0.37,0.01,0.1,0.01,-0.27,43131,22078.0,21053.0,11.2,25808,1226894,-0.9,11.3
13069,"Coffee, GA",2013,-0.12,-0.04,0.0,0.58,0.99,0.05,0.39,-0.31,0.03,0.57,0.67,0.99,1.65,-0.21,5.81,0.62,1.14,0.38,0.52,0.01,-0.58,43084,22073.0,21011.0,9.9,26792,1298558,5.8,12.9
13069,"Coffee, GA",2014,-0.04,-0.01,0.0,1.06,-2.79,0.04,-1.53,0.48,-0.27,0.36,0.67,-2.79,1.94,0.06,1.6,0.99,0.29,0.31,0.24,-0.04,0.45,42893,21948.0,20945.0,8.2,28107,1315826,1.3,12.3
13069,"Coffee, GA",2015,-0.07,-0.02,-0.01,-0.98,2.69,1.43,1.09,-0.57,-0.08,-0.19,0.67,2.69,0.19,-0.07,4.22,-1.65,-0.22,-0.1,0.36,0.13,0.41,42998,21984.0,21014.0,6.8,29236,1370366,4.1,13.7
13069,"Coffee, GA",2016,0.06,-0.01,0.0,-0.06,-0.1,0.63,1.59,-0.33,-0.38,0.29,0.67,-0.1,0.21,-0.08,3.09,-0.52,-0.82,-0.49,1.35,0.04,0.47,42924,21988.0,20936.0,5.9,29306,1407489,2.7,13.1
13069,"Coffee, GA",2017,0.04,-0.06,0.0,-0.25,1.54,-0.14,2.41,-0.33,0.57,0.68,0.42,1.54,-0.21,-0.1,4.99,-0.1,-0.19,0.46,0.38,-0.01,0.22,42871,21922.0,20949.0,5.2,31174,1485752,5.6,14.1
13069,"Coffee, GA",2018,0.12,-0.01,0.03,0.11,-0.06,-0.2,0.1,-0.3,-0.04,1.16,0.08,-0.06,0.05,-0.05,2.07,0.18,0.18,0.13,0.21,0.09,0.36,43060,22089.0,20971.0,4.6,31818,1515880,2.0,13.2
13069,"Coffee, GA",2019,-0.05,-0.03,0.0,0.7,-0.32,-0.05,1.64,0.47,-0.08,0.29,0.34,-0.32,0.2,-0.14,3.08,0.79,-0.33,1.7,-1.2399999999999998,-0.01,0.08,43278,22187.0,21091.0,4.0,32698,1561315,3.0,13.0
13069,"Coffee, GA",2020,-0.31,-0.04,,-0.31,-1.35,0.23,0.18,0.31,-0.57,,-0.21,-1.35,1.19,-0.05,-0.54,0.0,-0.74,0.5,0.02,0.02,0.6,43058,22144.0,20914.0,5.9,35535,1543899,-1.1,12.2
13069,"Coffee, GA",2021,0.48,0.05,0.01,-0.06,0.79,0.49,-0.7,-0.06,0.2,0.63,0.65,,0.11,-0.06,3.99,0.03,0.3,0.15,0.7,,,43053,22016.0,21037.0,4.1,40921,1608690,4.2,14.0
13069,"Coffee, GA",2022,0.4,0.01,0.0,-0.23,1.98,-0.95,1.92,-0.61,0.38,0.29,-0.22,,1.01,0.14,4.01,0.19,0.42,-0.48,-0.46,,,43311,22260.0,21051.0,3.7,39321,1679338,4.4,12.9
13069,"Coffee, GA",2023,-0.02,0.02,,0.65,-1.75,-0.53,1.71,0.44,-0.26,,0.03,-1.75,0.18,-0.1,1.6,0.66,0.18,0.97,-0.41,0.0,-0.14,43464,22179.0,21285.0,3.7,40334,1701780,1.3,13.5
13071,"Colquitt, GA",2002,0.01,-0.01,,-0.04,,-0.2,-1.46,-0.01,0.94,,0.18,,0.64,0.0,-2.34,0.33,0.13,-0.46,-0.04,0.08,-0.03,42570,,,5.1,20529,1117740,-1.4,
13071,"Colquitt, GA",2003,-0.02,0.01,0.0,0.1,4.29,0.46,-2.51,-0.63,0.07,0.33,0.04,4.79,1.19,0.1,5.05,0.07,-0.41,0.12,0.3,-0.04,0.46,42554,,,5.3,21543,1175055,5.1,
13071,"Colquitt, GA",2004,-0.23,-0.01,0.0,0.36,-0.93,0.76,-0.06,-0.62,-0.43,-0.02,0.16,-0.93,1.19,0.12,1.17,0.34,-0.11,0.15,0.13,0.03,0.25,42987,,,4.8,22380,1183797,0.7,
13071,"Colquitt, GA",2005,-0.03,0.01,0.02,-0.03,3.21,1.03,0.68,0.54,0.18,0.07,0.26,3.21,0.58,0.0,7.92,-0.27,0.35,1.0,0.05,-0.04,0.45,42993,,,5.1,24083,1279622,8.1,
13071,"Colquitt, GA",2006,0.1,0.0,,-0.08,0.06,-2.79,0.04,1.04,-0.02,-0.26,0.24,0.06,2.2,-0.02,-0.81,,-0.41,-0.51,0.08,0.02,0.39,43700,,,4.2,24407,1268991,-0.8,
13071,"Colquitt, GA",2007,-0.04,0.0,0.01,-0.03,-2.19,-0.9,0.06,-0.01,0.09,0.01,0.42,-2.19,2.365,-0.01,4.71,-0.22,2.31,-0.32,-0.2,0.0,-0.16,44209,,,4.5,25752,1329923,4.8,
13071,"Colquitt, GA",2008,-0.01,0.01,0.01,-0.02,-1.2,0.11,-0.25,0.2,-0.92,0.31,-0.24,-1.2,2.365,-0.08,4.94,-0.06,-0.61,-0.03,-0.08,0.04,0.02,44872,,,6.1,26432,1383462,4.0,
13071,"Colquitt, GA",2009,-0.13,-0.03,-0.03,-0.07,4.28,0.71,-0.45,2.19,0.57,0.28,-0.42,4.28,-0.22,-0.19,5.38,-0.17,-0.2,0.03,-0.18,-0.03,-0.16,45152,,,9.1,26534,1465787,6.0,
13071,"Colquitt, GA",2010,0.01,0.03,-0.06,0.11,-4.32,-0.02,0.15,-0.79,-0.09,0.23,-0.3,-4.78,-2.43,-0.14,-10.53,0.1,0.84,0.15,0.29,0.04,0.33,45638,22646.0,22992.0,9.6,26081,1310028,-10.6,11.2
13071,"Colquitt, GA",2011,-0.01,-0.01,0.0,0.26,-0.18,-0.02,-0.33,0.3,0.26,0.56,-0.29,-0.18,-2.43,-0.21,-4.26,0.23,0.25,0.19,0.13,0.03,0.23,45778,22677.0,23101.0,9.3,27478,1257646,-4.0,11.9
13071,"Colquitt, GA",2012,-0.08,0.01,0.0,-0.07,-2.98,0.18,-0.01,0.28,-0.3,0.27,0.67,-2.98,-1.01,-0.13,-1.01,-0.13,1.64,-0.28,0.0,0.0,0.29,46029,22918.0,23111.0,8.6,27697,1241163,-1.3,13.3
13071,"Colquitt, GA",2013,0.03,-0.03,0.0,0.52,-1.22,-0.34,-0.23,-0.24,-0.24,0.28,0.23,-1.22,2.365,0.01,3.84,0.5,1.43,0.33,0.11,0.03,0.28,46139,22831.0,23308.0,8.7,26834,1285916,3.6,13.1
13071,"Colquitt, GA",2014,0.18,-0.01,0.0,-0.36,-4.32,0.66,-0.34,0.25,-0.18,0.2,-0.06,-4.38,1.67,0.07,-4.51,-0.3,-2.38,-0.31,-0.01,-0.02,0.27,45880,22715.0,23165.0,8.1,27084,1225651,-4.7,12.9
13071,"Colquitt, GA",2015,0.1,0.01,0.0,0.14,4.29,-0.51,-0.17,-0.44,0.67,0.32,-0.16,4.79,0.71,0.13,11.34,0.17,2.67,0.65,0.19,0.08,0.16,45486,22548.0,22938.0,6.5,29481,1372798,12.0,13.1
13071,"Colquitt, GA",2016,0.05,0.0,,0.33,2.78,0.28,0.29,-0.36,-0.34,,-0.21,2.78,-1.18,-0.06,1.1,0.24,-1.89,0.7,0.26,0.17,-0.05,45471,22576.0,22895.0,5.5,29862,1383201,0.8,12.9
13071,"Colquitt, GA",2017,0.04,0.0,0.0,0.14,0.56,-0.18,0.89,-0.27,1.89,-0.72,-0.4,0.56,-1.74,-0.09,-0.03,0.17,-0.02,1.4,0.22,-0.06,0.18,45501,22577.0,22924.0,4.7,31966,1408968,1.9,12.5
13071,"Colquitt, GA",2018,-0.03,0.03,,-0.1,0.57,0.0,0.36,2.19,0.3,,-0.01,0.57,-1.94,-0.09,3.61,-0.07,2.72,-0.74,0.1,0.02,0.12,45467,22635.0,22832.0,3.9,32497,1464058,3.9,12.5
13071,"Colquitt, GA",2019,-0.1,-0.03,0.02,-0.01,-0.6,-0.33,0.06,-0.02,0.08,0.28,0.02,-0.6,1.96,-0.08,-0.36,0.07,-1.4,0.04,-0.14,0.01,-0.12,45569,22599.0,22970.0,3.4,33642,1459933,-0.3,12.8
13071,"Colquitt, GA",2020,-0.31,0.01,0.0,-0.01,1.04,0.39,1.17,-1.82,-0.49,-0.96,-0.14,1.04,1.53,-0.18,1.92,-0.02,0.16,0.3,0.0,0.09,0.66,45901,22822.0,23079.0,4.7,37679,1480834,1.4,13.7
13071,"Colquitt, GA",2021,0.22,0.04,0.02,0.15,-0.89,0.34,0.05,-0.17,1.01,0.26,0.04,-0.89,0.4,-0.04,0.59,0.28,0.03,-0.13,0.03,0.09,0.03,45774,22718.0,23056.0,3.4,40854,1504547,1.6,14.4
13071,"Colquitt, GA",2022,0.1,-0.01,0.02,0.08,-0.39,0.18,0.22,-0.7,0.17,0.28,-0.02,-0.39,0.12,0.14,-0.2,0.22,0.63,-0.22,-0.54,0.01,-0.22,45952,22842.0,23110.0,3.0,41512,1504186,0.0,14.7
13071,"Colquitt, GA",2023,-0.01,0.02,,0.17,2.28,0.04,0.11,-0.05,0.45,,0.03,2.28,-1.47,0.06,3.32,0.39,0.58,0.89,0.21,0.08,-0.12,46515,23107.0,23408.0,3.0,42437,1560788,3.8,15.7
13073,"Columbia, GA",2002,0.18,-0.09,0.08,-0.26,0.0,-0.61,-0.74,0.21,0.63,0.18,0.26,0.1,0.21,0.3,3.7,0.85,0.83,1.27,-0.04,0.06,0.66,95818,,,3.6,31092,2259354,4.3,
13073,"Columbia, GA",2003,0.26,0.12,0.05,0.69,-0.06,0.32,0.12,1.32,0.89,0.31,0.14,-0.1,0.88,0.2,8.19,1.61,1.61,0.88,0.16,0.06,0.25,98761,,,3.5,32716,2464701,9.1,
13073,"Columbia, GA",2004,0.18,0.03,0.02,1.12,-0.09,1.05,0.35,-0.58,0.43,0.73,0.0,-0.24,0.64,0.28,4.64,1.76,1.13,-0.34,0.2,0.21,-0.79,102934,,,3.8,33881,2589794,5.1,
13073,"Columbia, GA",2005,0.69,0.07,-0.05,0.47,-0.04,0.55,1.86,0.65,0.69,1.19,0.35,0.0,0.41,0.21,8.67,1.17,0.74,1.32,-0.12,0.05,-0.41,106477,,,4.6,35039,2832140,9.4,
13073,"Columbia, GA",2006,0.16,-0.01,0.11,-0.32,-0.04,0.33,0.2,0.32,1.47,0.54,0.09,0.0,-0.1,0.01,0.04,-0.75,-1.1,0.46,-0.05,-0.09,-0.1,110845,,,4.1,36868,2874855,1.5,
13073,"Columbia, GA",2007,-0.44,0.17,0.01,0.32,-0.09,-0.87,0.37,-0.08,-0.05,-0.05,-0.02,0.21,-0.66,-0.02,0.37,0.76,1.25,0.23,-0.1,-0.1,-0.29,115074,,,3.8,37977,2883802,0.3,
13073,"Columbia, GA",2008,0.11,0.01,0.0,-0.24,0.06,-1.2,0.27,0.58,0.07,0.47,0.12,-0.27,0.4,-0.05,3.05,1.19,0.98,0.62,-0.03,-0.1,-0.05,117504,,,4.9,39877,2973746,3.1,
13073,"Columbia, GA",2009,-0.06,-0.04,-0.05,-0.2,0.08,-0.31,-1.6,2.19,0.38,0.17,-0.07,0.05,-1.18,-0.13,-1.93,-1.18,0.77,-0.09,-0.21,-0.06,-0.38,121050,,,6.9,39823,2927410,-1.6,
13073,"Columbia, GA",2010,0.31,0.1,-0.05,0.38,,0.09,0.36,-1.31,0.18,0.12,0.29,,0.12,0.19,4.69,0.85,1.9,1.33,,-0.02,0.43,124951,60807.0,64144.0,7.2,40621,3070010,4.9,33.8
13073,"Columbia, GA",2011,0.28,-0.08,-0.01,0.27,,-1.04,0.69,0.61,0.08,0.33,0.09,,-0.17,0.09,4.66,-1.36,4.39,0.73,,0.02,0.07,128832,62621.0,66211.0,7.2,42649,3215726,4.7,34.3
13073,"Columbia, GA",2012,0.09,0.06,0.04,0.18,0.03,0.19,0.62,1.28,0.06,0.44,0.29,0.02,0.92,0.1,6.86,0.67,2.03,-0.03,0.01,-0.01,0.15,132601,64554.0,68047.0,6.9,43231,3438080,6.9,34.7
13073,"Columbia, GA",2013,0.04,-0.02,-0.01,-0.28,-0.11,0.91,0.94,-0.19,0.05,0.48,0.42,-0.11,-0.71,0.07,3.1,-0.21,1.82,-0.35,0.06,0.02,-0.05,136232,66452.0,69780.0,6.4,43184,3546456,3.2,34.1
13073,"Columbia, GA",2014,0.0,0.02,0.0,0.15,,0.88,-0.13,-0.18,0.32,0.02,0.27,,-0.26,0.22,1.71,0.5,0.13,0.34,,0.02,-0.15,139223,67917.0,71306.0,5.8,44985,3618639,2.0,34.2
13073,"Columbia, GA",2015,0.19,-0.07,-0.06,0.01,,1.15,0.75,-0.29,0.46,0.31,0.14,,-0.25,0.09,1.93,0.3,-1.17,0.71,,-0.01,0.16,143991,70291.0,73700.0,5.1,46590,3705202,2.4,35.3
13073,"Columbia, GA",2016,-0.09,-0.04,-0.01,-0.09,,0.72,0.82,-1.03,0.37,0.52,-0.2,,-0.22,0.1,3.88,0.47,1.93,1.02,,0.04,-0.15,147622,72121.0,75501.0,5.0,47805,3862682,4.3,35.1
13073,"Columbia, GA",2017,0.03,-0.04,0.0,-0.12,-0.02,0.19,1.82,-0.37,0.57,0.28,-0.39,0.0,0.03,0.0,2.8,0.2,0.52,0.31,0.16,-0.03,0.07,151757,74161.0,77596.0,4.4,48882,3992820,3.4,34.4
13073,"Columbia, GA",2018,-0.09,-0.01,0.06,0.1,0.0,0.17,-0.02,-0.65,0.33,0.23,0.11,0.13,0.02,0.28,4.62,0.77,3.39,0.47,0.12,-0.04,-0.31,154399,75444.0,78955.0,3.7,50485,4190357,4.9,35.1
13073,"Columbia, GA",2019,0.26,0.0,0.03,0.16,,-1.04,0.07,0.66,0.3,0.54,0.38,,-0.14,0.08,0.0,0.37,-2.09,0.29,,0.0,0.59,157129,76689.0,80440.0,3.4,52531,4202826,0.3,36.4
13073,"Columbia, GA",2020,-0.42,-0.1,-0.04,0.15,,0.27,-1.24,0.05,0.02,-0.24,0.1,,0.16,-0.26,-0.22,,0.83,0.16,0.0,0.06,0.53,156869,76767.0,80102.0,4.5,55657,4194324,-0.2,36.5
13073,"Columbia, GA",2021,0.7700000000000001,0.06,0.08,0.49,0.0,1.48,-0.19,0.18,0.47,0.46,-0.02,,0.15,0.15,3.95,,-1.73,0.7,,,0.59,159680,78139.0,81541.0,2.9,58551,4379957,4.4,37.5
13073,"Columbia, GA",2022,0.37,0.07,-0.01,0.27,-0.01,-0.95,0.41,-0.65,0.22,0.46,0.19,,0.03,0.11,3.63,-0.01,,-0.46,-0.16,-0.02,-0.2,162681,79515.0,83166.0,3.1,59114,4548640,3.9,37.4
13073,"Columbia, GA",2023,-0.11,0.03,0.02,0.29,0.03,0.05,0.04,-0.05,0.2,0.4,0.05,0.0,-0.06,-0.14,2.71,0.63,0.73,1.15,,,-0.09,165470,80763.0,84707.0,3.2,61147,4681187,2.9,37.8
13075,"Cook, GA",2002,-0.7000000000000002,0.05,0.0,-0.02,-0.77,-1.05,-0.51,0.14,0.24,0.8,0.13,-0.77,0.48,0.02,-0.77,0.24,0.87,0.42,-0.39,0.05,-0.4,15985,,,4.7,20141,419115,-0.5,
13075,"Cook, GA",2003,-0.15,-0.13,0.0,-0.26,4.29,1.01,-2.64,-0.88,0.24,-0.33,,4.79,0.13,0.01,4.37,,-0.06,0.3,,0.03,-0.17,16060,,,5.3,21160,438421,4.6,
13075,"Cook, GA",2004,0.12,-0.05,,,-0.3,2.47,0.73,-1.5,-0.83,,,-0.15,-0.4,0.17,0.25,,-0.98,0.47,0.42,0.01,-0.2,16268,,,5.3,21858,435896,-0.6,
13075,"Cook, GA",2005,,,-0.04,0.27,1.5,0.54,0.76,0.42,1.51,-0.5,0.06,1.39,0.41,0.11,4.3,0.37,-0.06,0.37,-0.1,0.0,0.64,16567,,,5.9,22896,461186,5.8,
13075,"Cook, GA",2006,-0.02,-0.03,0.0,,1.97,-3.25,0.06,-0.1,-0.11,-0.02,0.0,2.03,0.08,0.44,-3.01,0.61,-1.38,-0.24,0.5,-0.01,-0.79,16622,,,5.3,23530,446823,-3.1,
13075,"Cook, GA",2007,,,0.1,0.26,-4.32,-0.14,-0.81,-0.19,-0.27,-0.15,0.04,-4.63,1.85,0.07,-4.45,,0.97,-0.86,0.35,0.02,-0.85,16848,,,5.7,24597,425733,-4.7,
13075,"Cook, GA",2008,-0.07,,0.06,0.45,-2.47,0.06,-0.42,0.17,-0.9,0.32,,-2.63,-0.81,-0.13,-4.73,0.3,1.52,-0.34,,0.07,-1.5500000000000005,17067,,,7.9,25203,401784,-5.6,
13075,"Cook, GA",2009,-0.08,-0.07,0.03,-0.76,4.29,0.18,-2.76,1.1,0.14,-0.05,0.08,4.79,-1.28,-0.3,-0.14,-1.01,-2.19,-0.47,0.36,-0.03,-0.09,17114,,,12.8,25876,401769,0.0,
13075,"Cook, GA",2010,-0.21,-0.03,-0.09,-0.4,-3.41,1.07,-0.01,-1.21,-0.02,0.24,-0.09,-3.44,-1.12,-0.2,-2.72,-0.44,1.35,0.25,1.11,0.03,0.07,17184,8353.0,8831.0,11.5,26365,390764,-2.7,10.4
13075,"Cook, GA",2011,,,-0.01,-0.43,-3.0,-0.66,,0.74,0.17,0.23,0.01,-3.05,,-0.23,-6.97,-0.34,1.63,-0.22,-0.79,0.01,-0.17,17036,8286.0,8750.0,11.0,27314,364193,-6.8,9.9
13075,"Cook, GA",2012,0.11,0.0,0.03,0.14,-4.32,0.0,-0.55,0.46,1.49,-0.86,0.16,-4.869999999999999,-1.91,-0.06,-10.75,0.27,-1.05,-0.06,0.14,-0.02,-0.03,16906,8168.0,8738.0,9.3,27746,330471,-9.3,11.9
13075,"Cook, GA",2013,,,-0.06,0.01,-2.61,-0.01,,-0.1,2.32,-1.2700000000000002,0.02,-2.58,,-0.13,-5.14,0.03,-0.29,0.28,-0.44,-0.02,-0.82,17055,8215.0,8840.0,8.5,27944,321736,-2.6,12.4
13075,"Cook, GA",2014,-0.19,0.02,0.03,,-4.32,1.55,-1.34,0.24,0.36,-0.97,,4.79,0.1,-0.1,6.11,,0.83,0.22,-0.07,-0.04,-0.64,17307,8287.0,9020.0,8.1,27868,342542,6.5,13.4
13075,"Cook, GA",2015,0.14,0.02,0.02,-0.12,2.8,-0.8,-0.45,-0.55,-0.26,0.12,0.11,2.08,1.11,-0.18,2.13,-0.05,0.11,0.3,0.36,0.03,-0.23,17076,8158.0,8918.0,6.8,29642,348945,1.9,12.9
13075,"Cook, GA",2016,0.06,0.01,0.01,-0.25,-1.86,-0.2,0.87,-0.06,-0.51,0.06,-0.38,-1.94,0.0,-0.06,0.56,-0.29,0.44,2.0,0.13,0.03,-0.29,17175,8226.0,8949.0,5.8,29859,349109,0.0,13.8
13075,"Cook, GA",2017,0.2,0.11,0.01,-0.15,2.79,0.47,2.24,-0.84,0.09,-0.22,,3.8,0.16,0.02,3.49,,-2.97,0.74,,0.02,-0.49,17217,8229.0,8988.0,4.8,30886,361602,3.6,14.8
13075,"Cook, GA",2018,-0.03,-0.03,0.06,0.11,-1.41,3.17,1.34,-0.25,0.43,-0.24,0.16,-0.57,-0.49,0.05,5.22,0.29,0.9,0.42,0.41,0.0,0.06,17161,8238.0,8923.0,4.0,32293,382012,5.6,15.5
13075,"Cook, GA",2019,-0.04,-0.07,0.06,,-1.05,-3.25,1.25,,1.48,0.06,,-0.74,-0.01,-0.02,-1.59,0.6,0.31,0.27,-0.13,-0.03,0.26,17241,8265.0,8976.0,3.7,33363,381612,-0.1,13.5
13075,"Cook, GA",2020,,,-0.07,,0.06,1.23,-0.74,,-1.2,-0.08,,2.04,-0.1,-0.04,-3.29,-0.61,-2.0,-0.1,-0.16,0.02,0.13,17236,8365.0,8871.0,5.1,36336,364505,-4.5,15.7
13075,"Cook, GA",2021,,,0.02,-0.16,0.11,0.84,2.13,0.1,0.63,0.36,,2.25,0.44,-0.19,9.54,,2.67,-0.33,0.48,0.04,0.18,17264,8365.0,8899.0,3.6,39746,401571,10.2,16.6
13075,"Cook, GA",2022,,,0.02,-0.01,1.58,-0.11,0.74,-0.28,0.48,0.18,,-0.22,0.19,0.12,0.42,,0.88,-0.54,-0.67,-0.03,-0.15,17414,8416.0,8998.0,3.4,39357,405171,0.9,16.0
13075,"Cook, GA",2023,0.14,0.08,0.0,,-1.62,0.71,-1.64,0.03,0.42,0.19,,-1.7,-0.68,-0.21,-0.75,0.56,,0.86,0.1,-0.01,0.56,17760,8641.0,9119.0,3.5,40392,403853,-0.3,16.7
13077,"Coweta, GA",2002,-0.12,-0.04,0.02,-0.37,0.05,-1.0,0.69,0.11,0.72,0.3,0.67,0.07,-0.48,0.19,0.75,-0.25,0.36,1.09,-0.33,-0.23,0.53,97191,,,4.5,27892,2764612,1.5,
13077,"Coweta, GA",2003,0.25,0.09,0.01,-0.02,0.06,0.47,0.65,-0.01,0.8,1.06,0.65,0.05,-0.37,0.13,5.49,0.03,1.0,0.58,,,,100382,,,4.5,28768,2938475,6.3,
13077,"Coweta, GA",2004,0.2,0.18,-0.02,0.28,0.05,0.87,0.08,0.17,-0.16,0.1,0.67,0.08,0.14,0.07,5.71,0.17,1.19,-0.02,0.73,0.26,0.8,104089,,,4.1,29644,3101367,5.5,
13077,"Coweta, GA",2005,0.36,0.04,0.02,0.18,-0.12,-1.0,-0.45,0.57,0.29,0.02,0.17,-0.16,-0.23,0.06,3.13,0.28,0.82,0.56,0.7,0.26,0.44,108371,,,4.8,30857,3207406,3.4,
13077,"Coweta, GA",2006,0.33,0.07,0.03,-0.06,0.1,0.11,0.8,0.67,0.18,0.15,0.67,0.09,-0.04,0.07,4.27,-0.2,0.19,0.04,0.48,0.26,0.11,113749,,,4.2,32138,3350115,4.4,
13077,"Coweta, GA",2007,-0.05,0.12,0.02,0.39,,0.02,2.11,0.12,0.17,-0.02,0.13,,0.37,0.15,4.75,0.46,0.19,0.71,,0.26,0.01,118156,,,4.0,34504,3515131,4.9,
13077,"Coweta, GA",2008,-0.14,-0.07,0.03,-0.18,0.02,-1.1,0.64,0.2,-0.29,0.63,-0.27,0.02,0.19,-0.05,3.31,0.02,2.6,-0.19,0.24,0.26,0.15,122281,,,5.8,36062,3621094,3.0,
13077,"Coweta, GA",2009,-0.29,0.05,0.11,-0.17,0.09,-0.86,-2.24,0.91,0.27,0.17,-0.21,0.05,-0.02,-0.12,-7.81,-0.43,-0.39,-0.42,-0.66,-0.23,-0.46,125501,,,9.8,35077,3348260,-7.5,
13077,"Coweta, GA",2010,-0.14,0.09,0.09,0.46,-0.04,-0.46,2.09,-0.97,0.16,-0.25,-0.09,-0.14,-0.55,0.13,3.45,0.28,0.61,0.22,-0.47,0.26,0.46,127939,62534.0,65405.0,9.6,33599,3469124,3.6,25.7
13077,"Coweta, GA",2011,0.07,-0.05,0.04,0.41,-0.13,1.13,-0.64,0.18,-0.08,0.06,0.08,-0.15,0.27,-0.17,-0.71,1.01,-1.16,-0.19,-0.3,-0.23,0.04,129390,63261.0,66129.0,8.9,35868,3441665,-0.8,26.2
13077,"Coweta, GA",2012,0.08,-0.11,0.04,0.24,-0.04,-0.69,-0.23,0.24,-0.15,1.15,0.29,-0.05,-0.41,-0.06,1.19,0.81,3.19,0.13,-0.06,-0.23,0.41,130614,63767.0,66847.0,7.8,37429,3477307,1.0,26.1
13077,"Coweta, GA",2013,0.25,-0.13,0.08,0.63,-0.08,0.25,0.35,0.03,-0.18,1.5300000000000002,0.67,-0.07,0.24,0.05,5.32,0.55,0.65,0.51,0.12,-0.23,0.86,132980,64951.0,68029.0,6.9,38629,3656034,5.1,26.9
13077,"Coweta, GA",2014,0.27,-0.07,0.11,0.45,0.0,1.84,0.7,0.42,-0.05,1.34,0.64,0.03,0.32,0.15,6.82,1.0,0.63,0.3,-0.16,-0.23,1.12,135191,65877.0,69314.0,6.2,40420,3903503,6.8,26.6
13077,"Coweta, GA",2015,0.21,-0.11,0.11,-0.2,0.0,0.61,0.61,-0.01,0.16,1.37,0.67,0.0,0.48,0.07,5.03,-0.66,1.61,0.54,-0.11,-0.23,-0.04,138217,67328.0,70889.0,5.4,42160,4105936,5.2,27.6
13077,"Coweta, GA",2016,0.06,0.02,0.09,-0.5,-0.01,0.74,0.92,-0.24,-0.04,0.66,0.67,-0.01,0.31,-0.11,3.83,-0.86,0.06,0.7,-0.12,0.21,0.69,140561,68461.0,72100.0,5.1,44261,4261682,3.8,28.1
13077,"Coweta, GA",2017,0.1,0.12,-0.03,-0.33,0.01,0.23,0.69,-0.22,0.17,0.26,0.3,0.02,0.24,-0.09,3.61,-0.29,0.92,0.59,0.12,-0.2,0.86,143218,69773.0,73445.0,4.3,46039,4422903,3.8,29.0
13077,"Coweta, GA",2018,0.07,-0.03,-0.01,0.56,0.0,0.71,-0.15,-0.06,0.13,0.9,0.13,0.03,0.38,0.04,4.91,0.54,-0.12,0.81,0.23,0.26,0.71,146063,71019.0,75044.0,3.5,48286,4645924,5.0,29.8
13077,"Coweta, GA",2019,0.03,0.04,0.01,-0.06,0.0,0.61,0.98,0.06,0.08,0.79,0.33,0.02,0.08,0.1,7.7,0.18,2.78,0.34,-0.18,0.26,0.36,148504,72223.0,76281.0,3.1,50329,5007364,7.8,30.3
13077,"Coweta, GA",2020,-0.55,-0.13,-0.09999999999999999,0.36,0.03,1.12,0.06,0.34,-0.19,-0.99,-0.55,0.07,-0.07,-0.08,1.35,0.36,0.67,0.46,0.17,0.26,0.02,146759,71707.0,75052.0,6.3,53620,5065569,1.2,33.3
13077,"Coweta, GA",2021,0.59,0.11,-0.09999999999999999,0.13,0.0,1.0,0.62,0.46,0.23,1.0,-0.3,0.0,0.27,0.04,5.64,0.81,0.6,1.14,0.74,-0.23,0.1,149999,73034.0,76965.0,3.4,57523,5363218,5.9,33.7
13077,"Coweta, GA",2022,0.34,0.06,0.11,0.27,-0.04,-3.03,0.42,-0.01,0.44,0.66,-0.25,-0.04,0.29,0.07,0.76,0.95,1.51,-0.43,-0.01,0.2,-0.16,153002,74520.0,78482.0,2.8,59223,5427468,1.2,34.1
13077,"Coweta, GA",2023,0.07,0.01,-0.09,0.8,0.02,1.21,0.64,-0.08,0.3,0.29,0.07,-0.02,-0.15,-0.09,6.4,0.67,1.91,1.08,0.04,0.26,-0.4,156269,76152.0,80117.0,3.0,62396,5790634,6.7,34.7
13079,"Crawford, GA",2002,-0.13,0.1,0.0,0.15,-1.48,0.27,-0.01,,0.85,-0.11,,-1.6,-1.42,0.42,-0.56,0.2,,-0.2,0.08,,0.69,12553,,,4.8,22043,151280,0.3,
13079,"Crawford, GA",2003,,-0.17,0.02,-0.13,1.28,2.07,,-1.01,0.72,-0.12,,1.58,,0.03,2.37,-0.07,-0.15,0.09,1.35,,0.26,12592,,,4.7,23114,155961,3.1,
13079,"Crawford, GA",2004,,0.17,-0.02,-0.01,1.29,,,,-1.71,-0.15,,1.78,,0.16,-0.42,0.0,,0.22,1.15,,0.38,12784,,,4.8,23630,152638,-2.1,
13079,"Crawford, GA",2005,,-0.13,0.0,0.26,2.22,,,0.26,1.04,-0.03,,1.01,,-0.15,1.31,0.34,2.15,0.03,-1.2399999999999998,,0.61,12875,,,5.9,24686,156222,2.3,
13079,"Crawford, GA",2006,,-0.13,-0.02,,-1.88,0.31,,0.25,0.19,-0.1,,-1.56,,-0.36,-8.22,-0.26,-4.765000000000001,0.08,-0.17,0.0,-0.01,12943,,,5.1,25486,143678,-8.0,
13079,"Crawford, GA",2007,,0.03,0.06,0.44,-0.01,-0.12,,-1.83,-1.08,-0.62,,-1.24,,-0.42,2.42,,5.42,-0.42,-0.19,0.0,-1.52,12895,,,4.7,27257,145606,1.3,
13079,"Crawford, GA",2008,,-0.03,-0.05,-0.6,2.75,-0.57,,0.53,-1.11,0.96,,1.2,,0.13,6.62,,3.54,-0.12,0.55,0.0,1.04,12967,,,6.2,28898,153617,5.5,
13079,"Crawford, GA",2009,,0.01,0.0,0.09,4.16,0.12,-0.66,0.25,0.27,0.49,,3.19,0.13,-0.09,1.95,,-0.38,0.12,-1.2399999999999998,0.0,0.03,12711,,,10.0,28786,157023,2.2,
13079,"Crawford, GA",2010,,,-0.02,,2.21,1.04,,-0.52,-0.49,0.22,,2.03,,-0.13,6.75,,1.87,0.25,1.35,0.0,0.47,12577,6355.0,6222.0,11.4,28726,166850,6.3,13.6
13079,"Crawford, GA",2011,,,0.03,,0.14,-0.12,,0.22,-0.78,0.18,,-0.64,,-0.07,3.94,0.48,2.44,0.06,0.65,0.0,0.61,12576,6352.0,6224.0,10.6,29899,172122,3.2,11.7
13079,"Crawford, GA",2012,,0.02,-0.01,0.03,,-2.02,,-0.09,0.19,0.23,,,,-0.1,-11.04,0.26,-3.28,0.1,0.81,,-1.35,12567,6328.0,6239.0,9.7,28473,153453,-10.8,12.6
13079,"Crawford, GA",2013,,0.02,,-0.05,,-0.8,,-0.88,-0.79,,0.01,,,0.0,-2.96,0.27,-2.42,0.07,-0.82,,-0.1,12474,6294.0,6180.0,8.8,28897,147702,-3.7,13.0
13079,"Crawford, GA",2014,,0.0,,-0.05,4.29,0.91,0.07,0.53,-0.51,,0.0,4.79,0.11,-0.01,8.37,1.4,0.22,-0.11,-1.2399999999999998,,0.4,12395,6230.0,6165.0,7.5,29987,159320,7.9,11.1
13079,"Crawford, GA",2015,-0.01,-0.07,,-0.03,3.39,1.61,,,-0.31,,,3.16,,-0.17,4.55,0.27,,-0.17,0.87,,-0.29,12351,6220.0,6131.0,6.4,31826,166062,4.2,12.8
13079,"Crawford, GA",2016,0.06,-0.03,-0.03,0.11,,-0.32,,,0.04,0.27,,,,-0.04,-1.11,0.35,,0.16,-1.2399999999999998,,-1.02,12250,6147.0,6103.0,6.1,31998,164277,-1.1,13.1
13079,"Crawford, GA",2017,0.14,0.0,0.11,-0.05,,-0.16,,,-0.03,0.32,,,,0.57,-0.49,0.65,,-0.46,0.13,,-0.41,12236,6130.0,6106.0,5.1,33713,163412,-0.5,13.2
13079,"Crawford, GA",2018,-0.02,0.0,-0.08,0.09,-1.6,-0.14,-0.24,,0.79,-0.07,,-1.63,0.02,0.37,-1.78,0.72,,0.08,-0.48,,0.6,12273,6189.0,6084.0,4.3,34227,161803,-1.0,10.3
13079,"Crawford, GA",2019,-0.14,0.0,-0.02,-0.08,-4.32,0.18,-0.12,,0.6,0.23,,-4.869999999999999,0.01,0.02,-6.56,-0.02,,0.13,,,,12345,6223.0,6122.0,3.9,34749,152159,-6.0,10.5
13079,"Crawford, GA",2020,,0.0,-0.02,-0.21,-4.32,0.45,0.0,,-0.37,-0.68,,-4.869999999999999,-0.1,-0.52,-16.58,0.22,-4.765000000000001,0.02,,,-1.18,12102,6127.0,5975.0,5.3,36813,126375,-16.9,10.6
13079,"Crawford, GA",2021,0.31,0.0,0.0,,4.29,,,0.12,-0.23,-0.6,,4.49,-0.11,-0.35,20.73,-0.02,5.42,-0.03,,0.0,0.09,12140,6093.0,6047.0,3.9,40611,152272,20.5,11.3
13079,"Crawford, GA",2022,,0.0,0.0,,4.29,,,0.22,-0.34,0.33,,4.79,0.02,-0.03,3.27,0.14,,-0.07,,0.0,-0.26,12197,6079.0,6118.0,3.3,40842,156723,2.9,11.3
13079,"Crawford, GA",2023,0.17,0.0,0.0,0.02,-2.83,,,,-0.17,0.28,,0.4,,-0.35,0.14,0.03,-0.3,0.32,,0.0,-0.05,12335,6147.0,6188.0,3.3,40651,156674,0.0,14.0
13081,"Crisp, GA",2002,,0.09,-0.01,0.16,0.67,0.53,0.2,0.09,0.48,0.2,0.16,0.67,-0.52,0.08,1.31,0.12,-0.75,0.43,0.3,,-0.22,22284,,,6.0,20908,701688,1.8,
13081,"Crisp, GA",2003,0.29,-0.17,0.01,0.08,1.95,-0.86,0.65,-0.5,0.19,0.12,0.46,1.95,-0.4,-0.07,3.51,0.08,-0.06,0.39,0.12,0.0,1.59,22194,,,5.7,21549,727707,3.7,
13081,"Crisp, GA",2004,,0.18000000000000002,0.01,0.16,-2.75,0.27,1.33,-0.36,-0.74,0.6,0.14,-2.75,0.25,0.07,2.66,0.46,0.77,-0.36,0.62,,0.96,22320,,,5.4,21921,741640,1.9,
13081,"Crisp, GA",2005,0.45,-0.13,0.02,0.23,1.23,0.6,-2.87,0.66,0.01,0.76,0.58,1.23,0.55,0.07,1.88,0.03,-0.12,0.29,0.08,0.0,0.32,22456,,,6.5,22699,755681,1.9,
13081,"Crisp, GA",2006,0.61,,-0.01,0.26,0.43,-0.5,0.26,-0.04,-0.41,0.29,-0.23,0.69,-1.11,-0.02,0.91,0.01,-1.05,0.1,0.09,,1.7400000000000002,22718,,,5.8,22858,759498,0.5,
13081,"Crisp, GA",2007,0.13,0.05,-0.01,0.13,-1.91,-0.76,0.53,-0.4,-0.15,0.13,-0.41,-1.84,0.66,-0.25,-1.61,0.13,0.22,-0.85,-0.12,0.0,1.19,23146,,,5.8,22993,746160,-1.8,
13081,"Crisp, GA",2008,-0.46,-0.12,0.03,0.36,-1.39,0.4,,0.21,-0.71,0.15,-0.32,-1.79,,-0.16,-4.84,0.91,-0.6,-0.05,-0.15,0.0,-1.05,23243,,,7.9,23230,704719,-5.6,
13081,"Crisp, GA",2009,-0.59,0.06,0.01,-0.32,1.29,-0.25,-2.45,1.18,0.04,-0.08,-0.22,1.29,-0.02,-0.11,-4.57,-0.54,0.81,-0.77,-0.42,0.0,-1.5500000000000005,23378,,,12.2,23108,672824,-4.5,
13081,"Crisp, GA",2010,0.01,0.18000000000000002,-0.02,-0.49,-2.56,-0.22,0.21,-0.69,-0.11,-0.53,-0.03,-2.56,0.24,-0.08,-2.18,-0.59,0.55,0.32,0.18,0.0,0.66,23436,11240.0,12196.0,14.0,23973,657361,-2.3,11.7
13081,"Crisp, GA",2011,,,-0.02,0.15,2.77,-1.01,0.52,0.4,-0.44,0.08,-0.09,2.77,0.14,0.03,4.32,-0.29,1.64,-0.13,0.54,0.0,-0.29,23753,11401.0,12352.0,13.6,26226,682830,3.9,11.5
13081,"Crisp, GA",2012,0.7700000000000001,-0.17,-0.01,-0.15,-2.6,0.97,1.04,0.64,-0.66,0.28,-0.15,-2.6,-0.32,-0.09,0.93,-0.05,0.11,-0.39,0.0,0.0,0.73,23593,11278.0,12315.0,12.3,26363,684639,0.3,13.7
13081,"Crisp, GA",2013,,,0.0,0.02,-1.7,-0.94,,-0.02,-0.66,1.5300000000000002,-0.05,-1.7,,0.19,5.48,-0.09,2.49,-0.13,0.57,0.0,1.24,23304,11057.0,12247.0,11.1,27154,717638,4.8,15.5
13081,"Crisp, GA",2014,-0.02,0.02,0.01,0.16,-0.26,-0.79,2.41,0.31,0.27,0.32,-0.08,-0.26,-0.33,0.09,0.78,0.17,-3.2,-0.22,0.32,0.0,1.7400000000000002,23064,10944.0,12120.0,8.9,28231,725218,1.1,14.7
13081,"Crisp, GA",2015,0.62,-0.07,-0.04,0.0,-0.12,0.11,1.52,-0.41,0.63,0.46,0.07,-0.12,0.17,0.13,3.69,-0.1,-0.18,0.47,0.25,0.0,0.79,22961,10902.0,12059.0,6.9,30135,756564,4.3,14.6
13081,"Crisp, GA",2016,,,0.01,0.45,0.6,0.61,2.05,-0.32,-0.08,0.01,0.47,0.61,0.33,-0.32,2.61,0.54,0.12,0.56,0.55,0.0,-0.29,22882,10810.0,12072.0,6.1,31259,775689,2.5,15.1
13081,"Crisp, GA",2017,0.4,-0.03,-0.01,0.39,0.65,-0.45,3.29,-0.17,0.2,0.56,0.61,0.65,0.17,-0.21,8.17,0.51,0.29,0.92,-0.47,0.0,-0.79,22675,10697.0,11978.0,5.2,33387,840605,8.4,13.6
13081,"Crisp, GA",2018,0.42,0.0,0.0,0.08,-0.97,-0.33,0.03,-0.69,0.07,0.21,0.0,-0.96,0.08,0.06,-0.05,,1.39,0.05,,0.05,-0.61,22572,10636.0,11936.0,4.8,34593,840705,0.0,13.7
13081,"Crisp, GA",2019,0.03,0.0,-0.01,0.41,2.23,0.96,1.81,-0.2,-0.09,0.83,-0.44,2.24,-0.15,-0.02,3.73,0.4,-2.08,-0.06,-0.32,0.0,0.75,22382,10576.0,11806.0,3.9,37185,871283,3.6,14.1
13081,"Crisp, GA",2020,-0.7000000000000002,,0.01,-0.25,-0.53,-0.27,3.29,0.12,-1.17,-0.32,-0.09,-0.53,0.07,-0.22,3.6,,1.17,-0.12,0.01,0.0,0.09,20056,9550.0,10506.0,9.2,41930,892438,2.4,13.7
13081,"Crisp, GA",2021,0.75,,0.03,0.23,-0.62,-0.43,3.29,-0.18,0.4,0.45,0.1,-0.61,-0.13,0.04,5.84,,-1.86,0.5,0.64,0.0,1.68,20005,9541.0,10464.0,8.8,46242,948098,6.2,13.7
13081,"Crisp, GA",2022,0.76,0.0,0.01,-0.07,-0.16,0.38,3.29,-0.6,0.22,0.83,0.08,-0.16,0.25,0.05,3.3,,,-0.26,,-0.01,,19755,9418.0,10337.0,4.3,46153,981518,3.5,14.1
13081,"Crisp, GA",2023,-0.24,0.0,0.0,-0.17,-1.1,0.37,1.61,-0.12,-0.02,1.3,0.04,-1.1,0.12,-0.12,2.6,-0.17,-0.12,0.68,0.44,0.0,-0.08,19668,9351.0,10317.0,3.6,48309,1006841,2.6,15.5
13083,"Dade, GA",2002,0.02,0.08,,-0.29,,,-0.61,0.48,0.55,,,,1.08,,3.67,0.45,0.69,1.15,,0.11,0.1,15658,,,4.6,22189,300710,4.2,
13083,"Dade, GA",2003,,,0.11,-0.03,-0.44,2.9,0.24,-0.88,0.38,0.26,,-0.4,2.365,-0.25,6.88,-0.11,0.38,1.68,0.12,-0.04,0.2,15901,,,4.3,22677,322542,7.3,
13083,"Dade, GA",2004,0.09,-0.03,0.11,0.13,,,0.03,-0.68,-0.6,0.59,-0.56,,2.365,0.47,8.64,0.13,-0.13,0.45,0.35,0.05,0.13,16028,,,4.1,22861,348459,8.0,
13083,"Dade, GA",2005,0.21,,-0.09999999999999999,0.09,,,-2.79,0.19,-0.16,0.57,,,2.365,0.21,0.43,0.04,1.1,0.99,,-0.02,0.06,16188,,,4.8,23868,349393,0.3,
13083,"Dade, GA",2006,0.12,,0.1,0.07,,,1.47,-0.13,-0.08,0.11,,,-2.43,-0.07,-10.11,0.33,-1.98,-0.35,0.15,0.0,0.24,16411,,,4.1,24473,313801,-10.2,
13083,"Dade, GA",2007,-0.37,0.04,-0.01,-0.04,,,3.29,0.0,-0.13,-0.05,0.09,,2.11,-0.45,8.7,0.13,2.51,-0.63,0.42,-0.11,-0.05,16648,,,4.3,24682,340673,8.6,
13083,"Dade, GA",2008,-0.22,-0.06,0.11,-0.11,0.95,-0.97,0.07,0.41,-0.76,0.82,0.0,0.95,0.81,-0.09,0.27,0.17,-0.46,-0.81,-0.42,0.04,-0.16,16651,,,5.8,25611,338995,-0.5,
13083,"Dade, GA",2009,,,0.11,0.12,,,,1.34,-0.09,-0.15,-0.23,,,0.22,-2.58,-0.02,4.34,-0.73,-0.12,-0.05,-0.23,16657,,,10.5,25114,329958,-2.7,
13083,"Dade, GA",2010,0.1,0.18,0.08,0.17,,1.31,0.05,,0.11,0.19,0.27,,0.98,0.08,2.91,0.2,,0.03,,-0.12,-0.05,16632,8186.0,8446.0,8.6,25842,339928,3.0,16.8
13083,"Dade, GA",2011,0.02,-0.02,0.1,0.25,-0.96,,,,-0.18,0.2,,-0.96,,-0.18,0.75,0.28,,-0.84,0.28,0.09,0.06,16605,8180.0,8425.0,7.8,26658,341869,0.6,17.6
13083,"Dade, GA",2012,,,-0.09999999999999999,0.28,,,,0.04,-0.45,0.39,,,,0.21,2.44,0.07,-1.16,-0.41,,-0.08,0.17,16528,8127.0,8401.0,7.5,27902,348658,2.0,16.9
13083,"Dade, GA",2013,-0.03,,-0.09999999999999999,-0.09,0.04,-1.55,,,-0.4,0.38,,0.04,,-0.1,-0.37,-0.28,,-0.1,0.12,0.05,0.11,16466,8072.0,8394.0,7.1,28553,345974,-0.8,17.0
13083,"Dade, GA",2014,0.16,0.01,-0.01,-0.18,,,1.76,-0.01,-0.25,0.26,,,-1.3,0.33,-0.74,-0.2,-2.61,-0.22,,0.01,0.09,16299,7961.0,8338.0,6.3,29652,342553,-1.0,16.2
13083,"Dade, GA",2015,0.03,-0.13,0.07,-0.16,,,1.63,,-0.78,0.7,0.21,,2.365,-0.1,7.49,0.22,,-0.22,-0.24,0.03,0.11,16176,7905.0,8271.0,5.6,31749,365533,6.7,14.1
13083,"Dade, GA",2016,,,-0.07,-0.33,,,2.47,-0.3,0.61,-0.35,-0.04,,-0.12,-0.45,-1.27,-0.45,0.57,0.14,-0.48,0.03,-0.01,16249,7962.0,8287.0,5.7,31583,363129,-0.7,13.8
13083,"Dade, GA",2017,,,0.11,0.06,,,2.25,,0.31,0.11,-0.32,,-0.28,0.18,3.52,-0.02,,0.45,-0.03,-0.08,0.19,16270,7938.0,8332.0,4.9,33366,377030,3.8,13.9
13083,"Dade, GA",2018,0.22,0.01,-0.09999999999999999,0.09,0.23,1.49,3.29,,-0.16,0.09,0.05,0.23,-1.3,0.22,7.44,-0.16,,0.4,0.21,0.05,-0.11,16238,7946.0,8292.0,4.1,35276,404474,7.3,13.9
13083,"Dade, GA",2019,,,0.11,0.05,,,3.29,0.21,0.15,0.21,,,-2.43,-0.32,-0.11,0.02,-0.41,0.19,0.1,0.06,0.29,16103,7902.0,8201.0,3.8,35078,404633,0.0,15.2
13083,"Dade, GA",2020,-0.55,,-0.09999999999999999,-0.02,-1.34,-1.75,3.29,,-0.27,-0.22,,-1.34,-0.82,-0.38,0.68,-0.02,,-0.09,-0.01,0.02,0.07,16235,8034.0,8201.0,4.6,37786,406289,0.4,15.8
13083,"Dade, GA",2021,0.19,0.18000000000000002,,0.4,,,1.24,,0.19,,,,0.71,-0.2,6.15,0.66,,0.36,,-0.07,0.15,16220,8025.0,8195.0,3.0,41069,432063,6.3,16.4
13083,"Dade, GA",2022,,,,0.2,1.5,,3.29,-0.32,0.01,,,,0.02,-0.26,8.12,0.65,,-0.11,,-0.05,0.03,16114,8004.0,8110.0,3.0,42382,467172,8.1,18.3
13083,"Dade, GA",2023,,,0.11,-0.15,-1.09,,2.71,-0.07,0.0,0.15,,,-0.64,0.21,3.66,0.06,,0.83,,0.01,-0.13,16188,8049.0,8139.0,2.9,43769,484238,3.7,19.0
13085,"Dawson, GA",2002,-0.12,0.18000000000000002,0.0,0.13,-1.51,-2.16,-0.55,0.65,1.05,0.13,0.39,-1.51,0.18,0.23,2.67,0.6,1.61,2.0,0.02,0.0,0.35,17521,,,4.5,28771,502486,3.7,
13085,"Dawson, GA",2003,0.03,-0.17,0.01,0.22,-0.56,1.57,1.36,-1.16,1.04,0.31,-0.5900000000000001,-0.56,0.06,0.12,4.18,0.23,2.42,1.29,0.13,0.01,0.27,18406,,,3.9,29085,528724,5.2,
13085,"Dawson, GA",2004,0.38,-0.17,0.01,1.12,1.81,3.26,3.29,-0.17,-0.04,0.28,-0.41,1.81,-0.11,0.65,17.51,1.39,1.7,1.6,0.19,0.0,1.26,18831,,,3.9,30616,621138,17.5,
13085,"Dawson, GA",2005,0.7700000000000001,-0.09,0.01,0.06,0.05,-3.03,-1.03,1.11,0.36,0.4,0.24,0.05,0.29,0.03,4.28,-0.05,2.56,2.0,-0.01,-0.01,-0.09,19611,,,4.2,31760,649976,4.6,
13085,"Dawson, GA",2006,0.7700000000000001,0.05,0.11,0.49,-2.52,1.19,0.13,0.88,0.16,0.05,0.65,-2.52,-0.12,-0.03,6.91,0.88,1.09,2.0,-0.1,0.0,0.43,20660,,,3.8,32510,695964,7.1,
13085,"Dawson, GA",2007,-0.24,0.12,,1.12,1.4,-1.45,-0.41,1.68,0.26,,0.19,1.4,0.16,-0.37,8.18,1.61,4.48,0.61,-0.11,0.0,0.17,21509,,,3.7,32787,754673,8.4,
13085,"Dawson, GA",2008,-0.42,-0.15,0.01,-0.98,,,-0.7,0.04,-0.11,0.26,-0.25,,0.28,-0.46,-1.38,-1.66,0.05,0.05,-0.04,0.0,1.7400000000000002,21951,,,6.0,32989,743381,-1.5,
13085,"Dawson, GA",2009,-0.43,-0.16,-0.06,-0.32,,,-2.25,1.8,0.26,0.22,-0.09,,0.31,-0.22,-3.21,,0.15,-0.34,,0.01,0.14,22325,,,10.0,31860,721434,-3.0,
13085,"Dawson, GA",2010,0.0,-0.02,,,,,0.28,-0.7,0.35,,-0.1,,0.38,0.19,0.38,-0.12,-1.0,0.59,0.18,0.02,1.56,22325,11170.0,11155.0,10.8,32218,726695,0.7,18.8
13085,"Dawson, GA",2011,-0.12,-0.15,-0.09999999999999999,0.15,-1.52,-0.42,0.48,-0.68,-0.03,0.17,-0.07,-1.5,-0.3,-0.07,-0.21,-0.1,0.23,0.87,0.31,0.02,1.23,22334,11224.0,11110.0,10.0,33969,724988,-0.2,21.9
13085,"Dawson, GA",2012,0.1,0.18000000000000002,-0.03,,,-0.07,-0.13,0.06,-0.21,-0.28,0.03,,-0.32,-0.03,-4.26,,-4.765000000000001,0.62,-0.36,-0.02,1.7400000000000002,22511,11234.0,11277.0,8.4,34523,692568,-4.5,23.5
13085,"Dawson, GA",2013,0.25,-0.11,0.0,0.61,0.29,-1.19,,-0.69,-0.93,-0.03,0.08,0.29,,0.08,-1.8,0.33,0.69,1.47,0.11,0.01,-1.5500000000000005,22730,11351.0,11379.0,7.3,35466,673626,-2.7,24.4
13085,"Dawson, GA",2014,0.19,0.18000000000000002,0.03,0.18,1.32,1.0,-0.77,0.71,-0.01,1.32,0.11,1.32,0.33,0.24,4.44,0.33,0.64,0.64,-0.42,0.0,-1.46,23024,11496.0,11528.0,6.1,37262,703445,4.4,26.3
13085,"Dawson, GA",2015,0.18,-0.17,-0.05,,,0.96,-0.03,-0.27,0.29,0.91,0.51,,1.47,0.18,5.87,,1.87,1.22,,-0.02,-1.51,23371,11636.0,11735.0,5.2,39812,746774,6.2,27.6
13085,"Dawson, GA",2016,0.68,0.01,-0.02,,-0.62,1.54,0.33,-0.73,0.23,0.55,0.58,-0.62,2.365,0.17,3.12,,-0.22,1.01,,0.0,-1.5500000000000005,23664,11789.0,11875.0,4.7,42619,771771,3.3,29.8
13085,"Dawson, GA",2017,0.77,-0.15,-0.02,0.27,0.46,0.67,0.11,0.13,0.91,1.31,0.49,0.46,2.31,-0.13,9.99,0.58,3.01,1.24,0.34,0.01,-1.13,24410,12147.0,12263.0,3.9,43923,855934,10.9,31.1
13085,"Dawson, GA",2018,0.17,0.04,0.01,0.19,0.27,0.36,0.53,-0.09,0.32,0.35,0.15,0.27,-0.1,-0.06,2.17,0.21,-1.03,0.88,0.02,0.04,0.42,25106,12430.0,12676.0,3.3,45817,877213,2.5,30.4
13085,"Dawson, GA",2019,0.16,-0.09,0.02,,-0.99,1.12,-0.09,0.1,-0.02,0.71,0.4,-0.99,0.63,-0.09,3.02,0.85,-0.31,0.5,0.1,0.0,0.01,26091,12955.0,13136.0,2.9,48500,903560,3.0,30.6
13085,"Dawson, GA",2020,-0.7000000000000002,-0.06,0.04,-0.24,-1.14,1.86,-0.34,0.1,-0.06,-0.76,-0.32,-1.14,0.37,-0.27,-5.71,-0.23,-3.31,-0.77,-0.05,-0.03,0.09,27061,13529.0,13532.0,4.6,50853,851403,-5.8,33.6
13085,"Dawson, GA",2021,0.7700000000000001,0.18000000000000002,0.06,0.42,1.08,2.06,0.7,0.77,0.28,-1.14,0.22,1.08,0.43,0.08,11.88,1.11,2.72,1.88,0.1,0.0,0.35,28505,14233.0,14272.0,2.6,57601,954924,12.2,32.8
13085,"Dawson, GA",2022,0.7700000000000001,0.18000000000000002,-0.01,0.31,1.11,-0.39,-0.02,-0.29,0.06,0.61,0.0,1.11,-1.82,0.26,6.15,,,-0.79,,0.0,0.75,30175,15081.0,15094.0,2.5,60181,1014248,6.2,35.5
13085,"Dawson, GA",2023,0.3,0.03,0.04,,-0.53,0.06,-1.73,0.47,0.16,0.62,0.06,-0.53,-0.35,-0.03,2.32,0.76,,2.0,,0.0,-0.6,31720,15864.0,15856.0,2.6,63599,1039479,2.5,35.8
13087,"Decatur, GA",2002,,,,0.02,1.87,-0.5,-1.33,-0.04,0.73,0.31,0.22,2.66,-1.99,0.55,0.59,0.12,0.01,0.49,0.16,0.04,0.2,27892,,,6.0,22989,1112346,1.3,
13087,"Decatur, GA",2003,,,,0.63,0.38,0.94,0.03,-0.46,0.13,0.2,-0.11,0.54,-1.18,-0.38,1.69,0.65,0.5,0.5,0.07,-0.02,0.59,27795,,,5.6,23809,1132547,1.8,
13087,"Decatur, GA",2004,,,,-0.28,-3.46,0.4,-0.4,-0.61,-0.33,-0.17,-0.04,-3.62,0.93,-0.13,-2.92,0.11,0.51,-0.39,0.38,0.02,0.1,27763,,,6.6,23981,1095647,-3.3,
13087,"Decatur, GA",2005,-0.07,0.01,,-0.01,3.1,-1.03,-0.72,0.75,0.02,0.03,0.16,0.47,-1.13,0.13,1.29,-0.02,0.47,1.35,,,,27511,,,6.1,25948,1110072,1.3,
13087,"Decatur, GA",2006,,,0.0,-0.64,0.57,-0.89,-0.67,0.26,0.18,-0.18,0.16,-3.17,-0.16,-0.38,-5.63,-0.35,0.34,-0.1,0.02,,-0.33,27835,,,5.7,26116,1049550,-5.5,
13087,"Decatur, GA",2007,,,0.0,-0.19,-3.73,2.35,0.28,0.18,-0.05,-0.11,0.24,-4.34,-0.45,-0.08,-4.37,-0.72,-1.18,-0.36,-0.02,,-0.29,27883,,,6.1,27439,1003143,-4.4,
13087,"Decatur, GA",2008,-0.03,0.01,,0.07,,-0.35,-0.28,0.15,-0.85,,-0.23,,-2.43,-0.12,-3.92,0.03,0.64,-0.08,-0.06,,0.67,28010,,,7.8,28647,955295,-4.8,
13087,"Decatur, GA",2009,-0.18,0.0,,0.01,,-1.31,-0.24,0.84,0.01,,-0.17,,-0.83,0.03,1.82,-0.11,-0.27,-0.53,-0.03,,-0.37,28058,,,12.6,29007,972770,1.8,
13087,"Decatur, GA",2010,0.03,0.07,,0.09,-3.46,0.55,,-0.49,-0.04,-0.05,-0.15,-3.57,,-0.04,-5.94,-0.2,-0.62,-0.1,,,,27815,13584.0,14231.0,12.3,29301,914674,-6.0,12.5
13087,"Decatur, GA",2011,0.04,-0.02,-0.04,0.18,-0.16,-0.81,0.06,0.28,-0.4,0.17,-0.21,-4.869999999999999,-1.66,-0.01,-5.43,0.37,0.61,-0.32,-0.23,0.08,1.23,27655,13504.0,14151.0,11.8,31097,861371,-5.8,12.2
13087,"Decatur, GA",2012,-0.01,-0.05,,-0.02,,-0.07,,0.45,-0.42,,0.07,,,0.05,-4.96,-0.02,-2.44,-0.4,0.05,-0.03,1.27,27449,13363.0,14086.0,10.0,30666,815024,-5.4,13.9
13087,"Decatur, GA",2013,-0.01,-0.01,-0.01,0.08,-2.08,-0.49,0.16,0.07,-0.15,0.07,0.03,-1.98,1.05,-0.46,0.72,-0.13,1.68,0.09,0.13,0.02,0.5,27401,13303.0,14098.0,9.4,30209,819653,0.6,14.7
13087,"Decatur, GA",2014,-0.05,0.03,,-0.06,,0.3,-0.53,0.41,-0.51,,0.02,,1.0,-0.08,-9.23,0.01,-0.55,0.03,-0.11,-0.04,0.92,27183,13197.0,13986.0,8.2,29467,739796,-9.7,15.1
13087,"Decatur, GA",2015,-0.06,0.03,-0.01,-0.04,4.29,0.24,0.22,-0.24,-0.34,0.1,-0.09,4.41,0.99,-0.32,6.48,-0.15,0.58,0.25,0.14,0.05,0.35,27063,13176.0,13887.0,6.9,30553,785212,6.1,15.8
13087,"Decatur, GA",2016,-0.01,-0.01,0.02,0.04,-0.69,-0.29,0.1,-0.55,-1.34,-0.05,0.15,-0.49,1.17,0.15,1.14,-0.08,-1.3,0.61,0.26,0.26,-0.54,26682,12932.0,13750.0,6.9,30987,783670,-0.2,16.9
13087,"Decatur, GA",2017,0.01,0.01,0.01,0.06,2.42,-0.49,0.86,-0.13,-0.51,-0.09,-0.01,2.69,-1.79,0.0,2.92,-0.04,1.78,0.17,0.22,-0.23,0.02,26727,12928.0,13799.0,5.8,31223,802521,2.4,14.9
13087,"Decatur, GA",2018,0.05,0.0,0.0,0.0,1.32,-0.33,-0.06,-0.33,-1.46,0.12,0.08,1.34,-0.15,-0.25,1.85,0.26,0.77,0.42,0.47,-0.23,-0.28,26613,12898.0,13715.0,4.9,32719,805644,0.4,14.6
13087,"Decatur, GA",2019,0.08,0.02,-0.01,0.29,-0.29,0.71,-0.76,0.74,0.4,0.16,0.06,-0.12,0.5,-0.03,0.93,0.36,-0.99,0.17,0.36,0.23,-0.57,26496,12889.0,13607.0,4.1,33824,816315,1.3,13.8
13087,"Decatur, GA",2020,-0.21,-0.02,,-0.25,,-0.8,0.25,0.1,-2.09,,-0.03,,1.14,0.01,4.96,-0.09,2.08,-0.3,-1.09,0.07,0.09,29326,14179.0,15147.0,5.0,37424,839709,2.9,14.0
13087,"Decatur, GA",2021,0.21,0.03,0.06,0.45,,3.26,0.83,0.41,0.37,-0.23,0.06,-0.73,2.365,-0.12,7.69,1.06,-1.69,0.03,,,-0.59,29097,14132.0,14965.0,3.8,42214,907345,8.1,14.6
13087,"Decatur, GA",2022,0.41,0.02,-0.03,0.3,-2.59,3.26,-0.11,-0.22,-0.06,0.43,0.0,,0.04,0.06,14.1,0.92,,-0.35,-0.07,0.26,-0.2,29038,14090.0,14948.0,3.5,43054,1034734,14.0,15.0
13087,"Decatur, GA",2023,-0.03,-0.01,,-0.3,0.65,0.35,-0.12,-0.8,0.14,,0.05,0.55,0.14,-0.07,1.28,-0.38,,0.79,,,0.1,29124,14197.0,14927.0,3.6,44657,1049463,1.4,14.6
13089,"DeKalb, GA",2002,0.08,0.02,0.0,0.08,0.0,-0.4,-0.02,-0.33,0.38,0.25,-0.55,0.04,-0.13,-0.02,-2.06,-0.25,-0.23,0.01,-0.01,-0.01,-0.52,669789,,,5.7,32559,36741207,-1.7,
13089,"DeKalb, GA",2003,-0.06,0.08,0.11,0.29,0.0,-0.77,0.18,-1.07,0.69,-0.22,0.5,0.0,0.02,-0.03,-0.99,0.24,0.16,-0.2,0.25,-0.04,-0.16,668148,,,5.4,33383,36631527,-0.3,
13089,"DeKalb, GA",2004,0.0,-0.1,0.11,-0.33,0.0,0.16,0.25,-1.16,-0.13,0.09,0.67,0.02,0.07,-0.01,1.59,-0.31,0.46,-0.17,0.29,0.26,0.07,666204,,,5.5,34095,37167704,1.5,
13089,"DeKalb, GA",2005,0.07,-0.02,0.04,0.5,0.0,0.21,-0.83,-0.37,-0.16,0.23,0.24,-0.05,-0.04,-0.03,-0.91,0.4,-0.54,0.29,0.11,-0.23,0.04,668998,,,6.0,35164,36769153,-1.1,
13089,"DeKalb, GA",2006,-0.03,-0.05,0.11,-0.35,0.0,-0.53,0.27,-0.4,-0.02,0.04,-0.5900000000000001,-0.06,-0.24,-0.08,-3.43,-0.4,-1.18,-0.04,0.16,0.16,-0.26,676687,,,5.1,36292,35500252,-3.5,
13089,"DeKalb, GA",2007,-0.25,-0.02,0.11,0.35,0.0,-0.61,,0.36,0.2,0.14,0.67,-0.01,,0.14,2.97,1.56,0.83,-0.01,0.58,0.05,-0.56,680962,,,4.8,37189,36625194,3.2,
13089,"DeKalb, GA",2008,-0.13,0.04,0.11,-0.29,0.0,-0.43,-0.34,-0.13,0.04,0.34,-0.44,-0.02,-0.43,-0.18,-1.44,0.51,-0.3,-0.31,-0.27,0.18,0.04,685646,,,6.5,37430,36113702,-1.4,
13089,"DeKalb, GA",2009,-0.19,0.01,0.11,-0.35,0.0,-1.1,-0.8,0.55,0.64,0.21,-0.01,-0.02,-0.12,-0.21,-4.26,-1.14,-0.43,-0.54,-0.49,0.2,-0.78,690658,,,10.0,36441,34805271,-3.6,
13089,"DeKalb, GA",2010,0.01,0.09,0.11,0.3,0.0,0.06,,-0.25,0.09,0.03,0.67,-0.02,,-0.05,0.63,0.03,-0.38,-0.04,-0.23,-0.16,0.36,692536,331365.0,361171.0,10.7,37059,35054008,0.7,38.7
13089,"DeKalb, GA",2011,0.1,0.04,-0.09999999999999999,0.32,0.0,-0.1,0.03,0.79,-2.3699999999999997,-0.07,-0.5900000000000001,0.02,-0.02,-0.07,0.46,0.45,0.33,0.05,0.06,0.0,-0.11,698496,333924.0,364572.0,10.3,39504,34155332,-2.6,39.3
13089,"DeKalb, GA",2012,0.14,0.04,-0.06,0.08,0.0,-0.26,0.11,0.43,-0.26,0.09,-0.18,0.0,-0.36,0.02,0.52,0.35,0.34,0.03,0.0,-0.07,-0.1,710783,339020.0,371763.0,9.2,39112,34243458,0.3,39.2
13089,"DeKalb, GA",2013,-0.11,-0.06,-0.02,-0.98,0.01,0.03,0.18,-0.28,-1.02,0.38,0.14,-0.02,-0.08,0.06,0.09,-0.99,0.04,0.27,0.48,0.04,0.04,718026,341780.0,376246.0,8.4,39345,33925183,-0.9,39.7
13089,"DeKalb, GA",2014,0.11,0.03,0.04,0.21,-0.02,0.26,-0.04,1.19,0.31,0.3,0.67,-0.01,0.05,0.02,5.42,0.73,0.58,0.27,0.12,0.11,0.39,725247,344056.0,381191.0,7.3,41601,35870423,5.7,40.3
13089,"DeKalb, GA",2015,0.02,-0.05,0.08,0.06,0.0,0.68,-0.08,-0.33,0.34,0.61,0.67,-0.06,0.1,0.04,5.19,0.45,0.66,1.04,0.04,0.26,0.8,734846,348250.0,386596.0,6.1,44106,37853238,5.5,41.1
13089,"DeKalb, GA",2016,-0.04,0.02,0.11,-0.13,0.0,0.62,0.03,-0.11,0.34,0.38,0.63,0.0,0.21,0.02,2.5,0.06,-0.4,0.51,-0.01,0.1,0.25,747299,353359.0,393940.0,5.5,45251,38929938,2.8,41.7
13089,"DeKalb, GA",2017,0.14,-0.04,0.04,0.12,0.0,0.5,0.05,-0.45,0.3,0.03,-0.38,0.01,-0.22,0.08,2.74,0.75,0.89,0.18,0.04,0.26,-0.22,751680,355334.0,396346.0,4.9,48699,40113377,3.0,42.1
13089,"DeKalb, GA",2018,0.17,0.0,0.11,0.08,0.0,0.34,-0.08,0.85,0.14,0.21,-0.32,-0.01,-0.12,0.04,3.9,0.84,0.96,0.25,0.01,0.26,-0.31,755514,356929.0,398585.0,4.1,51261,41730966,4.0,43.4
13089,"DeKalb, GA",2019,0.01,-0.02,0.04,0.04,0.0,-0.44,-0.05,0.04,0.16,0.25,0.28,0.0,-0.12,-0.05,-0.17,0.38,0.51,0.08,-0.23,-0.23,0.19,759932,358705.0,401227.0,3.7,52591,41725058,0.0,44.2
13089,"DeKalb, GA",2020,-0.59,-0.1,-0.09999999999999999,0.26,0.03,-0.41,0.01,0.02,-0.03,-0.32,0.33,0.05,-0.08,-0.2,-1.87,-0.17,-0.08,-0.05,-0.12,0.26,-0.29,764630,363824.0,400806.0,8.0,56200,40935653,-1.9,45.6
13089,"DeKalb, GA",2021,0.58,0.1,0.11,0.95,0.0,-0.01,0.07,0.82,0.12,0.46,0.67,0.01,0.08,-0.02,5.41,1.55,0.04,0.17,0.26,-0.07,0.02,759333,360381.0,398952.0,4.7,62228,43200625,5.5,46.1
13089,"DeKalb, GA",2022,0.21,0.05,0.11,0.46,0.0,0.09,0.04,0.01,-0.07,0.9,0.67,-0.02,-0.02,0.12,4.16,1.64,0.33,-0.32,0.0,-0.23,-0.04,764440,362339.0,402101.0,3.3,64669,44970805,4.1,46.7
13089,"DeKalb, GA",2023,0.01,-0.02,0.11,0.12,0.0,-0.05,0.22,0.12,0.43,0.56,0.09,0.0,-0.07,-0.08,2.64,0.82,0.37,0.64,0.09,0.16,-0.46,768047,363645.0,404402.0,3.5,67811,46351529,3.1,46.7
13091,"Dodge, GA",2002,0.02,0.0,0.11,-0.03,0.08,-0.38,2.74,-1.13,1.63,0.55,0.39,0.08,-0.21,0.19,1.6,,-0.23,0.63,,0.16,-0.08,19771,,,5.7,20481,484868,3.2,
13091,"Dodge, GA",2003,,,0.06,0.0,1.6,1.55,,-0.14,0.23,-0.09,0.67,1.6,,0.26,3.4,,-0.02,0.91,0.09,-0.09,-0.05,20180,,,5.3,21023,502457,3.6,
13091,"Dodge, GA",2004,,,0.0,-0.01,-2.64,2.26,0.28,-0.44,-0.81,0.92,0.56,-2.6,0.28,-0.22,0.43,-0.88,-0.24,0.21,,,,20319,,,5.0,21349,500584,-0.4,
13091,"Dodge, GA",2005,-0.02,-0.16,-0.03,0.11,2.03,-3.25,-0.08,0.72,0.05,0.09,0.52,2.09,-0.19,0.03,-0.62,-0.17,-0.04,1.27,0.17,-0.04,0.07,20550,,,5.7,22281,497723,-0.6,
13091,"Dodge, GA",2006,0.11,-0.14,0.04,0.17,-0.42,-0.23,2.16,-0.11,-1.65,0.41,0.27,-0.43,-0.2,0.18,2.15,,-1.14,0.48,0.41,0.05,,20954,,,4.9,23093,500197,0.5,
13091,"Dodge, GA",2007,-0.03,0.0,-0.09999999999999999,0.06,-0.27,0.01,-0.32,-0.02,-0.98,0.0,0.21,-0.26,0.42,-0.03,-0.47,,0.52,-0.43,0.19,,0.12,21225,,,5.0,24409,492903,-1.5,
13091,"Dodge, GA",2008,0.0,-0.04,-0.09999999999999999,0.02,-0.22,0.13,-1.39,0.76,-0.14,-0.35,-0.51,-0.22,2.365,-0.01,-1.87,-1.66,0.98,-1.64,-0.31,0.04,1.57,21399,,,6.9,24649,483003,-2.0,
13091,"Dodge, GA",2009,0.12,0.01,0.0,0.03,1.09,0.13,-2.87,1.32,0.31,-0.61,-0.5900000000000001,1.07,-0.52,-0.16,-2.48,-0.12,0.54,-0.96,-0.06,-0.1,0.69,21659,,,10.7,24379,472503,-2.2,
13091,"Dodge, GA",2010,-0.05,0.18000000000000002,0.0,0.2,-0.83,1.11,2.28,-1.1,0.41,-0.25,-0.4,-0.79,0.03,-0.07,1.38,,-0.22,-0.53,,-0.15,0.83,21756,11399.0,10357.0,12.9,25059,480962,1.8,13.8
13091,"Dodge, GA",2011,0.03,-0.06,,,0.4,-0.86,0.49,-0.18,-0.69,0.22,-0.5,0.34,-0.16,0.01,3.8,,3.42,-0.72,-0.16,0.05,0.75,21606,11275.0,10331.0,12.1,26499,495944,3.1,13.6
13091,"Dodge, GA",2012,,,,0.1,-0.85,-0.26,-0.42,-0.21,-0.61,0.03,-0.28,-0.9,1.06,-0.01,-3.27,0.06,-1.27,-0.14,-0.2,-0.01,-0.74,21511,11211.0,10300.0,11.3,26357,476723,-3.9,14.0
13091,"Dodge, GA",2013,-0.02,-0.03,0.0,-0.12,-0.64,-0.24,,-0.35,-1.26,-0.14,0.03,-0.64,,-0.06,-1.22,-0.07,1.83,0.14,-0.08,0.03,-0.76,21424,11176.0,10248.0,11.3,26405,464895,-2.5,15.2
13091,"Dodge, GA",2014,0.06,0.0,0.01,,-1.83,-0.09,0.16,0.07,-0.69,-0.08,0.11,-1.85,0.88,0.03,-2.91,0.07,-1.85,0.16,0.09,-0.05,-0.65,21167,11043.0,10124.0,9.8,27121,448161,-3.6,14.4
13091,"Dodge, GA",2015,,,-0.01,-0.31,1.41,0.11,-0.27,-0.69,0.61,-0.1,0.13,1.36,2.365,0.05,2.94,,-0.7,-0.14,0.11,-0.05,-0.31,21133,11000.0,10133.0,8.5,27901,464089,3.6,14.7
13091,"Dodge, GA",2016,-0.35,0.0,0.0,,-0.36,-0.17,1.14,-0.59,-1.16,0.13,-0.14,-0.36,2.365,0.03,8.74,1.08,0.21,0.38,-0.25,0.13,-0.5,20866,10822.0,10044.0,6.6,28639,499300,7.6,13.5
13091,"Dodge, GA",2017,-0.04,-0.01,0.0,0.29,0.74,0.0,1.08,-0.64,-0.85,-0.14,-0.19,0.74,-2.43,-0.04,-12.56,0.36,-0.18,0.66,-0.01,-0.1,-0.89,20777,10786.0,9991.0,5.6,30016,432355,-13.4,14.6
13091,"Dodge, GA",2018,-0.01,-0.01,0.0,-0.1,-0.86,-0.05,0.2,-0.4,-0.23,-0.01,0.0,-0.86,-2.43,0.06,-4.6,-0.47,-0.55,0.6,-0.34,0.02,1.7400000000000002,20858,10835.0,10023.0,4.6,30689,411461,-4.8,13.7
13091,"Dodge, GA",2019,0.0,0.01,0.0,0.16,1.57,0.23,1.8,0.52,-2.22,0.35,0.17,1.57,2.365,-0.11,8.45,0.23,1.36,0.63,-0.46,0.0,-0.26,20672,10761.0,9911.0,4.9,31842,437111,6.2,14.3
13091,"Dodge, GA",2020,,,0.0,0.02,0.13,0.09,1.59,-0.24,-1.38,-0.5,-0.09,0.13,-1.44,0.08,-2.84,,0.42,-0.31,-0.09,0.24,-1.5500000000000005,19952,10485.0,9467.0,5.3,34535,418639,-4.2,15.3
13091,"Dodge, GA",2021,0.11,0.01,0.0,0.53,-1.02,0.31,0.82,0.02,-0.13,0.0,0.07,-1.02,0.71,-0.12,0.69,0.76,-1.9,0.11,0.06,0.01,0.77,19739,10336.0,9403.0,3.8,37957,421017,0.6,15.6
13091,"Dodge, GA",2022,0.01,0.01,0.01,-0.39,-0.54,-0.11,-0.47,-0.49,0.29,1.21,0.19,-0.54,-0.47,0.15,-2.75,-0.2,-1.23,-0.6,-0.02,-0.23,0.03,19903,10478.0,9425.0,3.4,36395,410637,-2.5,14.7
13091,"Dodge, GA",2023,0.09,,0.03,0.66,-0.77,-0.11,-0.3,0.5,0.16,0.54,,-0.77,-0.13,-0.66,0.29,0.73,-0.76,1.19,,0.01,-0.14,19799,10408.0,9391.0,3.5,38758,412479,0.4,15.2
13093,"Dooly, GA",2002,0.0,0.02,0.0,-0.2,-2.28,1.67,-0.58,-0.1,-0.92,0.04,,-2.28,-2.43,,-5.09,-0.26,0.59,0.15,,0.05,0.07,12207,,,5.7,19103,342289,-6.0,
13093,"Dooly, GA",2003,0.11,-0.09,0.03,-0.1,4.29,-1.97,,-1.23,-0.3,0.05,-0.12,4.79,,-0.02,6.26,-0.19,-0.55,0.43,,0.02,,12508,,,6.0,20068,362665,6.0,
13093,"Dooly, GA",2004,-0.01,-0.02,-0.03,0.0,-4.32,0.3,0.13,-1.47,-0.61,-0.01,,-4.869999999999999,1.39,-0.03,-8.03,,-0.19,0.26,1.22,0.02,,12848,,,5.9,19195,331327,-8.6,
13093,"Dooly, GA",2005,0.37,0.01,-0.09999999999999999,-0.06,4.29,-0.36,0.05,1.15,-0.28,0.32,-0.07,4.79,2.365,-0.06,10.67,-0.06,-0.46,1.68,-0.02,-0.05,-0.93,13292,,,6.2,20032,365735,10.4,
13093,"Dooly, GA",2006,,,0.0,0.0,-3.57,1.49,0.08,,-0.31,0.23,-0.04,-3.57,-2.43,-0.28,-3.4,0.0,,1.66,-0.23,0.05,-0.4,13719,,,5.5,19075,352132,-3.7,
13093,"Dooly, GA",2007,-0.17,,-0.03,0.04,-4.32,-0.63,,-2.17,-0.6,0.05,-0.02,-4.48,,0.56,-4.87,,1.0,0.45,-0.79,-0.02,-0.37,13867,,,5.3,19117,332853,-5.5,
13093,"Dooly, GA",2008,-0.1,0.0,-0.02,0.09,4.29,-1.15,0.02,1.05,-0.99,-0.12,0.0,4.79,-2.43,0.37,5.77,0.4,-0.62,-0.73,0.01,0.08,-0.27,14191,,,6.9,20984,348775,4.8,
13093,"Dooly, GA",2009,0.03,-0.01,0.02,0.07,4.29,-0.15,,2.19,0.31,-0.07,0.0,4.4,,-0.23,6.31,0.27,0.81,-0.68,0.13,-0.03,-0.57,14769,,,9.9,20605,371844,6.6,
13093,"Dooly, GA",2010,0.06,0.04,0.0,0.05,-4.32,0.48,0.58,-0.66,0.3,-0.34,0.01,-4.869999999999999,-2.43,-0.37,-16.33,0.02,0.31,-0.34,0.32,0.07,0.05,14850,8025.0,6825.0,11.4,19780,312229,-16.0,9.6
13093,"Dooly, GA",2011,-0.11,0.01,0.0,-0.08,4.29,-0.11,,-0.57,0.41,-0.12,0.01,4.79,,-0.39,6.83,-0.32,1.56,-0.26,0.21,0.23,-0.05,14610,7916.0,6694.0,12.8,22517,334825,7.2,10.2
13093,"Dooly, GA",2012,,,,-0.02,-2.88,0.25,1.34,-0.38,-0.25,-0.09,0.0,-2.87,-1.56,-0.05,-0.71,-0.3,2.48,-0.02,0.25,-0.03,0.21,14414,7801.0,6613.0,11.3,23878,331610,-1.0,9.7
13093,"Dooly, GA",2013,-0.13,-0.02,0.0,0.08,-4.32,-0.61,,,-0.13,0.05,0.0,-4.869999999999999,,-0.04,-3.44,0.05,,-0.33,-0.61,0.03,-0.12,14373,7762.0,6611.0,11.4,24226,319772,-3.6,10.1
13093,"Dooly, GA",2014,0.03,0.0,0.01,0.06,-4.32,0.03,0.96,0.1,-0.36,-0.48,0.0,-4.869999999999999,2.365,-0.08,-7.16,0.06,-3.41,-0.72,0.04,-0.04,-0.19,14248,7657.0,6591.0,9.7,24299,295720,-7.5,9.0
13093,"Dooly, GA",2015,-0.05,-0.06,0.0,-0.05,4.29,,,,-0.5,0.05,0.01,4.79,2.365,0.12,22.69,-0.1,,-0.04,0.34,-0.07,0.01,14033,7546.0,6487.0,7.6,27595,362622,22.6,9.2
13093,"Dooly, GA",2016,,,,0.02,4.29,3.26,-0.48,,0.07,0.17,0.01,4.79,2.365,-0.04,18.02,0.01,,0.23,0.02,0.18,0.09,13870,7521.0,6349.0,5.6,30576,428224,18.1,11.3
13093,"Dooly, GA",2017,-0.07,-0.02,-0.04,0.03,-2.36,-3.25,,-0.49,0.18,-0.17,0.02,-2.36,,-0.05,-2.4,-0.01,-0.36,0.09,0.04,-0.03,0.07,13694,7400.0,6294.0,4.9,33059,418725,-2.2,9.9
13093,"Dooly, GA",2018,0.19,0.0,-0.06,0.08,-2.0,-0.07,-2.67,,-0.47,-0.09,-0.01,-2.0,-1.14,-0.11,-3.04,0.1,,0.18,,0.04,,13718,7450.0,6268.0,4.5,33906,404028,-3.5,11.3
13093,"Dooly, GA",2019,0.12,,-0.06,0.41,4.29,,0.17,-0.01,-0.12,0.0,-0.02,4.79,,0.06,1.07,0.44,-2.91,0.27,-0.2,0.0,,13400,7273.0,6127.0,3.6,37944,407876,1.0,12.1
13093,"Dooly, GA",2020,-0.12,,-0.05,-0.15,-4.32,,-0.36,-0.61,-1.34,-0.06,-0.01,-4.45,,-0.1,-7.07,-0.17,1.86,-0.17,,0.06,0.3,11159,6187.0,4972.0,9.2,40540,373561,-8.4,12.9
13093,"Dooly, GA",2021,,,0.04,1.12,-0.9,0.12,,-0.31,-0.58,0.01,,-0.9,,0.49,-2.09,1.21,-2.65,-0.05,0.48,-0.16,-1.5500000000000005,10879,6066.0,4813.0,7.6,44576,363562,-2.7,13.6
13093,"Dooly, GA",2022,0.1,-0.01,0.01,0.12,-1.46,0.23,0.39,-0.74,0.21,0.42,0.0,-1.46,2.365,0.07,0.13,0.16,-0.91,-0.26,-0.38,-0.19,-0.07,10639,5835.0,4804.0,3.8,45682,364797,0.3,13.0
13093,"Dooly, GA",2023,-0.2,0.0,0.01,-0.34,-0.55,0.03,-0.88,-0.41,0.29,0.04,0.01,-0.55,-2.43,-0.06,-6.7,-0.21,-0.48,0.81,0.59,-0.03,0.23,11056,6218.0,4838.0,3.6,43325,341400,-6.4,13.4
13095,"Dougherty, GA",2002,-0.16,-0.02,0.03,-0.17,0.01,0.37,0.04,0.59,0.09,0.36,0.18,0.01,-0.33,0.01,0.41,-0.17,-0.45,0.13,-0.23,0.06,-0.04,95429,,,6.1,24267,4927807,0.5,
13095,"Dougherty, GA",2003,0.13,0.03,0.11,0.02,-0.06,-0.29,-0.14,-0.39,0.41,0.16,0.0,-0.05,-0.68,0.0,-0.49,0.07,0.08,0.16,0.14,0.05,0.09,95015,,,5.7,25355,4923898,-0.1,
13095,"Dougherty, GA",2004,0.09,0.02,0.03,0.08,-0.05,0.14,-0.18,-0.24,-0.15,0.18,0.2,-0.05,1.86,-0.05,2.29,0.09,0.1,0.12,-0.17,-0.09,0.24,94596,,,6.0,25677,5029104,2.1,
13095,"Dougherty, GA",2005,0.12,0.02,-0.04,0.18,0.1,-0.76,0.19,0.39,0.91,0.23,0.36,0.1,-0.92,-0.05,-0.16,0.23,-0.84,0.18,0.36,0.16,0.12,94610,,,6.2,26038,5067248,0.8,
13095,"Dougherty, GA",2006,0.09,-0.02,0.01,0.11,0.03,-1.13,0.11,-0.03,-0.09,0.31,0.33,0.13,-1.97,-0.21,-3.53,0.25,-0.61,-0.01,-0.81,-0.16,0.18,94418,,,6.0,26442,4883524,-3.6,
13095,"Dougherty, GA",2007,-0.05,0.02,0.05,-0.03,-0.14,0.27,0.09,0.0,-0.17,-0.15,0.25,-0.17,-1.12,0.06,-2.02,-0.39,-0.41,-0.51,-0.23,0.01,0.27,94522,,,5.6,27135,4776574,-2.2,
13095,"Dougherty, GA",2008,-0.07,-0.03,0.03,0.13,0.06,0.24,0.06,0.13,-0.81,0.36,-0.06,-0.04,-2.43,0.08,-1.4,0.52,0.47,-0.14,-0.07,0.03,0.45,94363,,,7.1,27880,4670979,-2.2,
13095,"Dougherty, GA",2009,-0.08,0.02,0.05,0.32,,-0.48,-0.54,0.87,1.27,0.39,-0.16,,-2.43,0.07,-3.4,0.37,0.61,-0.45,-0.3,,,94688,,,10.5,28390,4571213,-2.1,
13095,"Dougherty, GA",2010,0.14,0.08,-0.02,0.37,0.12,0.12,-0.02,-0.4,0.41,0.64,-0.12,0.12,-2.43,0.03,-3.02,0.66,-0.26,-0.05,0.04,0.07,0.01,94521,43936.0,50585.0,12.4,29572,4451676,-2.6,19.6
13095,"Dougherty, GA",2011,0.15,0.01,-0.06,-0.31,,0.01,0.07,-0.09,-0.12,0.61,0.06,,0.84,0.09,0.92,-0.34,-0.27,0.1,-0.02,,,95080,44303.0,50777.0,12.0,31202,4487391,0.8,18.6
13095,"Dougherty, GA",2012,0.11,-0.03,-0.07,0.03,,-0.74,0.09,0.36,-0.72,0.59,0.01,,0.96,-0.07,1.28,-0.01,0.35,0.0,0.12,,,94716,44030.0,50686.0,11.1,30722,4512461,0.6,18.1
13095,"Dougherty, GA",2013,0.01,-0.06,-0.04,-0.17,0.0,0.22,-0.04,0.09,-1.14,0.21,0.32,0.0,0.7,0.01,1.31,-0.18,0.02,0.0,-0.09,0.07,0.05,93441,43280.0,50161.0,10.3,30527,4520163,0.2,17.8
13095,"Dougherty, GA",2014,0.15,0.01,-0.01,0.23,,-0.01,-0.01,0.21,-1.06,-0.58,0.17,,0.02,0.01,0.16,0.25,0.01,-0.19,-0.06,,,92775,43100.0,49675.0,9.3,31690,4479435,-0.9,17.8
13095,"Dougherty, GA",2015,0.22,-0.06,-0.04,0.14,,0.22,0.05,-0.55,-1.97,0.08,0.43,,0.71,-0.06,1.46,0.38,-0.09,0.22,-0.1,,,91556,42427.0,49129.0,7.8,32485,4456712,-0.5,18.9
13095,"Dougherty, GA",2016,0.0,-0.01,-0.01,0.53,,0.55,0.23,-0.61,-0.27,0.14,0.02,,0.22,0.08,1.49,0.43,0.15,0.48,-0.01,,,90365,41808.0,48557.0,7.2,33056,4511352,1.2,19.8
13095,"Dougherty, GA",2017,0.01,-0.05,-0.06,0.33,,-0.31,0.08,-0.27,0.24,-0.23,-0.25,,-0.89,-0.07,-1.34,0.2,0.14,0.41,,0.26,-0.08,89537,41370.0,48167.0,6.4,33691,4461822,-1.1,20.7
13095,"Dougherty, GA",2018,0.05,0.0,-0.01,0.22,-0.19,-0.58,-0.06,0.66,-0.19,0.55,0.08,,-0.09,-0.09,0.6,0.58,-0.62,0.24,,-0.13,0.24,89247,41141.0,48106.0,5.5,34395,4480209,0.4,21.4
13095,"Dougherty, GA",2019,-0.1,0.0,0.01,0.18,,0.64,0.14,-0.23,0.27,0.35,0.22,0.6,-0.42,-0.11,1.26,-0.45,-0.03,0.23,0.17,0.26,-0.15,87854,40404.0,47450.0,5.1,36369,4549008,1.5,21.4
13095,"Dougherty, GA",2020,-0.6,-0.04,0.03,0.24,0.05,-0.2,0.16,0.03,-0.64,-0.71,-0.23,0.05,0.73,-0.24,-1.2,-0.16,-0.43,-0.65,0.23,0.26,0.29,85161,39104.0,46057.0,9.3,40991,4465284,-1.8,22.2
13095,"Dougherty, GA",2021,0.7700000000000001,0.09,0.0,0.68,-0.53,-0.28,0.34,-0.03,-0.01,0.93,0.11,-0.53,2.0,0.23,5.89,1.15,0.47,0.13,0.07,-0.08,0.0,82271,37819.0,44452.0,6.7,46311,4727757,5.9,22.6
13095,"Dougherty, GA",2022,-0.06,0.01,0.03,0.4,-0.04,-0.5,0.13,0.52,-0.55,-0.08,0.67,-0.04,-0.63,-0.03,2.59,0.76,0.22,-0.21,0.05,0.03,0.13,82972,37926.0,45046.0,4.7,45927,4824480,2.0,23.3
13095,"Dougherty, GA",2023,0.21,0.01,-0.01,-0.68,-0.1,-0.16,0.2,-0.45,-0.21,1.0,-0.5900000000000001,-0.1,-0.06,-0.25,0.13,-0.61,0.28,0.75,0.01,-0.1,0.2,82635,37565.0,45070.0,4.5,47803,4820604,-0.1,23.2
13097,"Douglas, GA",2002,0.16,0.0,0.01,0.12,0.0,0.2,-0.07,0.1,0.6,-0.35,0.2,0.02,0.75,-0.27,3.42,0.41,1.01,0.93,0.0,0.08,0.24,98582,,,4.7,27248,3060139,4.0,
13097,"Douglas, GA",2003,0.28,0.02,0.05,0.13,0.01,0.26,0.52,-0.26,0.41,0.17,-0.54,0.05,0.3,-0.15,4.21,0.32,2.01,1.02,0.37,0.02,-0.24,102034,,,4.7,27632,3201362,4.6,
13097,"Douglas, GA",2004,0.33,0.04,0.02,0.63,0.0,0.62,0.9,-0.01,0.17,0.4,-0.05,0.02,0.67,-0.29,7.46,0.5,2.18,0.58,0.92,0.07,0.56,107377,,,4.8,28136,3445487,7.6,
13097,"Douglas, GA",2005,0.31,0.18000000000000002,0.01,0.64,0.0,-0.36,-0.1,0.75,0.36,0.18,0.24,-0.05,0.19,-0.09,6.68,0.63,2.22,0.68,1.14,-0.01,0.73,113354,,,5.6,28883,3688355,7.0,
13097,"Douglas, GA",2006,0.17,0.18000000000000002,0.06,-0.19,0.01,0.34,0.27,0.5,0.33,1.5300000000000002,0.15,0.05,-0.13,0.14,3.91,-0.19,-0.66,-0.01,-0.01,0.05,0.63,119918,,,5.0,29402,3844627,4.2,
13097,"Douglas, GA",2007,-0.38,0.18000000000000002,0.04,0.58,-0.01,-1.12,0.48,-0.04,0.19,-0.02,-0.07,-0.22,0.96,0.09,1.18,0.5,0.32,-0.69,0.14,0.03,0.95,125560,,,4.7,30143,3897334,1.4,
13097,"Douglas, GA",2008,-0.34,-0.17,0.05,-0.26,0.0,-1.37,0.6,-0.04,-0.12,0.1,-0.14,-0.11,-0.8,-0.25,-2.48,-0.05,0.71,-0.47,0.02,0.05,-0.18,129508,,,6.6,30376,3796280,-2.6,
13097,"Douglas, GA",2009,-0.41,-0.14,0.02,-0.76,0.0,-1.8,-1.0,0.89,0.35,0.32,-0.17,-0.1,-0.55,-0.44,-7.52,-0.98,-0.59,-0.96,0.01,-0.06,-1.5500000000000005,131292,,,10.8,29540,3523967,-7.2,
13097,"Douglas, GA",2010,0.08,0.04,-0.04,0.53,0.01,-0.49,-0.03,-0.57,0.25,-0.19,0.03,0.0,-0.41,-0.23,-0.11,0.47,0.72,-0.11,0.29,0.05,0.27,132575,63825.0,68750.0,11.1,29134,3528971,0.1,23.7
13097,"Douglas, GA",2011,-0.03,-0.17,0.0,0.26,0.0,-0.58,-0.32,0.04,-0.15,-0.14,0.0,-0.08,-0.52,-0.06,-2.38,0.29,-0.29,-0.43,0.35,0.04,0.25,133128,63992.0,69136.0,10.7,30503,3439719,-2.5,24.2
13097,"Douglas, GA",2012,0.0,-0.14,0.02,0.17,0.0,-0.57,0.77,0.59,-0.09,0.17,-0.15,-0.07,-0.3,0.12,3.29,0.22,2.51,-0.59,0.14,-0.04,0.63,133597,64115.0,69482.0,9.4,30864,3549794,3.2,24.8
13097,"Douglas, GA",2013,0.24,0.0,0.01,0.77,0.02,-0.28,1.11,-0.16,-0.19,0.61,0.25,-0.01,0.33,0.1,6.61,0.87,0.27,0.45,0.64,0.02,1.7400000000000002,136081,65327.0,70754.0,8.5,30983,3777712,6.4,24.4
13097,"Douglas, GA",2014,0.17,0.08,0.09,-0.2,-0.02,0.19,-0.32,0.45,-0.26,0.13,0.03,0.0,0.68,0.1,4.54,-0.16,1.06,0.21,0.32,-0.01,1.53,138082,66180.0,71902.0,7.4,32020,3939353,4.3,24.5
13097,"Douglas, GA",2015,0.12,-0.15,-0.01,0.19,0.01,-0.1,-0.5,-0.08,0.07,0.02,0.13,0.01,1.12,0.03,2.56,0.29,-0.67,0.65,0.12,0.11,1.47,140264,66880.0,73384.0,6.4,32999,4042952,2.6,26.0
13097,"Douglas, GA",2016,-0.02,0.1,0.0,0.12,-0.01,1.41,0.11,-0.34,-0.09,0.07,-0.41,0.05,0.57,-0.18,7.03,0.18,-0.84,0.83,1.35,0.01,1.7400000000000002,141824,67586.0,74238.0,5.7,33833,4323291,6.9,26.1
13097,"Douglas, GA",2017,-0.04,-0.04,-0.03,-0.05,,-0.35,-0.05,-0.16,0.22,0.18,0.22,,0.88,-0.04,4.2,0.18,0.26,0.74,0.81,-0.04,,143563,68263.0,75300.0,5.0,34736,4514446,4.4,26.7
13097,"Douglas, GA",2018,0.09,0.09,0.01,0.3,,0.6,0.09,-0.87,0.34,0.26,0.16,,-0.22,-0.03,3.01,0.7,1.0,0.69,,,-0.41,145260,69039.0,76221.0,4.2,35959,4665636,3.3,27.1
13097,"Douglas, GA",2019,0.1,-0.14,0.0,0.06,0.0,1.4,-0.01,0.38,0.17,0.47,0.06,0.04,0.4,-0.02,3.5,0.06,0.17,0.14,0.41,0.01,0.02,146680,69547.0,77133.0,3.8,37223,4836701,3.7,28.2
13097,"Douglas, GA",2020,-0.55,-0.12,-0.01,-0.64,0.01,-0.46,0.61,0.18,-0.38,-0.11,0.03,0.09,1.01,0.05,0.06,-0.67,-0.35,0.6,-0.07,0.05,-0.21,144678,69027.0,75651.0,7.6,40879,4821583,-0.3,28.1
13097,"Douglas, GA",2021,0.62,0.07,0.02,0.53,,1.04,0.46,0.15,0.04,0.6,0.0,-0.15,1.77,-0.08,8.45,0.88,1.35,1.43,0.58,-0.06,-0.21,145786,69390.0,76396.0,4.4,43879,5231179,8.5,29.4
13097,"Douglas, GA",2022,0.24,0.02,0.01,0.22,-0.01,-0.06,0.67,-0.41,0.43,0.35,0.11,0.14,-0.84,0.17,4.33,1.15,,0.14,1.35,,0.65,147690,70377.0,77313.0,3.4,43755,5480167,4.8,29.9
13097,"Douglas, GA",2023,-0.01,0.0,0.03,1.12,0.0,0.35,0.09,0.05,0.02,0.7,0.67,-0.06,-0.94,-0.11,3.9,1.53,1.2,1.19,-0.84,0.04,-0.15,149401,71003.0,78398.0,3.6,45636,5695324,3.9,30.8
13099,"Early, GA",2002,0.02,0.01,0.01,-0.01,1.3,-0.25,-0.23,-0.02,0.39,0.17,,1.3,-2.28,0.02,22.69,0.13,-0.4,-0.04,,0.26,,12047,,,5.4,23147,716654,27.5,
13099,"Early, GA",2003,0.0,-0.07,0.0,0.0,2.13,0.22,-0.3,-0.3,0.56,0.13,-0.18,2.13,1.38,-0.03,-18.78,0.35,-0.24,,0.14,-0.23,,11978,,,5.7,24521,586082,-18.2,
13099,"Early, GA",2004,,,0.03,0.23,-4.32,-0.15,0.03,,2.32,0.02,-0.05,-4.869999999999999,2.365,-0.03,-0.55,,,,-0.2,0.26,,11800,,,5.0,24869,602277,2.8,
13099,"Early, GA",2005,-0.07,-0.01,-0.02,,2.01,-0.22,-2.41,0.56,-0.02,-0.16,0.06,2.01,-2.43,0.03,-3.26,0.05,0.08,-0.05,,-0.23,,11749,,,5.5,26122,582557,-3.3,
13099,"Early, GA",2006,0.03,0.0,0.04,0.1,2.17,0.12,0.12,-0.47,-0.61,0.08,0.1,2.3,0.2,-0.07,2.71,,-0.23,,,0.26,-0.09,11648,,,5.0,27069,594764,2.1,
13099,"Early, GA",2007,-0.1,0.0,-0.02,,-3.18,0.2,1.84,0.22,0.31,-0.23,0.08,-3.12,-2.43,-0.06,-11.58,0.32,1.63,,,-0.23,-0.65,11429,,,5.6,28004,527719,-11.3,
13099,"Early, GA",2008,0.13,0.0,0.06,0.07,-0.91,-0.16,1.8,0.58,-0.07,0.06,0.09,-1.15,-2.43,-0.12,-4.14,0.04,-0.62,0.19,-0.25,0.26,-0.33,11262,,,6.8,29206,505491,-4.2,
13099,"Early, GA",2009,-0.08,0.03,0.04,,1.58,-0.29,-1.36,,-0.53,-0.07,0.01,1.58,-2.43,-0.14,-8.57,0.13,,0.41,-0.24,-0.23,-0.5,11101,,,10.5,29093,459524,-9.1,
13099,"Early, GA",2010,0.07,-0.01,-0.04,0.01,-0.71,,,,-0.35,-0.02,0.09,-0.71,0.88,-0.06,3.66,0.02,,0.73,-0.01,0.26,0.88,10983,5181.0,5802.0,11.6,30103,474739,3.3,13.5
13099,"Early, GA",2011,0.0,0.01,0.11,0.18,2.56,,,,-1.27,0.08,-0.07,2.56,2.365,-0.27,12.9,0.12,,0.33,0.24,0.26,0.66,10791,5071.0,5720.0,11.3,32351,529957,11.6,13.5
13099,"Early, GA",2012,,,0.08,0.13,-1.08,-0.03,-0.07,0.46,-0.38,0.2,-0.06,-1.08,2.365,-0.05,6.85,0.51,-1.08,0.02,0.09,0.02,1.46,10641,4983.0,5658.0,10.0,33614,564286,6.5,12.1
13099,"Early, GA",2013,-0.02,-0.03,-0.08,-0.2,-4.32,0.29,,-0.06,-0.33,0.32,-0.07,-4.869999999999999,,0.07,-2.46,-0.19,0.68,-0.02,0.05,-0.23,1.48,10543,4961.0,5582.0,9.1,31888,548527,-2.8,12.9
13099,"Early, GA",2014,0.03,0.0,0.04,-0.83,-4.32,-0.71,0.04,0.18,1.64,-0.03,,-4.869999999999999,-2.31,-0.08,-9.39,-0.43,-0.22,-0.06,-0.04,,1.69,10451,4918.0,5533.0,9.0,31205,506028,-7.7,14.8
13099,"Early, GA",2015,0.04,-0.01,-0.09999999999999999,-0.14,3.31,0.14,0.38,,1.19,0.05,-0.03,3.31,2.365,-0.01,8.1,-0.4,,0.08,0.07,-0.23,0.58,10459,4889.0,5570.0,7.0,32529,553014,9.3,15.2
13099,"Early, GA",2016,-0.16,0.01,-0.03,-0.04,0.33,-0.15,0.54,-0.2,-0.51,-0.04,,0.33,-1.93,0.1,-3.92,-0.01,-0.99,-1.23,-0.08,,-0.67,10310,4807.0,5503.0,8.0,33208,528512,-4.4,14.1
13099,"Early, GA",2017,-0.01,0.01,0.11,-0.15,-1.69,-0.14,0.16,,1.24,0.07,0.04,-1.69,-2.43,0.03,-6.41,-0.11,,0.05,,,-1.12,10313,4807.0,5506.0,6.4,33353,501197,-5.2,17.0
13099,"Early, GA",2018,0.02,-0.01,-0.02,-0.02,-1.03,0.66,-0.06,-0.37,-1.01,0.12,0.01,-1.03,-1.37,0.13,-0.37,0.34,-0.07,0.08,1.17,0.26,-1.5500000000000005,10255,4774.0,5481.0,5.4,33892,494286,-1.4,15.6
13099,"Early, GA",2019,0.0,0.01,-0.09999999999999999,0.36,4.12,,,,-0.78,0.22,0.05,4.12,-2.43,0.06,-0.48,0.34,,0.3,0.18,0.16,-0.08,10176,4730.0,5446.0,4.8,37181,488054,-1.3,15.1
13099,"Early, GA",2020,-0.25,-0.02,-0.09999999999999999,,-1.52,-0.33,3.29,-0.23,-1.2,-0.17,-0.05,-1.52,-1.46,0.03,6.03,0.97,1.62,-0.15,0.4,0.26,0.09,10796,5047.0,5749.0,6.6,40366,511655,4.8,13.7
13099,"Early, GA",2021,0.28,0.02,0.01,0.09,-0.16,0.36,-1.04,-0.09,-0.13,-0.42,0.03,-0.16,2.365,-0.06,0.64,0.0,-1.1,-0.24,1.12,-0.23,-1.37,10638,4922.0,5716.0,5.7,44303,514252,0.5,14.4
13099,"Early, GA",2022,0.16,-0.02,-0.09999999999999999,,-2.19,,1.32,-0.27,1.38,-0.78,0.04,,0.54,0.13,-0.4,0.35,0.22,-0.24,-0.29,0.26,-0.07,10567,4907.0,5660.0,4.4,43928,519262,1.0,14.0
13099,"Early, GA",2023,0.08,0.0,0.01,,-2.13,,0.49,0.15,-0.48,-0.67,0.06,,-1.75,-0.12,-4.0,-0.47,0.23,0.38,-0.35,0.26,0.03,10570,4911.0,5659.0,4.5,44161,496004,-4.5,16.1
13101,"Echols, GA",2002,0.0,0.04,0.0,,4.29,,,0.01,-0.28,0.0,0.08,4.79,0.03,,12.22,0.58,1.53,-0.05,,0.0,0.84,3751,,,3.4,18686,59814,11.9,
13101,"Echols, GA",2003,0.04,0.18000000000000002,0.02,0.37,-3.55,,,,0.39,-0.02,-0.13,-3.55,0.09,-0.27,-1.41,-0.01,,0.11,-0.72,0.0,1.7400000000000002,3844,,,3.0,18688,59204,-1.0,
13101,"Echols, GA",2004,0.04,0.09,0.02,,-4.32,,,0.01,-1.17,,-0.26,-4.869999999999999,0.11,,-13.68,-0.18,-1.01,-0.04,-0.22,0.02,,3926,,,3.0,18300,50411,-14.9,
13101,"Echols, GA",2005,0.14,-0.17,-0.01,,4.29,,,0.02,-0.48,-0.05,-0.08,4.79,0.12,,7.97,,2.42,-0.1,-0.22,-0.02,0.23,3946,,,3.4,19399,54187,7.5,
13101,"Echols, GA",2006,-0.03,-0.17,0.02,,3.43,,,0.03,-0.3,0.04,0.05,3.43,-0.11,,0.78,,-0.31,-0.15,-0.05,0.0,0.21,3913,,,3.1,19458,54445,0.5,
13101,"Echols, GA",2007,-0.16,0.04,0.03,,-3.97,,,-0.08,0.84,0.04,-0.08,-3.97,0.0,,3.46,,5.42,,,-0.03,,3938,,,3.1,19898,56782,4.3,
13101,"Echols, GA",2008,-0.06,-0.04,-0.02,0.16,,0.79,,0.04,0.11,0.02,-0.01,,-0.17,,-2.73,0.16,3.38,,,-0.01,,3954,,,4.4,20553,55298,-2.6,
13101,"Echols, GA",2009,0.02,0.04,-0.02,,,3.26,,,0.64,-0.05,0.0,,0.07,,18.64,,,0.09,,0.03,1.61,4012,,,7.2,20682,65959,19.3,
13101,"Echols, GA",2010,0.01,0.07,-0.01,0.01,-4.32,,,-0.01,0.08,-0.03,0.0,-4.869999999999999,-0.05,,-16.13,-0.03,0.95,,0.37,-0.01,,4014,2022.0,1992.0,8.1,20120,55371,-16.1,6.1
13101,"Echols, GA",2011,0.02,0.01,-0.01,,-3.26,,,-0.05,1.09,-0.03,0.0,-3.26,0.03,,-5.17,,-1.32,0.01,0.27,-0.03,-0.26,4063,2040.0,2023.0,7.9,21762,53110,-4.1,6.9
13101,"Echols, GA",2012,-0.05,-0.02,-0.02,,-4.32,,,-0.13,-0.07,,-0.02,-4.57,-0.06,-0.09,-19.8,,-4.765000000000001,-0.08,-0.54,-0.04,0.32,3965,1973.0,1992.0,7.2,23475,42555,-19.9,7.5
13101,"Echols, GA",2013,0.15,0.18000000000000002,0.11,,0.37,1.7,0.31,,-0.68,,0.19,0.37,0.65,0.39,10.94,,,0.93,1.35,0.05,0.38,3992,1997.0,1995.0,6.3,24470,46925,10.3,5.7
13101,"Echols, GA",2014,-0.09,-0.17,-0.09999999999999999,0.24,-0.87,0.07,0.09,-0.04,0.46,-0.03,0.01,-0.87,0.04,,-0.65,0.2,0.42,,,0.0,0.09,4027,2017.0,2010.0,5.9,25139,46833,-0.2,7.5
13101,"Echols, GA",2015,-0.03,-0.17,-0.03,-0.33,-2.4,-0.39,0.16,,-0.72,-0.11,-0.01,-2.4,-0.21,-0.28,-2.85,,,,,-0.05,0.81,4024,2026.0,1998.0,4.7,26405,45163,-3.6,8.3
13101,"Echols, GA",2016,-0.06,-0.02,0.03,-0.64,-2.91,,,,0.46,-0.14,-0.08,-2.91,-0.56,,-7.48,,,,-0.95,0.06,-0.29,3934,2012.0,1922.0,4.1,25959,41991,-7.0,7.9
13101,"Echols, GA",2017,0.03,-0.04,-0.05,,-4.32,2.88,-0.22,,0.48,0.09,-0.07,-4.869999999999999,0.0,0.3,-2.43,,,,,0.03,-0.43,3888,1979.0,1909.0,3.8,28432,41172,-2.0,6.9
13101,"Echols, GA",2018,0.1,0.0,0.03,0.36,-0.86,1.54,-0.69,0.01,-0.66,,0.02,-0.86,0.03,0.65,3.03,0.4,0.25,,,0.12,-0.05,3933,2006.0,1927.0,3.1,29725,42150,2.4,8.8
13101,"Echols, GA",2019,0.0,0.0,0.02,0.65,-0.25,0.03,0.55,,-0.8,-0.01,0.04,-0.25,0.08,,2.32,0.66,-1.39,,-0.1,-0.09,1.7400000000000002,3963,2025.0,1938.0,2.7,29610,42788,1.5,9.7
13101,"Echols, GA",2020,-0.04,0.1,0.02,-0.3,-0.64,,,,-0.83,0.1,0.03,-0.64,-0.14,0.04,-0.21,-0.1,-1.9,,,-0.18,1.7400000000000002,3721,1884.0,1837.0,3.9,33343,42346,-1.0,7.8
13101,"Echols, GA",2021,0.13,0.05,0.03,-0.02,-3.35,,,-0.05,0.38,0.07,0.06,-3.35,-0.01,-0.1,-0.38,0.06,1.18,-0.18,0.75,0.0,-1.23,3697,1897.0,1800.0,2.7,35156,42346,0.0,10.2
13101,"Echols, GA",2022,0.04,-0.03,0.07,-0.23,-1.08,,,-0.07,-0.41,0.2,0.15,-1.08,0.0,,-1.6,0.11,,-0.58,,0.0,-0.43,3694,1897.0,1797.0,2.4,33357,41495,-2.0,14.0
13101,"Echols, GA",2023,,0.0,0.0,-0.02,3.58,,,0.08,-0.64,-0.02,0.1,3.58,0.0,,1.37,-0.02,-0.06,0.33,,0.0,0.02,3739,1912.0,1827.0,2.8,34289,41798,0.7,14.4
13103,"Effingham, GA",2002,,,,,-0.3,-1.28,,-0.14,0.78,,-0.02,-0.34,,0.22,6.37,0.83,1.82,0.11,0.05,0.26,,40757,,,3.8,24224,887479,7.2,
13103,"Effingham, GA",2003,0.16,0.01,,0.1,0.03,1.81,,-0.13,0.96,,-0.08,0.05,,0.15,6.12,0.18,1.16,0.47,0.75,-0.08,,42168,,,3.9,25393,950389,7.1,
13103,"Effingham, GA",2004,0.12,0.01,,,-0.22,-0.24,0.53,-0.14,0.11,,0.04,-0.4,2.365,0.2,11.08,1.37,0.93,0.57,0.87,0.26,,43674,,,3.8,27298,1056794,11.2,
13103,"Effingham, GA",2005,0.08,-0.02,,0.63,-0.01,-0.06,0.35,0.39,1.0,,-0.01,-0.1,-1.99,0.21,13.03,0.38,2.34,0.57,0.33,,,45729,,,3.9,29098,1205045,14.0,
13103,"Effingham, GA",2006,0.15,-0.03,,-0.12,0.08,0.15,0.37,0.34,0.55,,-0.06,0.06,0.2,0.16,12.86,-0.12,0.25,0.56,0.24,,,47823,,,3.4,30104,1366683,13.4,
13103,"Effingham, GA",2007,-0.03,-0.01,,0.11,0.0,-0.3,0.29,0.2,0.68,0.12,0.05,0.0,-2.42,-0.05,0.28,0.1,0.68,-0.26,1.28,0.26,,49660,,,3.3,32150,1379733,1.0,
13103,"Effingham, GA",2008,,,,0.03,-0.14,-0.52,0.25,0.19,-0.06,,-0.02,-0.14,-0.92,-0.04,0.5,0.12,0.12,0.23,-0.55,0.26,0.02,50738,,,4.9,33264,1385723,0.4,
13103,"Effingham, GA",2009,0.03,0.01,-0.01,-0.16,-0.12,0.49,1.62,0.82,0.78,0.12,-0.06,-0.1,0.98,-0.15,14.88,-0.15,0.98,-0.21,-0.42,,,51908,,,8.2,32512,1602766,15.7,
13103,"Effingham, GA",2010,0.09,0.01,0.0,0.01,0.02,-1.0,0.37,-0.3,0.49,0.08,0.0,-0.01,-1.04,0.02,5.26,0.57,1.64,0.08,0.07,,,52469,26144.0,26325.0,9.5,32819,1694979,5.8,15.5
13103,"Effingham, GA",2011,0.08,-0.02,0.0,-0.08,-0.1,-0.32,-0.31,0.0,0.05,-0.01,-0.02,-0.12,0.87,-0.08,8.7,0.0,1.23,0.05,0.0,0.26,0.24,52709,26265.0,26444.0,9.1,34146,1843371,8.8,15.8
13103,"Effingham, GA",2012,0.06,-0.01,,,0.18,0.03,0.92,0.18,-0.02,,0.01,0.16,0.02,-0.01,0.21,-0.05,-0.07,-0.01,-0.02,-0.23,0.16,53360,26552.0,26808.0,8.2,35163,1846880,0.2,16.9
13103,"Effingham, GA",2013,-0.06,,-0.01,-0.11,0.03,-0.06,,0.03,-0.02,0.13,0.03,0.04,,0.65,-4.57,0.12,-0.47,0.09,0.0,-0.23,,54456,27038.0,27418.0,7.1,35522,1762120,-4.6,16.8
13103,"Effingham, GA",2014,-0.04,0.02,0.0,-0.04,-0.24,0.59,-0.86,0.12,0.09,0.0,0.01,-0.21,-0.48,-0.29,-4.2,0.23,-0.69,0.04,0.06,-0.23,0.22,55452,27503.0,27949.0,6.2,36839,1689589,-4.1,17.9
13103,"Effingham, GA",2015,-0.01,-0.02,0.04,0.19,0.39,0.66,-0.46,-0.31,0.27,0.17,0.02,0.39,2.19,0.01,7.29,0.59,0.01,0.18,0.06,0.26,0.11,57125,28332.0,28793.0,5.2,38075,1817369,7.6,16.9
13103,"Effingham, GA",2016,-0.03,-0.01,0.04,0.07,0.31,1.02,0.45,-0.18,-0.04,0.22,0.05,0.33,-1.33,0.05,4.51,,0.28,0.06,-0.22,0.26,,58705,29176.0,29529.0,5.0,38941,1898526,4.5,18.3
13103,"Effingham, GA",2017,-0.07,0.0,-0.07,0.05,0.17,1.19,0.42,-0.16,0.38,0.33,0.07,0.17,-1.76,0.01,-0.01,0.21,-0.15,0.07,0.49,-0.23,-0.13,60121,29858.0,30263.0,4.2,40735,1905589,0.4,19.2
13103,"Effingham, GA",2018,0.03,0.0,0.0,0.16,-0.01,2.81,1.41,-0.03,0.35,-0.05,0.0,-0.02,0.57,0.11,1.19,,-0.27,0.06,0.1,-0.23,,62274,30974.0,31300.0,3.4,42040,1934956,1.5,20.1
13103,"Effingham, GA",2019,0.08,0.0,0.01,,-0.09,-2.32,1.42,0.08,0.38,0.04,-0.03,-0.08,-2.43,-0.23,-0.26,0.43,0.57,-0.01,0.14,0.26,0.16,64342,31956.0,32386.0,3.1,42118,1937237,0.1,20.0
13103,"Effingham, GA",2020,,,,0.02,0.2,2.68,0.69,0.12,-0.13,-0.15,0.03,0.23,-0.38,-0.09,7.94,-0.07,-1.49,0.26,-0.76,0.26,0.28,65192,32428.0,32764.0,5.1,44881,2088491,7.8,23.9
13103,"Effingham, GA",2021,0.26,0.02,0.01,0.23,-0.05,-0.02,-0.11,-0.18,0.3,0.29,0.08,-0.05,1.33,-0.02,2.59,0.61,1.49,0.02,0.74,-0.23,0.16,66795,33161.0,33634.0,3.1,48317,2148711,2.9,24.1
13103,"Effingham, GA",2022,0.26,0.0,,-0.15,-0.28,-0.11,-0.27,0.1,0.07,,0.01,,-0.71,0.23,3.91,-0.02,,-0.19,0.28,,,69030,34315.0,34715.0,2.8,48805,2234147,4.0,25.2
13103,"Effingham, GA",2023,-0.08,0.0,0.01,0.12,0.23,0.28,1.41,0.11,0.51,0.79,0.01,,-0.82,0.14,4.44,,0.96,0.43,0.18,,-0.02,71549,35514.0,36035.0,2.8,50587,2344775,5.0,26.8
13105,"Elbert, GA",2002,0.23,0.0,0.0,,-0.72,0.21,0.53,-0.26,0.86,0.1,,-0.13,1.66,,4.96,,1.55,0.61,-0.08,0.26,-0.19,20610,,,5.8,22079,680035,5.8,
13105,"Elbert, GA",2003,0.11,0.0,,-0.11,0.17,-0.22,2.45,-0.79,-0.03,,0.03,-0.01,1.03,-0.05,3.7,,-0.23,0.17,,0.26,0.16,20572,,,5.7,22539,704977,3.7,
13105,"Elbert, GA",2004,-0.02,0.01,0.01,-0.09,1.3,-0.86,-0.55,-0.46,-0.65,0.02,0.0,1.87,0.05,0.23,-1.33,-0.22,-0.12,-1.33,0.19,-0.23,0.87,20693,,,5.5,23441,691027,-2.0,
13105,"Elbert, GA",2005,-0.03,0.0,0.02,-0.02,0.69,-0.32,-1.75,0.54,-0.15,-0.11,0.26,0.08,-1.55,0.16,0.35,0.06,0.59,0.08,-0.06,0.26,1.03,20593,,,6.8,24296,692404,0.2,
13105,"Elbert, GA",2006,-0.08,0.0,0.01,,-1.37,0.06,0.58,0.03,-0.52,0.03,0.17,-1.52,-2.01,-0.05,-4.17,0.06,-1.75,-0.28,-0.02,-0.09,0.67,20631,,,6.4,24482,659947,-4.7,
13105,"Elbert, GA",2007,-0.16,0.01,0.01,0.17,1.61,0.1,1.41,0.02,-0.47,0.0,0.24,1.55,-1.09,-0.15,5.61,0.13,4.79,-0.88,-0.06,-0.23,0.18,20551,,,5.7,26152,693860,5.1,
13105,"Elbert, GA",2008,0.01,-0.03,-0.02,,0.2,-0.18,,0.58,-0.74,0.16,-0.23,0.1,,-0.18,-4.78,-0.08,-2.34,-0.21,-0.06,0.14,-1.12,20477,,,8.5,27065,655555,-5.5,
13105,"Elbert, GA",2009,-0.16,0.0,-0.03,-0.11,-0.07,1.54,-2.87,1.39,0.29,-0.25,-0.23,-0.6,0.87,-0.19,-0.17,-0.28,2.1,-0.29,-0.05,0.26,-1.41,20335,,,12.2,27447,656343,0.1,
13105,"Elbert, GA",2010,,,0.0,0.18,-1.35,-0.38,0.57,-0.69,-0.07,-0.03,-0.42,-1.95,0.48,0.01,-1.21,0.11,-0.25,-0.17,0.15,0.26,0.26,20101,9621.0,10480.0,14.7,27150,647947,-1.3,9.6
13105,"Elbert, GA",2011,-0.02,-0.02,-0.03,,-0.84,-1.31,,0.07,-0.14,0.07,,-1.87,,-0.11,-5.47,0.17,0.06,-0.17,0.0,,-0.14,19822,9446.0,10376.0,15.8,27835,611599,-5.6,11.4
13105,"Elbert, GA",2012,-0.01,-0.01,0.0,,3.56,-0.04,0.24,0.36,-0.86,-0.08,-0.13,3.78,-1.93,-0.17,4.03,0.28,1.93,0.09,-0.1,-0.23,0.39,19577,9372.0,10205.0,12.4,29304,630978,3.2,11.2
13105,"Elbert, GA",2013,,,-0.02,,0.54,-0.2,1.24,-0.29,-0.74,0.07,0.04,0.83,0.88,-0.04,4.97,-0.29,-0.28,0.24,-0.08,0.26,0.05,19492,9294.0,10198.0,10.8,29829,657626,4.2,11.3
13105,"Elbert, GA",2014,,,,0.0,,-0.21,-1.32,0.36,-0.59,,,,0.8,0.11,2.59,0.03,1.37,0.0,-0.06,-0.23,0.31,19391,9265.0,10126.0,8.7,31055,670804,2.0,10.7
13105,"Elbert, GA",2015,-0.03,-0.01,0.0,,,0.13,-0.23,-0.51,-0.31,-0.06,,,-2.43,-0.06,-1.92,0.06,0.77,0.15,0.14,,0.42,19303,9251.0,10052.0,7.5,32094,655854,-2.2,10.6
13105,"Elbert, GA",2016,-0.13,-0.01,-0.01,-0.14,-1.99,-0.02,0.26,-0.33,-0.02,-0.01,-0.01,-1.91,-1.08,0.02,-1.15,0.1,1.17,0.3,-0.09,0.26,-0.13,19122,9179.0,9943.0,6.3,32769,648186,-1.2,11.7
13105,"Elbert, GA",2017,-0.09,-0.02,-0.01,,0.76,0.79,0.56,,0.55,-0.18,-0.06,0.8,-1.14,0.02,-3.11,-0.12,,0.34,0.28,-0.23,-0.75,19104,9171.0,9933.0,5.1,34344,631620,-2.6,11.1
13105,"Elbert, GA",2018,-0.02,-0.02,-0.01,-0.09,-0.05,-0.15,-1.71,-0.33,-0.05,0.11,0.0,-0.9,-0.07,-0.04,0.62,-0.17,0.3,0.21,-0.07,0.26,0.92,19053,9113.0,9940.0,4.6,35019,635207,0.6,10.8
13105,"Elbert, GA",2019,-0.12,0.02,-0.01,-0.01,,-0.52,0.54,-0.07,0.15,0.19,0.02,,1.19,-0.07,-1.22,0.02,,0.02,-0.09,,-0.33,19205,9129.0,10076.0,3.9,35134,628447,-1.1,11.6
13105,"Elbert, GA",2020,-0.29,0.0,-0.01,0.26,,0.37,-0.79,,0.25,-0.16,-0.05,,0.28,-0.22,1.73,0.12,0.81,-0.14,0.05,,0.29,19665,9421.0,10244.0,6.6,38755,640870,2.0,11.8
13105,"Elbert, GA",2021,0.01,0.04,-0.01,-0.18,0.75,0.11,1.98,0.24,0.76,-0.1,,3.14,-1.53,-0.03,2.71,0.05,0.05,-0.37,0.54,,-0.65,19572,9364.0,10208.0,4.6,41802,663118,3.5,12.6
13105,"Elbert, GA",2022,0.26,0.0,0.0,-0.04,4.29,0.47,0.02,-0.55,0.18,0.2,-0.01,4.44,1.3,0.08,3.12,0.16,0.41,-0.16,-0.62,-0.23,-0.31,19853,9470.0,10383.0,3.6,43130,684990,3.3,14.1
13105,"Elbert, GA",2023,0.05,0.0,,0.41,-4.32,-0.1,-2.59,0.38,0.4,,0.01,-3.78,0.36,-0.12,-2.63,0.55,0.21,0.57,-0.22,0.26,1.08,20003,9547.0,10456.0,3.5,44067,669673,-2.2,14.9
13107,"Emanuel, GA",2002,0.1,0.0,0.01,,-2.19,-0.44,0.55,0.21,1.0,-0.85,0.23,-2.19,-1.07,0.13,-2.03,0.54,0.3,0.11,-0.04,0.16,0.21,21511,,,5.5,20695,574386,-1.0,
13107,"Emanuel, GA",2003,,,,0.13,2.65,1.09,0.81,-0.36,0.81,0.4,0.0,2.65,1.11,-0.16,7.17,0.1,0.25,0.58,0.41,-0.15,0.31,21616,,,4.9,21654,620215,8.0,
13107,"Emanuel, GA",2004,0.09,0.04,0.01,0.25,-1.85,-0.1,0.36,-0.47,-0.64,-0.05,0.0,-1.85,1.57,0.01,1.89,-0.04,0.06,-0.15,1.35,-0.02,0.81,21579,,,5.2,22348,627997,1.3,
13107,"Emanuel, GA",2005,0.06,-0.04,0.0,-0.17,0.67,-1.24,0.16,0.41,-0.44,1.05,0.29,0.67,1.73,0.45,4.09,-0.29,-0.3,0.58,0.81,-0.02,-0.23,21777,,,5.5,22759,650948,3.7,
13107,"Emanuel, GA",2006,-0.17,-0.03,,0.0,,0.63,-0.45,0.1,-0.48,,0.16,,0.11,0.12,1.28,0.0,0.0,-0.09,0.32,0.0,0.22,22091,,,5.0,23451,656188,0.8,
13107,"Emanuel, GA",2007,0.02,0.04,0.04,0.28,-1.63,-0.6,0.85,0.21,-0.67,-0.43,0.07,-1.63,-1.91,0.08,-4.4,0.23,0.04,-0.79,-0.69,-0.01,0.08,22109,,,5.2,24113,622914,-5.1,
13107,"Emanuel, GA",2008,-0.13,0.01,-0.01,-0.08,-0.94,0.0,-0.7,0.48,-1.51,0.02,-0.19,-0.94,-1.19,-0.13,-2.43,0.07,1.56,-0.09,-1.13,-0.02,-0.03,22421,,,7.5,24851,598369,-3.9,
13107,"Emanuel, GA",2009,-0.15,0.01,-0.02,-0.16,1.13,0.34,-2.87,1.28,-1.1,0.62,-0.08,1.13,0.13,-0.17,-1.27,-0.26,-0.18,-0.3,-0.33,-0.04,-0.11,22456,,,10.7,25332,584192,-2.4,
13107,"Emanuel, GA",2010,0.05,0.07,-0.01,0.13,-0.36,1.06,1.01,-0.73,-0.36,0.07,-0.16,-0.36,-1.4,-0.01,0.53,-0.19,0.21,-0.12,0.81,-0.02,0.23,22602,11032.0,11570.0,12.7,25949,585182,0.2,9.7
13107,"Emanuel, GA",2011,0.03,0.02,,-0.03,,-0.7,,0.38,0.27,,-0.12,,,-0.08,3.48,0.07,1.72,0.16,0.44,-0.02,,22489,11001.0,11488.0,13.1,27774,607094,3.7,10.0
13107,"Emanuel, GA",2012,-0.05,0.0,,0.06,-1.64,-0.3,0.36,0.61,-0.51,0.05,0.05,-1.64,-1.16,0.07,-2.51,0.1,-0.72,-0.3,,-0.04,,22727,11283.0,11444.0,12.2,27242,588762,-3.0,9.9
13107,"Emanuel, GA",2013,-0.03,0.0,0.01,0.17,0.35,-0.74,2.22,-0.27,0.09,0.26,0.02,0.36,-0.64,0.08,3.68,-0.11,1.48,0.37,0.18,0.01,0.49,22626,11134.0,11492.0,12.5,28047,611004,3.8,11.6
13107,"Emanuel, GA",2014,0.0,0.05,,,-2.13,-0.03,2.12,0.89,0.7,-0.17,0.06,-2.13,-0.81,0.14,-1.91,,-1.66,-0.11,-1.1,0.01,0.74,22476,11001.0,11475.0,10.5,28328,603611,-1.2,10.0
13107,"Emanuel, GA",2015,0.0,-0.11,,,1.76,0.03,1.77,0.38,-0.35,-0.01,0.19,1.76,2.365,-0.06,6.91,,-0.77,0.28,-0.46,-0.01,0.72,22465,11035.0,11430.0,8.9,29250,643226,6.6,10.8
13107,"Emanuel, GA",2016,0.35,-0.01,-0.02,-0.4,0.66,0.19,-1.2,0.94,-0.13,-0.63,0.19,0.65,1.49,-0.19,0.93,-0.47,-0.03,0.2,-0.48,0.02,-0.06,22405,11054.0,11351.0,7.1,29650,648375,0.8,11.7
13107,"Emanuel, GA",2017,-0.06,-0.04,,0.16,-0.93,-0.23,1.55,2.19,0.35,-0.15,0.0,-0.93,1.01,-0.09,7.85,1.05,0.06,0.45,,-0.02,0.4,22528,11073.0,11455.0,6.1,31610,701550,8.2,12.5
13107,"Emanuel, GA",2018,-0.09,0.0,-0.02,-0.17,-0.73,-0.12,-1.11,-2.22,-0.49,0.07,-0.03,-0.73,-1.22,0.01,-6.32,-0.05,-0.3,0.13,0.24,0.05,-0.23,22582,11158.0,11424.0,5.4,31399,653786,-6.8,12.4
13107,"Emanuel, GA",2019,0.02,0.01,0.01,-0.13,1.49,0.08,-0.51,-0.87,0.21,0.03,-0.04,1.49,-1.13,-0.02,2.49,-0.03,0.75,0.28,-0.11,-0.01,1.7400000000000002,22600,11242.0,11358.0,4.9,33199,671457,2.7,13.0
13107,"Emanuel, GA",2020,-0.26,-0.02,0.01,-0.24,0.33,-0.11,-0.75,-2.22,-0.68,-0.2,-0.01,0.33,1.61,-0.16,1.04,-0.05,0.26,0.15,-0.15,-0.04,1.7400000000000002,22902,11505.0,11397.0,6.4,37908,673875,0.4,11.4
13107,"Emanuel, GA",2021,0.46,0.03,0.03,0.08,0.21,-0.09,-0.25,0.12,-0.33,1.04,,0.21,0.57,-0.06,1.62,-0.85,-1.09,0.1,0.29,,1.12,22907,11500.0,11407.0,4.7,41399,682575,1.3,12.8
13107,"Emanuel, GA",2022,0.33,0.01,-0.01,0.09,-0.62,0.28,2.75,-0.16,-0.22,0.19,,-0.62,1.51,0.05,3.83,0.57,0.45,-0.31,-0.3,,-0.96,22953,11553.0,11400.0,3.8,39618,707232,3.6,11.6
13107,"Emanuel, GA",2023,0.12,0.0,0.0,-0.14,-0.3,-0.04,-0.52,-0.41,0.18,-0.1,0.09,-0.3,-0.38,-0.03,-1.09,0.51,-0.21,0.75,0.02,0.0,-0.59,23146,11694.0,11452.0,3.9,41102,700790,-0.9,12.8
13109,"Evans, GA",2002,-0.05,,0.02,0.04,-0.47,0.26,-0.32,,0.33,0.36,,-0.47,-2.43,0.16,-3.55,0.13,,0.46,-0.08,-0.01,0.18,10885,,,4.6,22316,417153,-3.2,
13109,"Evans, GA",2003,0.02,,0.11,-0.02,-0.45,-0.46,0.19,-0.56,0.06,0.52,-0.4,-0.45,-0.57,,-1.42,-0.12,0.4,0.4,0.16,0.01,,11020,,,4.2,22307,411508,-1.4,
13109,"Evans, GA",2004,0.02,-0.08,0.11,-0.16,1.13,-0.21,0.39,-0.56,-0.75,-0.08,,1.13,2.365,,4.17,-0.01,-0.14,0.34,0.19,0.01,-0.11,10889,,,4.1,23489,425553,3.4,
13109,"Evans, GA",2005,0.33,,0.04,0.22,0.98,-0.45,0.97,0.09,-0.05,-0.03,,0.98,2.365,-0.18,5.49,0.05,0.55,0.4,0.12,-0.01,,10895,,,5.1,24429,448706,5.4,
13109,"Evans, GA",2006,0.0,,0.11,-0.45,0.09,0.7,-0.36,-0.19,-0.27,0.06,,0.09,-2.43,0.0,-3.52,-0.45,-0.66,0.03,-0.08,0.02,,10889,,,4.4,24843,431693,-3.8,
13109,"Evans, GA",2007,-0.26,,0.11,0.25,-0.32,-0.38,0.23,,-0.16,0.26,,-0.32,0.82,-0.29,1.42,0.23,,-0.35,0.06,0.0,-0.02,10899,,,4.3,26766,437151,1.3,
13109,"Evans, GA",2008,-0.26,-0.17,-0.08,-0.18,-1.88,-0.77,-1.26,,-0.75,-0.03,-0.19,-1.88,-2.43,0.01,-8.11,-0.09,,0.09,-0.3,0.02,-0.24,11020,,,6.4,26541,398444,-8.9,
13109,"Evans, GA",2009,0.04,0.04,0.11,0.05,1.0,-0.44,-1.52,0.89,-0.32,-0.52,-0.13,1.0,2.24,-0.06,1.86,0.09,1.1,-0.42,-0.27,0.02,-0.3,11016,,,8.7,26828,404600,1.5,
13109,"Evans, GA",2010,,,-0.09999999999999999,-0.06,-0.92,-0.16,-0.03,-0.3,0.21,0.24,-0.08,-0.92,-2.43,0.01,-3.15,-0.11,1.6,0.05,0.06,,-0.18,11028,5410.0,5618.0,9.0,26616,392675,-2.9,13.4
13109,"Evans, GA",2011,-0.17,-0.03,-0.02,0.09,-1.23,0.44,-0.01,,-0.24,-0.29,-0.04,-1.23,-2.43,0.0,-4.91,0.14,,-0.4,0.14,0.03,0.01,10983,5428.0,5555.0,9.0,27188,372460,-5.1,12.7
13109,"Evans, GA",2012,0.0,0.18000000000000002,-0.03,-0.07,1.99,-0.74,0.0,0.22,-0.07,-0.44,,1.99,-2.43,-0.02,-4.64,-0.08,-3.06,-0.18,-0.03,,0.0,10678,5203.0,5475.0,8.4,28620,354922,-4.7,13.7
13109,"Evans, GA",2013,-0.04,-0.02,-0.08,1.12,-1.56,-0.29,,-0.05,-0.13,-0.2,0.01,-1.56,,0.02,1.19,1.28,-0.96,0.25,-0.11,0.0,-0.15,10792,5253.0,5539.0,7.6,29039,358665,1.1,14.1
13109,"Evans, GA",2014,-0.04,0.01,0.06,-0.06,-1.26,1.2,-0.4,0.16,0.02,-0.12,0.01,-1.26,2.365,0.19,3.09,-0.02,0.36,0.2,-0.06,-0.02,-0.11,10808,5244.0,5564.0,6.5,30405,369833,3.1,14.5
13109,"Evans, GA",2015,0.1,-0.17,-0.09999999999999999,0.0,2.33,0.14,0.28,-0.41,0.0,-0.65,0.03,2.33,-0.14,-0.15,1.49,0.13,0.66,0.11,-0.43,-0.03,-0.14,10690,5169.0,5521.0,5.7,32041,375362,1.5,15.4
13109,"Evans, GA",2016,-0.01,-0.04,0.03,-0.06,0.61,0.04,-0.16,-0.5,-0.11,-0.35,0.04,0.61,2.365,-0.24,2.82,0.04,-0.29,0.32,0.11,0.0,-0.19,10633,5169.0,5464.0,5.1,32267,385536,2.7,15.1
13109,"Evans, GA",2017,,,-0.09,0.16,-0.05,-0.94,-0.16,,-0.23,-0.25,0.08,-0.05,2.365,-0.17,4.06,0.19,,0.14,0.1,,,10747,5268.0,5479.0,4.5,32837,400302,3.8,15.5
13109,"Evans, GA",2018,,,-0.03,0.02,0.33,0.07,0.08,-0.36,0.08,0.17,,0.33,-1.28,-0.02,-0.59,0.18,-0.01,0.09,0.36,,-0.01,10677,5202.0,5475.0,3.8,33278,398282,-0.5,15.5
13109,"Evans, GA",2019,0.34,0.0,-0.05,-0.03,-1.62,-0.39,0.47,,0.04,0.39,0.01,-1.62,-2.43,0.05,-6.26,-0.12,-0.92,-0.79,-0.27,,-0.09,10661,5173.0,5488.0,3.6,33704,373537,-6.2,15.8
13109,"Evans, GA",2020,-0.16,0.0,-0.09999999999999999,-0.03,1.02,0.86,0.81,-0.33,-0.36,0.02,-0.05,1.02,-1.97,-0.01,-0.61,-0.27,,0.08,0.27,0.0,,10795,5280.0,5515.0,5.3,36914,369884,-1.0,16.1
13109,"Evans, GA",2021,0.24,0.1,0.11,0.59,-0.48,0.59,1.48,0.2,0.4,0.32,,-0.48,-0.33,-0.07,5.18,0.88,1.02,0.38,0.46,,0.12,10704,5257.0,5447.0,3.7,41080,390498,5.6,15.8
13109,"Evans, GA",2022,0.27,-0.04,-0.08,0.13,0.25,-1.57,0.34,,0.4,0.52,0.13,0.25,0.3,-0.06,0.67,0.35,,-0.13,0.14,0.0,-0.28,10662,5259.0,5403.0,3.1,40658,394686,1.1,16.4
13109,"Evans, GA",2023,,,0.07,-0.15,1.0,0.11,,0.06,0.93,0.77,0.09,1.0,,-0.24,-0.23,-0.03,-0.12,0.76,0.2,0.0,0.03,10753,5303.0,5450.0,3.1,42033,397455,0.7,15.1
13111,"Fannin, GA",2002,0.32,-0.05,0.02,0.59,-0.69,0.57,0.13,1.14,0.59,1.33,0.05,-0.69,-0.71,0.32,5.58,0.67,1.5,0.79,0.08,0.06,0.07,21041,,,5.4,22169,514860,6.2,
13111,"Fannin, GA",2003,0.06,0.09,,-0.34,0.07,,0.12,-1.23,0.36,,-0.27,0.07,-2.43,0.06,0.36,-0.37,0.45,0.84,0.17,0.18,0.02,21424,,,6.3,22476,518563,0.7,
13111,"Fannin, GA",2004,0.17,0.05,0.11,0.04,,-0.45,,-0.37,-0.47,0.74,-0.5900000000000001,,,0.21,1.27,0.28,1.79,-1.41,0.29,0.04,-0.01,21873,,,5.0,23179,522725,0.8,
13111,"Fannin, GA",2005,-0.01,0.03,0.11,-0.18,,,0.14,1.39,0.02,0.46,0.15,,-0.47,0.42,5.54,-0.18,2.2,0.81,-0.15,0.05,0.63,22174,,,5.1,24047,551757,5.6,
13111,"Fannin, GA",2006,0.26,-0.06,0.11,0.28,-0.69,2.39,0.1,1.31,0.0,0.86,0.47,-0.69,-0.09,0.26,7.72,0.64,0.23,1.2,0.21,-0.11,0.59,22758,,,4.0,24963,594323,7.7,
13111,"Fannin, GA",2007,-0.01,0.06,0.05,0.42,0.23,-2.83,0.11,1.02,-0.01,-0.04,0.67,0.23,0.09,-0.24,1.5,0.53,2.25,-0.83,-0.17,-0.11,0.39,23185,,,3.8,25913,603195,1.5,
13111,"Fannin, GA",2008,-0.17,-0.09,,-0.21,0.51,-3.25,,0.12,-0.44,,-0.08,0.51,,-0.41,-6.6,-0.22,-1.81,-0.88,-0.35,0.06,-0.15,23416,,,6.4,26141,560720,-7.0,
13111,"Fannin, GA",2009,,,,0.42,-0.03,-1.98,,2.19,0.19,,-0.21,-0.03,-0.14,-0.45,-1.36,0.04,1.61,-1.59,-0.07,0.22,-0.74,23661,,,10.5,25583,554107,-1.2,
13111,"Fannin, GA",2010,,,,0.78,-0.24,-0.89,0.35,-1.22,0.3,-0.69,-0.32,-0.24,0.05,0.16,3.59,0.62,5.01,0.22,0.31,-0.03,0.13,23684,11554.0,12130.0,11.6,25813,575655,3.9,16.2
13111,"Fannin, GA",2011,,,,-0.92,-0.32,-0.03,0.25,0.05,-0.02,0.09,-0.38,-0.32,-0.05,0.06,-2.98,,-2.45,0.18,0.23,-0.23,0.11,23647,11548.0,12099.0,11.1,26994,558395,-3.0,14.8
13111,"Fannin, GA",2012,0.15,-0.17,0.02,0.02,0.64,2.51,0.01,0.44,-0.23,0.07,-0.25,0.64,-0.08,0.18,3.87,0.17,0.89,-0.79,0.08,-0.03,0.1,23617,11538.0,12079.0,10.1,28065,578701,3.6,15.4
13111,"Fannin, GA",2013,,,0.02,,0.52,,,-0.48,-0.2,-0.05,-0.03,0.52,0.03,-0.01,2.98,0.34,-0.82,0.99,0.15,0.26,0.35,23835,11592.0,12243.0,8.9,28582,594811,2.8,14.4
13111,"Fannin, GA",2014,0.45,0.03,0.05,0.07,0.46,-0.22,0.43,-0.1,-0.01,-0.26,-0.1,0.46,0.11,0.17,3.65,0.16,1.11,1.57,-0.07,-0.23,0.22,23869,11635.0,12234.0,7.6,30595,616443,3.6,14.7
13111,"Fannin, GA",2015,0.51,0.05,0.0,-0.15,0.4,0.5,0.27,-0.79,0.15,0.5,0.06,0.4,0.43,0.11,4.14,0.06,0.03,1.75,0.12,-0.01,0.12,24455,11880.0,12575.0,6.3,32520,642875,4.3,16.2
13111,"Fannin, GA",2016,0.23,0.06,,0.3,-0.1,1.37,-0.04,-0.28,0.03,,-0.19,-0.1,1.6,0.21,7.37,0.58,1.76,1.38,-0.03,0.11,0.02,25051,12132.0,12919.0,6.3,33737,690468,7.4,17.7
13111,"Fannin, GA",2017,0.13,0.12,,0.11,0.2,1.01,0.07,0.33,0.11,,-0.06,0.2,1.07,-0.01,6.35,0.6,1.46,0.68,0.26,-0.1,0.1,25348,12270.0,13078.0,5.6,36085,735089,6.5,19.0
13111,"Fannin, GA",2018,0.71,0.09,,,,1.48,,-0.16,0.08,0.08,0.03,,-0.03,0.31,5.08,,1.22,0.49,-0.12,0.18,0.1,25995,12613.0,13382.0,4.6,37707,773025,5.2,21.3
13111,"Fannin, GA",2019,0.49,0.01,0.09,0.71,,,,-0.16,-0.07,-0.18,0.07,,,0.0,2.19,0.53,1.02,-0.03,-0.2,-0.05,0.25,26068,12678.0,13390.0,4.0,40223,789354,2.1,21.8
13111,"Fannin, GA",2020,-0.7,-0.01,,-0.07,-0.37,-0.63,-0.06,0.17,-0.32,,-0.04,-0.37,,-0.14,-5.97,-0.03,-3.4,-0.1,-0.09,0.15,0.1,25437,12542.0,12895.0,5.5,42955,739705,-6.3,22.1
13111,"Fannin, GA",2021,0.7700000000000001,0.15,,0.56,,,0.14,1.08,0.34,,0.2,,0.14,-0.05,15.17,1.55,5.34,0.37,0.19,-0.23,-0.29,25800,12709.0,13091.0,3.3,47735,854454,15.5,23.5
13111,"Fannin, GA",2022,0.31,-0.03,,0.4,0.31,,0.28,-0.14,-0.03,0.37,0.08,0.31,,0.19,5.04,0.54,,-0.5,-0.3,-0.03,0.14,25702,12680.0,13022.0,3.1,51143,897265,5.0,23.2
13111,"Fannin, GA",2023,0.14,0.04,,-0.05,-0.39,,0.04,0.47,-0.04,,0.08,,0.16,-0.12,3.06,-0.16,1.3,0.89,0.0,-0.09,0.19,25916,12804.0,13112.0,3.3,54467,924354,3.0,22.6
13113,"Fayette, GA",2002,0.24,0.01,0.04,0.05,-0.02,-1.3,,0.45,1.11,0.66,0.15,0.0,,0.19,4.19,0.45,0.24,1.0,1.07,0.01,0.83,95707,,,3.6,38077,3396401,5.3,
13113,"Fayette, GA",2003,0.31,0.1,0.06,-0.53,0.0,0.03,1.4,0.07,1.51,0.28,0.27,-0.04,0.17,0.07,5.64,-0.27,0.93,0.69,0.62,0.01,0.94,97634,,,3.7,39526,3639171,7.1,
13113,"Fayette, GA",2004,0.15,0.0,0.01,-0.18,-0.01,1.31,1.51,-0.24,0.0,0.33,0.22,-0.03,0.47,0.06,6.73,-0.14,1.57,-0.17,0.9,0.0,0.78,99443,,,3.7,41238,3884298,6.7,
13113,"Fayette, GA",2005,0.21,-0.11,0.0,0.16,-0.01,0.2,0.12,0.7,0.07,0.97,0.08,-0.08,-0.44,0.06,4.08,0.58,0.42,0.5,0.54,-0.01,0.34,101961,,,4.6,42644,4045533,4.2,
13113,"Fayette, GA",2006,0.18,-0.02,0.06,0.04,-0.02,-1.4,-0.05,0.02,0.17,0.59,0.18,-0.13,-0.19,0.14,1.82,0.71,0.08,0.41,0.01,0.0,1.24,104099,,,3.9,44169,4126422,2.0,
13113,"Fayette, GA",2007,-0.14,-0.08,0.11,-0.08,-0.01,-2.12,1.29,-0.06,0.12,0.13,0.25,0.04,0.28,0.03,0.74,0.48,-0.56,0.02,-0.02,-0.01,1.08,104989,,,3.9,48400,4162005,0.9,
13113,"Fayette, GA",2008,-0.24,-0.04,0.06,-0.19,0.06,-2.02,-0.12,-0.19,-0.41,0.51,0.06,-0.11,-0.79,-0.11,-1.28,0.06,1.39,-0.44,0.25,-0.01,0.45,105192,,,5.4,46817,4091821,-1.7,
13113,"Fayette, GA",2009,-0.28,0.03,-0.02,-0.17,0.05,-1.31,-0.81,1.38,-0.26,0.14,-0.02,-0.07,0.47,-0.4,-4.65,-0.31,-0.61,-0.65,-0.45,0.0,-1.5500000000000005,105493,,,8.4,44859,3891014,-4.9,
13113,"Fayette, GA",2010,-0.01,0.05,0.03,0.19,,0.22,0.37,-0.85,0.06,0.54,-0.19,,-0.44,-0.13,2.17,0.09,0.93,-0.06,,0.0,0.69,106938,51664.0,55274.0,8.1,45140,3977474,2.2,41.5
13113,"Fayette, GA",2011,0.33,-0.02,-0.05,0.15,-0.05,0.08,0.3,0.35,0.06,0.44,-0.17,-0.1,-0.3,-0.01,0.81,0.22,-0.65,0.3,-0.01,0.0,0.1,107171,51783.0,55388.0,7.9,47775,4011928,0.9,41.7
13113,"Fayette, GA",2012,0.3,0.18000000000000002,0.0,0.13,,-0.07,0.24,0.56,-0.4,0.75,-0.1,,-0.39,-0.06,6.04,-0.46,5.42,-0.11,,0.0,0.48,107343,51952.0,55391.0,7.4,49932,4238190,5.6,42.1
13113,"Fayette, GA",2013,0.24,-0.04,0.02,0.1,-0.12,0.1,0.96,-0.09,-0.88,0.73,0.13,-0.12,0.16,0.08,-0.28,0.07,-1.63,0.41,-0.88,0.0,-0.4,108103,52381.0,55722.0,6.7,49872,4189063,-1.2,42.6
13113,"Fayette, GA",2014,0.43,-0.03,0.04,-0.07,-0.04,0.34,2.08,0.5,0.0,-0.03,0.12,-0.02,0.23,0.28,2.78,-0.16,0.24,-0.03,-0.87,0.0,-0.32,109259,52915.0,56344.0,6.1,52470,4305638,2.8,43.3
13113,"Fayette, GA",2015,0.19,-0.08,-0.08,-0.02,0.02,1.47,2.18,-0.37,0.33,0.59,0.3,0.04,-0.09,0.13,5.68,0.47,1.09,0.43,-0.21,0.0,-0.37,110215,53409.0,56806.0,5.3,55008,4564140,6.0,43.8
13113,"Fayette, GA",2016,-0.04,-0.01,-0.03,-0.03,0.0,1.29,1.06,-0.32,0.24,0.41,0.39,0.01,0.42,0.11,6.72,0.19,2.42,0.11,0.04,0.01,0.65,111294,53965.0,57329.0,5.1,57635,4882058,7.0,45.8
13113,"Fayette, GA",2017,0.16,0.06,0.03,0.0,,-0.26,0.44,-0.33,0.55,0.59,0.25,,-0.15,0.11,1.1,0.42,-0.6,0.16,,0.01,0.25,112626,54636.0,57990.0,4.4,59952,4962724,1.7,46.7
13113,"Fayette, GA",2018,0.16,0.02,0.02,0.15,,0.61,-0.07,-0.06,-0.03,0.64,0.15,,-0.37,0.05,5.38,0.54,2.44,0.32,,0.0,1.03,113333,54805.0,58528.0,3.8,63975,5228356,5.4,46.5
13113,"Fayette, GA",2019,0.13,0.01,0.02,0.35,0.0,-0.44,0.02,0.09,0.11,0.41,0.0,0.37,1.18,0.09,3.26,0.74,0.0,0.1,0.01,0.01,0.54,114645,55475.0,59170.0,3.4,64926,5404175,3.4,46.2
13113,"Fayette, GA",2020,-0.7000000000000002,-0.05,-0.04,-0.02,,0.24,-1.43,0.15,-0.32,-0.75,-0.09,,0.0,-0.19,0.52,-0.6,2.21,0.05,,-0.01,0.8,119512,58119.0,61393.0,5.7,68922,5414735,0.2,46.8
13113,"Fayette, GA",2021,0.7700000000000001,0.18000000000000002,0.02,0.56,-0.01,1.69,-0.22,0.9,0.01,-1.2700000000000002,0.34,-0.07,0.03,0.03,4.49,1.24,-0.15,0.0,0.12,0.01,0.72,120751,58683.0,62068.0,3.1,74418,5658081,4.5,46.2
13113,"Fayette, GA",2022,0.48,0.1,0.06,0.52,-0.01,-0.26,0.57,0.44,0.26,0.65,0.16,-0.3,0.08,0.12,5.18,1.39,1.72,-0.29,0.05,0.02,0.18,122150,59318.0,62832.0,2.9,73658,5966069,5.4,47.2
13113,"Fayette, GA",2023,0.07,0.05,0.05,-0.21,0.0,-1.28,-0.3,-0.14,0.53,0.53,0.05,-0.07,1.52,-0.12,1.87,-0.04,0.99,0.71,0.0,0.0,-0.17,123698,60056.0,63642.0,3.2,77577,6109018,2.4,48.1
13115,"Floyd, GA",2002,0.03,-0.03,0.02,-0.05,-0.18,-0.05,-2.87,0.06,0.29,0.44,0.24,-0.17,-0.75,-0.2,-11.47,0.09,-0.19,0.35,0.03,-0.23,0.23,92597,,,5.0,25691,3921589,-11.2,
13115,"Floyd, GA",2003,0.19,0.03,0.0,0.29,0.07,-0.53,-1.45,-0.05,0.32,0.76,0.13,0.06,-1.29,0.11,0.4,0.29,0.23,0.38,0.25,0.26,0.59,93539,,,4.6,26345,3949920,0.7,
13115,"Floyd, GA",2004,-0.04,0.02,0.04,0.26,0.26,-0.6,0.83,-0.24,-0.49,0.7,0.52,0.26,2.365,0.38,4.84,-0.17,0.27,-0.32,0.1,-0.15,0.73,94014,,,4.7,27718,4121707,4.3,
13115,"Floyd, GA",2005,0.07,0.0,-0.09999999999999999,0.04,0.07,0.41,-2.87,0.47,0.41,0.4,0.12,0.02,0.21,-0.02,-3.12,-0.13,-0.08,-0.18,0.31,0.26,0.22,94332,,,5.1,27763,4009808,-2.7,
13115,"Floyd, GA",2006,0.0,-0.01,0.0,0.13,-0.2,-1.25,1.56,-0.05,-0.3,0.09,0.49,-0.39,0.14,-0.04,1.28,0.38,-0.33,0.03,0.1,-0.09,0.64,95165,,,4.4,28451,4049199,1.0,
13115,"Floyd, GA",2007,-0.01,0.02,-0.02,0.13,0.19,-0.34,0.69,0.02,-0.08,-0.29,0.59,0.26,0.2,-0.09,1.56,-0.42,0.29,-0.52,-0.14,0.26,0.42,95308,,,4.7,29356,4109196,1.5,
13115,"Floyd, GA",2008,-0.09,-0.06,0.11,0.05,0.01,-0.03,0.21,0.02,0.09,0.67,0.48,-0.16,-1.35,-0.22,-0.71,0.22,0.74,-0.12,-0.07,-0.23,-0.38,95922,,,6.6,29852,4083871,-0.6,
13115,"Floyd, GA",2009,-0.13,-0.01,0.06,-0.3,0.04,0.03,-2.87,1.2,0.02,1.26,0.12,0.01,-0.26,-0.02,-3.18,-0.69,-0.08,-0.32,-0.04,-0.23,-0.81,96383,,,10.5,29335,3954960,-3.2,
13115,"Floyd, GA",2010,-0.05,0.0,0.0,0.34,-0.16,-0.63,2.19,-0.58,0.03,0.27,0.2,-0.09,-1.09,0.03,1.59,0.33,1.09,-0.14,-0.03,-0.23,0.45,96436,46683.0,49753.0,11.7,30231,4019164,1.6,17.9
13115,"Floyd, GA",2011,0.1,-0.01,0.01,-0.11,-0.28,-0.2,0.86,0.26,-0.97,0.72,-0.53,-0.31,-0.41,-0.03,0.77,0.07,-0.6,-0.23,0.19,0.26,-0.02,96174,46668.0,49506.0,11.9,31197,4011067,-0.2,18.1
13115,"Floyd, GA",2012,0.07,0.01,0.03,0.02,0.56,0.3,-0.23,0.04,-0.68,0.3,0.24,0.56,-0.48,0.02,-1.88,0.05,-0.66,-0.01,-0.06,-0.23,0.4,95944,46492.0,49452.0,10.8,31551,3908364,-2.6,18.2
13115,"Floyd, GA",2013,-0.1,-0.02,-0.03,-0.21,0.03,-0.53,-0.06,-0.09,-0.67,0.03,-0.13,0.04,0.11,-0.02,-1.51,-0.22,-0.1,0.87,-0.25,-0.23,0.1,95901,46432.0,49469.0,9.4,31806,3823133,-2.2,18.1
13115,"Floyd, GA",2014,0.18,0.0,-0.07,0.0,0.33,0.11,0.3,0.38,-0.16,-0.01,-0.2,0.33,1.97,0.04,5.08,0.13,0.89,0.63,-0.2,0.26,0.13,95894,46556.0,49338.0,7.9,33379,4011320,4.9,18.6
13115,"Floyd, GA",2015,0.21,-0.02,-0.09999999999999999,0.1,-0.04,0.31,-0.09,-0.52,-0.04,0.35,0.06,-0.03,2.29,0.08,3.2,0.17,-0.21,0.19,0.58,0.01,-0.09,96209,46569.0,49640.0,6.8,34754,4137921,3.2,18.6
13115,"Floyd, GA",2016,0.0,0.0,0.04,-0.09,-0.18,-0.04,0.65,-0.6,-0.23,0.52,0.02,-0.18,2.365,-0.02,4.45,-0.01,1.24,0.59,-0.07,-0.01,-0.25,96730,46746.0,49984.0,6.1,35520,4312400,4.2,19.8
13115,"Floyd, GA",2017,0.06,0.0,-0.05,0.09,-0.02,0.14,0.89,1.71,0.16,0.05,-0.19,-0.01,-2.43,-0.02,-3.38,0.13,-1.46,0.46,-0.07,-0.23,-0.16,97459,47208.0,50251.0,5.3,36171,4173443,-3.2,20.5
13115,"Floyd, GA",2018,0.14,0.01,0.01,0.09,-0.03,-0.07,0.0,-2.22,0.16,0.45,-0.21,-0.03,0.98,-0.05,-0.75,0.26,0.38,0.48,-0.12,-0.23,-0.06,97907,47430.0,50477.0,4.4,37446,4148705,-0.6,20.4
13115,"Floyd, GA",2019,0.16,-0.02,-0.04,0.25,-0.15,0.46,-0.33,0.34,-0.32,0.34,0.04,-0.11,-2.43,-0.21,-1.34,0.21,0.43,-0.69,0.66,-0.16,0.43,98325,47709.0,50616.0,4.1,38731,4079777,-1.7,20.9
13115,"Floyd, GA",2020,-0.62,-0.01,-0.09999999999999999,-0.23,-0.13,0.0,0.9,0.15,-0.26,-0.68,-0.41,-0.1,0.03,-0.2,-3.36,-0.28,-1.07,-0.3,0.09,0.05,-0.61,98583,48026.0,50557.0,6.3,40857,3931938,-3.6,21.4
13115,"Floyd, GA",2021,0.58,0.07,0.02,0.71,0.22,-0.16,0.36,0.2,0.29,0.72,0.02,0.25,1.44,-0.01,5.53,1.29,0.64,0.39,0.05,-0.08,-0.27,98498,48052.0,50446.0,3.7,44177,4160677,5.8,20.9
13115,"Floyd, GA",2022,0.27,0.06,0.11,0.65,0.1,-0.07,0.84,-0.13,0.16,0.78,0.04,0.09,-0.13,0.21,2.4,1.03,0.38,-0.77,0.01,-0.16,-0.14,99586,48636.0,50950.0,3.2,44332,4267096,2.6,22.3
13115,"Floyd, GA",2023,0.1,0.02,0.02,1.04,-0.21,-0.01,0.07,0.13,-0.02,1.11,0.21,-0.23,-0.58,-0.13,2.64,1.06,0.33,0.7,-0.16,0.03,-0.04,100407,48929.0,51478.0,3.2,46727,4378964,2.6,24.9
13117,"Forsyth, GA",2002,0.11,0.04,0.03,0.17,-0.23,-1.81,-0.32,0.84,0.92,0.28,0.63,-0.22,0.09,0.22,2.69,1.28,0.78,0.75,0.11,0.08,-0.19,115797,,,4.1,35946,4372858,3.6,
13117,"Forsyth, GA",2003,0.3,-0.06,0.04,0.75,-0.1,0.25,1.12,0.34,0.61,0.34,-0.5900000000000001,-0.15,0.74,0.0,7.21,1.81,1.39,0.72,0.14,0.12,1.7400000000000002,122698,,,3.7,35308,4714809,7.8,
13117,"Forsyth, GA",2004,0.17,0.06,0.01,0.76,0.11,1.12,0.9,0.8,0.3,0.61,0.67,0.13,1.01,0.03,22.69,1.17,1.42,-0.43,0.12,-0.03,1.7400000000000002,129639,,,3.5,41533,5926896,25.7,
13117,"Forsyth, GA",2005,0.13,0.01,0.06,1.12,-0.04,2.23,1.02,0.66,0.73,0.43,-0.5900000000000001,-0.08,0.57,0.09,8.09,1.98,0.48,0.85,0.09,0.04,1.7400000000000002,137643,,,3.8,42246,6449592,8.8,
13117,"Forsyth, GA",2006,0.17,-0.03,0.08,0.2,-0.11,-0.95,0.82,2.19,0.21,0.46,0.67,-0.1,0.02,0.15,9.72,0.74,0.72,0.22,0.35,-0.02,1.69,147228,,,3.3,45651,7090174,9.9,
13117,"Forsyth, GA",2007,0.17,-0.01,0.06,1.03,-0.04,-1.42,,-0.2,0.46,0.23,-0.5900000000000001,0.02,,0.05,3.37,1.98,1.75,0.46,0.34,-0.01,1.73,157129,,,3.3,46447,7361319,3.8,
13117,"Forsyth, GA",2008,0.04,0.05,0.03,-0.29,0.04,-1.59,0.15,-2.22,0.24,0.79,0.23,-0.04,0.05,-0.09,-1.75,1.24,-0.02,0.09,-0.11,0.0,0.06,166338,,,4.9,47119,7250010,-1.5,
13117,"Forsyth, GA",2009,-0.2,0.0,0.06,-0.14,0.06,-1.87,,0.62,0.14,0.34,0.67,0.01,,-0.1,-5.81,-0.32,-0.16,-0.42,-0.17,0.02,-1.5500000000000005,171993,,,8.2,45535,6838995,-5.7,
13117,"Forsyth, GA",2010,0.09,0.16,0.05,0.47,-0.05,0.58,1.75,-0.53,-0.08,0.37,0.67,-0.1,-0.41,0.01,5.06,1.05,0.01,0.03,-0.13,0.12,0.06,176736,87807.0,88929.0,7.9,46543,7179455,5.0,43.6
13117,"Forsyth, GA",2011,0.05,0.03,-0.08,1.12,-0.14,-0.78,0.59,0.5,0.06,0.44,0.67,-0.18,-0.62,-0.03,5.44,1.98,0.13,-0.03,0.06,0.01,-0.1,181828,90246.0,91582.0,7.3,49661,7574281,5.5,42.8
13117,"Forsyth, GA",2012,0.13,-0.04,0.05,0.26,0.1,-0.92,2.08,0.79,0.03,0.5,-0.5900000000000001,0.04,-0.61,0.09,6.84,0.95,4.64,0.1,0.12,-0.05,-0.1,186848,92616.0,94232.0,6.5,51762,8094384,6.9,43.3
13117,"Forsyth, GA",2013,0.1,0.18000000000000002,-0.05,0.17,0.0,1.48,0.84,0.22,-0.01,1.0,-0.22,0.0,-0.62,0.11,6.34,1.18,0.41,0.62,-0.06,0.11,0.87,193875,96118.0,97757.0,5.8,52690,8606065,6.3,43.8
13117,"Forsyth, GA",2014,0.08,-0.01,0.09,0.18,0.1,1.21,0.43,0.88,0.23,0.34,0.62,0.19,0.19,0.11,5.19,0.52,-0.21,0.4,0.09,-0.04,0.31,202697,100531.0,102166.0,5.3,54993,9072450,5.4,44.6
13117,"Forsyth, GA",2015,0.24,-0.14,-0.04,-0.33,0.11,1.86,-0.29,0.41,0.36,0.55,0.67,0.11,0.01,0.11,7.99,0.79,1.33,0.61,-0.03,0.01,0.77,211368,105052.0,106316.0,4.6,58830,9830121,8.4,45.6
13117,"Forsyth, GA",2016,0.07,-0.05,0.0,0.13,0.0,0.79,-0.69,-0.37,0.2,0.49,-0.5900000000000001,0.03,0.23,0.14,1.67,0.25,1.24,0.47,-0.06,0.1,0.13,220856,109836.0,111020.0,4.1,60451,10014247,1.9,48.3
13117,"Forsyth, GA",2017,0.08,0.01,0.02,0.19,0.03,0.16,-0.53,-0.47,0.3,0.23,-0.5900000000000001,0.05,0.2,0.08,0.65,0.2,1.8,0.31,-0.02,-0.1,-0.44,229367,113846.0,115521.0,3.7,61408,10109254,0.9,50.2
13117,"Forsyth, GA",2018,0.05,0.03,0.03,0.28,0.02,-0.51,0.14,-0.21,0.14,0.24,-0.5900000000000001,-0.02,0.11,0.1,-1.05,0.97,1.15,0.41,0.09,0.08,-0.03,237330,117703.0,119627.0,3.1,62654,10017209,-0.9,51.7
13117,"Forsyth, GA",2019,0.04,0.01,0.02,0.11,-0.1,0.27,0.54,0.43,0.42,1.05,0.14,-0.16,0.35,0.16,3.49,0.18,-0.21,0.33,0.03,0.06,0.24,244624,121295.0,123329.0,2.8,65843,10408726,3.9,53.1
13117,"Forsyth, GA",2020,-0.35,-0.08,-0.05,-0.75,-0.08,0.09,-0.49,0.48,-0.12,-0.09,0.67,-0.05,0.11,-0.23,-0.11,-1.25,0.62,0.17,0.06,0.11,-0.15,252911,126313.0,126598.0,4.4,68471,10384201,-0.2,54.8
13117,"Forsyth, GA",2021,0.46,0.14,0.05,0.62,,0.27,0.78,0.01,0.19,0.71,0.48,0.06,0.1,0.07,8.67,1.98,2.2,0.12,0.22,-0.14,0.79,260816,130473.0,130343.0,2.4,74584,11304285,8.9,55.9
13117,"Forsyth, GA",2022,0.3,-0.01,0.07,0.65,0.05,-1.13,0.21,-0.22,0.3,0.78,0.25,,-0.1,0.16,2.72,1.98,,-0.03,,-0.04,-0.27,268075,134110.0,133965.0,2.3,79986,11645625,3.0,56.2
13117,"Forsyth, GA",2023,-0.07,0.06,0.05,-0.09,-0.01,-0.07,-0.44,-0.06,0.32,1.13,0.2,-0.03,-0.04,-0.11,2.14,-0.12,0.86,0.74,0.15,0.02,-0.12,274535,137310.0,137225.0,2.5,84447,11932381,2.5,56.6
13119,"Franklin, GA",2002,0.16,0.0,0.06,0.17,-4.32,-0.11,0.9,-0.07,0.49,-0.04,0.08,-4.869999999999999,1.19,0.11,-1.94,0.2,0.78,0.37,-0.17,0.03,0.06,20942,,,5.4,23608,622612,-1.5,
13119,"Franklin, GA",2003,,,0.03,-0.23,0.03,1.79,0.49,-0.57,0.07,0.35,,0.03,0.66,-0.31,3.22,0.4,0.82,-0.54,-0.33,,0.57,21193,,,5.3,24178,643102,3.3,
13119,"Franklin, GA",2004,0.08,0.01,-0.02,0.08,4.29,-0.54,1.79,-0.45,-0.3,0.09,-0.27,4.79,2.365,-0.15,9.48,0.15,0.03,-0.51,-0.1,0.0,0.26,21430,,,5.1,25782,702106,9.2,
13119,"Franklin, GA",2005,-0.2,0.01,-0.09,0.2,-0.42,0.38,0.94,0.39,0.13,0.08,0.03,-0.42,1.48,0.05,4.24,-0.33,1.5,0.18,0.14,0.0,0.09,21725,,,5.6,25875,732786,4.4,
13119,"Franklin, GA",2006,-0.01,-0.04,-0.09999999999999999,0.32,-4.32,-1.93,3.29,-0.02,0.08,-0.03,0.01,-4.869999999999999,-0.38,0.08,-5.92,0.21,-1.3,0.09,0.01,-0.01,0.86,21956,,,5.0,24574,689980,-5.8,
13119,"Franklin, GA",2007,-0.36,-0.01,-0.09,0.11,4.29,-0.29,-0.06,-0.01,0.07,-0.43,0.08,4.79,-1.46,-0.17,3.06,0.12,1.46,-1.09,-0.26,0.0,-0.03,22195,,,4.9,26751,711600,3.1,
13119,"Franklin, GA",2008,,,0.04,-0.14,1.32,-0.98,,0.16,-0.32,-0.1,-0.01,1.3,,-0.24,-3.36,-0.19,0.02,-0.71,-0.64,,0.08,22254,,,7.1,27823,685454,-3.7,
13119,"Franklin, GA",2009,-0.14,0.0,0.11,-0.13,-0.36,-0.03,-2.87,0.94,0.37,-0.02,0.01,-0.38,-1.53,-0.24,-9.29,-0.44,1.39,-0.44,-0.6,0.0,-1.0,22152,,,11.9,27161,624358,-8.9,
13119,"Franklin, GA",2010,0.07,0.03,0.11,1.12,,,,-0.56,-0.03,-0.02,-0.02,,,-0.05,2.95,1.98,2.36,0.31,0.14,-0.01,0.25,22082,10897.0,11185.0,12.6,27418,642611,2.9,13.6
13119,"Franklin, GA",2011,0.18,-0.01,0.1,-0.05,-4.32,1.82,2.44,0.28,-0.13,0.21,-0.07,-4.869999999999999,0.09,-0.09,-2.93,-0.06,-2.56,-0.32,0.92,0.0,0.06,21982,10808.0,11174.0,11.9,27551,622966,-3.1,14.0
13119,"Franklin, GA",2012,0.1,0.01,0.05,-0.98,4.29,-0.55,1.09,0.1,-0.33,0.63,-0.08,4.79,-1.42,-0.02,13.3,-1.18,-1.87,0.01,1.35,-0.01,0.41,21927,10727.0,11200.0,11.1,29978,703747,13.0,13.5
13119,"Franklin, GA",2013,,,0.03,0.25,1.19,-1.73,1.45,-0.11,-0.47,0.47,,1.19,1.68,-0.09,4.65,0.27,-0.65,0.44,1.16,0.01,0.23,22056,10832.0,11224.0,9.7,30355,733159,4.2,13.0
13119,"Franklin, GA",2014,0.12,0.0,,-0.13,,,0.66,0.37,-0.02,0.08,,,-0.62,0.32,10.38,-0.08,2.01,0.08,-0.22,0.0,0.08,22187,10852.0,11335.0,8.2,32183,809138,10.4,12.0
13119,"Franklin, GA",2015,0.18,-0.01,,0.26,4.07,-0.27,1.25,-0.44,0.17,-0.21,,4.07,-0.1,0.18,6.53,0.49,-0.62,0.44,0.24,0.0,,22281,10888.0,11393.0,6.4,35114,863416,6.7,12.6
13119,"Franklin, GA",2016,,,0.1,-0.14,-3.31,-0.5,0.77,-0.56,-0.16,0.25,,-3.31,0.48,0.12,0.46,0.12,0.2,0.49,1.15,0.01,0.11,22333,10924.0,11409.0,5.3,33920,866040,0.3,12.6
13119,"Franklin, GA",2017,,,,-0.04,2.23,-0.01,0.31,-0.19,0.29,0.24,0.27,2.23,0.02,-0.06,6.02,1.51,-0.62,0.39,1.35,-0.02,0.21,22876,11203.0,11673.0,4.8,35228,920646,6.3,12.8
13119,"Franklin, GA",2018,,,,-0.18,2.19,0.17,0.05,-0.27,0.1,0.14,-0.11,2.19,0.01,0.24,3.87,-0.32,1.06,0.2,-0.21,0.02,0.32,23039,11296.0,11743.0,3.9,35719,957175,4.0,13.5
13119,"Franklin, GA",2019,0.36,0.0,-0.01,-0.17,-4.32,0.61,-0.03,0.15,0.04,0.41,-0.3,-4.869999999999999,0.75,0.46,-4.76,0.89,-0.41,0.55,-1.09,0.2,-0.02,23322,11455.0,11867.0,3.6,35336,912018,-4.7,15.9
13119,"Franklin, GA",2020,-0.61,0.02,-0.08,-0.17,-4.32,-0.32,-1.8,0.16,-0.3,-0.16,0.03,-4.869999999999999,0.74,-0.3,-7.3,0.07,2.26,0.17,-0.76,0.26,-0.51,23477,11617.0,11860.0,5.9,35978,842726,-7.6,17.1
13119,"Franklin, GA",2021,,,0.03,0.06,4.29,0.22,2.84,0.14,-0.03,-0.16,0.14,4.79,0.78,-0.47,10.96,1.79,-4.05,0.79,1.35,,-0.25,23518,11564.0,11954.0,3.7,40801,934838,10.9,16.6
13119,"Franklin, GA",2022,0.5,-0.02,0.05,0.08,4.29,-0.09,0.2,-0.29,-0.02,0.29,0.11,4.79,-0.77,0.35,14.87,1.0,,-0.01,0.11,,0.44,24151,11868.0,12283.0,3.3,44534,1073698,14.9,16.8
13119,"Franklin, GA",2023,-0.02,0.0,-0.07,0.09,-4.32,0.15,-1.01,-0.2,0.22,0.18,0.07,-4.869999999999999,-1.02,-0.07,-9.62,0.03,0.08,0.97,-0.12,-0.06,-0.1,24815,12132.0,12683.0,3.4,41656,972751,-9.4,16.9
13121,"Fulton, GA",2002,-0.08,0.05,-0.01,-0.18,,-0.49,0.13,-0.03,0.16,0.15,0.67,,-0.25,0.03,1.34,-0.33,0.07,0.03,,0.07,-0.16,815224,,,5.6,53256,109940487,1.5,
13121,"Fulton, GA",2003,0.06,-0.07,0.0,0.04,0.0,-0.08,-0.24,0.27,-0.06,0.31,0.5,-0.02,0.89,-0.03,1.53,0.02,0.14,0.19,-0.12,0.03,-0.3,812568,,,5.3,53807,111550015,1.5,
13121,"Fulton, GA",2004,0.09,-0.04,0.01,0.27,0.0,0.65,0.11,0.31,0.01,0.2,0.67,-0.01,0.47,-0.08,5.41,0.46,0.85,-0.15,0.09,0.01,0.14,809481,,,5.1,57010,117596851,5.4,
13121,"Fulton, GA",2005,0.05,-0.01,0.0,0.53,0.0,0.01,0.04,1.56,0.09,0.15,0.67,-0.04,0.21,0.01,7.75,1.69,0.27,-0.03,-0.6,0.1,0.11,818737,,,5.8,61544,126817624,7.8,
13121,"Fulton, GA",2006,0.15,0.0,0.01,0.11,0.03,0.04,0.14,0.84,-0.21,0.2,0.67,0.05,-0.99,0.06,4.2,0.03,0.33,0.36,-0.06,-0.02,0.19,845181,,,5.0,66414,131878741,4.0,
13121,"Fulton, GA",2007,-0.1,0.04,-0.03,0.12,-0.03,-0.04,-0.02,-0.28,0.0,-0.02,-0.5900000000000001,0.01,0.34,-0.07,-0.9,0.04,0.34,-0.26,0.03,0.01,-0.21,869329,,,4.8,67100,130683843,-0.9,
13121,"Fulton, GA",2008,-0.11,0.02,0.05,-0.07,0.0,-0.72,-0.1,-0.73,-0.15,0.2,-0.5900000000000001,-0.2,-0.77,-0.07,-3.59,0.41,0.06,-0.09,0.33,0.03,-0.43,888694,,,6.6,61568,125795029,-3.7,
13121,"Fulton, GA",2009,-0.27,0.02,0.07,-0.43,0.0,-0.8,-0.12,1.61,-0.35,0.31,-0.5900000000000001,-0.01,0.4,-0.08,-4.69,-1.06,-1.31,-0.25,-1.01,-0.06,-1.33,905511,,,10.1,58806,119448850,-5.0,
13121,"Fulton, GA",2010,0.1,0.0,0.03,0.14,0.03,-0.1,,-0.66,-0.08,0.02,0.67,0.04,,-0.09,2.06,0.47,0.37,0.21,0.09,-0.01,0.28,925622,450661.0,474961.0,10.3,59436,121820866,2.0,47.6
13121,"Fulton, GA",2011,0.12,0.06,0.05,0.28,-0.01,-0.21,0.09,0.73,0.54,0.23,0.67,-0.02,0.36,0.04,4.1,1.04,0.31,0.02,0.53,0.04,-0.09,947582,461296.0,486286.0,10.0,63678,127477371,4.6,48.1
13121,"Fulton, GA",2012,0.04,0.02,0.01,0.23,0.01,-0.35,0.04,0.84,-0.35,0.14,-0.5900000000000001,0.0,-0.27,0.01,1.62,0.94,0.59,0.11,0.03,-0.02,0.21,973464,473742.0,499722.0,8.9,64627,129092210,1.3,48.4
13121,"Fulton, GA",2013,0.07,-0.03,-0.02,0.4,0.0,0.02,-0.05,0.1,-0.02,0.29,0.67,0.0,-0.06,0.03,3.31,0.57,0.81,0.15,0.44,-0.04,0.17,981844,476967.0,504877.0,8.0,63356,133336600,3.3,48.2
13121,"Fulton, GA",2014,0.18,0.08,-0.02,0.2,0.0,0.48,-0.13,0.81,0.15,0.04,0.67,-0.01,0.08,0.02,4.68,1.29,-0.07,0.18,0.15,-0.04,0.38,992321,481525.0,510796.0,7.1,70293,139771930,4.8,48.6
13121,"Fulton, GA",2015,-0.26,-0.04,-0.05,0.15,0.02,0.57,0.0,0.29,0.07,0.33,0.67,0.05,-0.03,0.06,5.65,1.41,-0.3,0.33,-0.07,0.05,0.48,1005752,486746.0,519006.0,6.1,74011,147770951,5.7,49.3
13121,"Fulton, GA",2016,-0.12,0.05,0.03,0.26,0.0,0.29,0.16,-0.38,0.12,0.29,0.67,0.0,0.2,0.02,6.36,0.74,0.39,0.24,0.19,0.07,0.19,1023816,496134.0,527682.0,5.3,77381,157352000,6.5,49.8
13121,"Fulton, GA",2017,0.02,0.09,-0.01,0.2,-0.02,0.39,-0.01,-0.17,0.23,0.2,0.67,0.0,0.33,0.09,6.68,0.79,2.56,0.08,0.18,-0.07,-0.19,1039996,503642.0,536354.0,4.7,83409,168220054,6.9,50.2
13121,"Fulton, GA",2018,0.17,0.0,0.03,0.18,0.0,0.07,0.15,-0.36,0.06,0.25,-0.1,0.0,-0.05,0.06,4.73,1.86,3.16,0.15,-0.17,-0.01,-0.48,1051516,509273.0,542243.0,3.9,87640,176279279,4.8,51.4
13121,"Fulton, GA",2019,0.12,0.05,0.08,0.2,0.0,0.02,0.08,0.54,0.04,0.33,0.67,-0.01,-0.02,0.01,6.23,1.93,1.47,-0.08,-0.95,0.02,-0.04,1065019,515023.0,549996.0,3.5,93334,187330657,6.3,52.9
13121,"Fulton, GA",2020,-0.7,-0.17,-0.09999999999999999,-0.25,0.0,-0.03,0.02,-0.16,0.1,-0.19,-0.5900000000000001,0.0,-0.12,-0.16,-3.94,-0.19,-0.75,-0.12,0.1,0.04,-0.1,1069333,521107.0,548226.0,7.8,93399,180141284,-3.8,54.5
13121,"Fulton, GA",2021,0.63,0.09,0.06,0.65,-0.01,-0.02,0.09,1.01,0.16,0.35,0.67,0.03,0.01,-0.08,6.32,1.98,-0.34,0.14,0.09,-0.04,-0.19,1062576,516452.0,546124.0,4.5,100995,191816116,6.5,55.9
13121,"Fulton, GA",2022,0.33,0.17,0.06,0.5,-0.01,0.13,0.09,-0.93,0.02,0.29,-0.5900000000000001,-0.02,-0.07,0.19,2.87,1.98,1.04,-0.14,0.23,-0.02,-0.09,1076569,523052.0,553517.0,3.2,100577,197350374,2.9,57.1
13121,"Fulton, GA",2023,0.08,0.08,-0.01,-0.37,0.01,-0.08,-0.01,-0.52,-0.01,0.36,0.48,0.01,0.05,-0.03,0.58,0.34,-0.27,0.36,-0.15,0.0,-0.09,1083971,526422.0,557549.0,3.4,106131,198475810,0.6,58.0
13123,"Gilmer, GA",2002,0.36,0.02,0.0,-0.02,-2.69,1.27,0.21,0.3,1.29,0.1,-0.34,-2.65,-2.43,0.13,-1.07,0.23,0.94,0.85,0.06,0.08,0.21,24920,,,4.3,21514,725917,0.2,
13123,"Gilmer, GA",2003,0.06,0.05,0.04,0.11,-0.44,-0.04,0.37,-0.07,0.24,0.47,0.33,-0.4,-2.43,-0.06,-0.65,0.12,0.65,1.09,0.09,0.03,-0.26,25575,,,4.3,21749,722984,-0.4,
13123,"Gilmer, GA",2004,-0.03,0.01,0.07,-0.06,2.7,0.4,0.11,0.03,-0.01,0.28,0.67,2.57,2.25,0.31,10.6,0.09,1.76,0.89,0.39,0.02,0.44,26175,,,4.1,23183,799538,10.6,
13123,"Gilmer, GA",2005,0.45,-0.02,0.05,,,-0.49,0.49,1.64,0.4,0.22,0.67,,1.46,0.06,7.61,,1.24,1.02,-0.1,-0.05,0.35,26808,,,4.7,24190,863593,8.0,
13123,"Gilmer, GA",2006,0.41,0.04,-0.02,0.14,-3.11,1.62,0.4,2.03,0.16,0.06,0.67,-3.26,-1.65,0.33,1.65,0.25,-0.18,0.44,-0.04,-0.01,0.31,27665,,,3.6,24181,879237,1.8,
13123,"Gilmer, GA",2007,-0.14,0.07,-0.04,0.21,2.36,-0.61,0.26,2.02,0.32,-0.01,0.5,2.16,-1.54,-0.11,3.9,0.26,1.71,-0.46,0.06,-0.02,-0.21,27996,,,3.6,25669,916320,4.2,
13123,"Gilmer, GA",2008,-0.09,-0.06,0.0,,,-1.59,-0.25,0.6,0.21,0.0,,,-2.43,-0.18,-4.18,0.03,-1.32,-0.58,-0.29,-0.01,-0.15,28211,,,6.0,26764,879945,-4.0,
13123,"Gilmer, GA",2009,0.03,-0.01,-0.01,-0.03,0.31,-2.71,-0.15,0.97,0.17,-0.02,-0.5900000000000001,0.67,-0.49,-0.36,-3.31,-0.33,0.71,-0.78,-0.07,0.24,-0.19,28174,,,10.4,25989,852271,-3.1,
13123,"Gilmer, GA",2010,0.35,-0.03,-0.01,0.03,-2.85,-0.53,,-2.22,-0.24,-0.15,-0.5900000000000001,-2.9,,-0.03,-4.45,-0.02,3.43,-0.18,0.12,0.02,0.06,28343,14146.0,14197.0,11.1,25997,812329,-4.7,13.4
13123,"Gilmer, GA",2011,,,0.03,,-3.88,0.09,,-2.22,-1.19,0.1,-0.48,-4.53,,-0.03,-11.52,0.15,-1.64,-0.22,-0.4,0.02,0.36,28329,14096.0,14233.0,11.5,26158,709125,-12.7,14.3
13123,"Gilmer, GA",2012,,,0.0,0.1,4.29,2.18,,-0.25,-0.75,0.24,0.67,4.79,,0.13,8.59,0.13,0.22,-0.17,-0.03,-0.01,0.62,28291,14096.0,14195.0,10.4,28810,764698,7.8,14.5
13123,"Gilmer, GA",2013,0.24,-0.02,0.01,0.15,1.15,-0.27,,-0.22,-0.15,0.3,0.67,1.57,,0.11,5.65,0.28,0.06,0.28,0.11,0.06,0.07,28721,14468.0,14253.0,8.9,29636,806731,5.5,16.4
13123,"Gilmer, GA",2014,,,0.03,0.23,4.26,0.3,0.54,0.11,0.11,-0.01,0.67,4.34,-0.8,0.18,6.35,0.23,-0.18,0.04,0.53,-0.02,-0.18,28999,14558.0,14441.0,7.3,31610,858863,6.5,16.9
13123,"Gilmer, GA",2015,0.15,0.0,0.03,-0.03,1.13,0.77,-0.31,-0.29,0.09,0.19,-0.51,1.11,0.29,0.02,1.79,0.23,-0.18,0.54,0.02,0.02,-0.3,29512,14811.0,14701.0,6.1,33166,875047,1.9,16.7
13123,"Gilmer, GA",2016,0.0,0.0,0.03,-0.01,-1.1,0.17,-0.43,-0.89,-0.44,-0.83,-0.5900000000000001,0.07,0.31,0.04,-3.99,-0.06,0.28,0.14,-0.08,0.08,-0.23,29897,14959.0,14938.0,5.1,33017,836271,-4.4,17.8
13123,"Gilmer, GA",2017,0.01,-0.03,0.03,0.01,1.08,0.38,0.25,-0.39,0.25,-0.66,0.42,1.35,0.87,0.1,3.57,-0.35,1.28,0.22,0.04,-0.02,0.07,30470,15301.0,15169.0,4.6,34563,868198,3.8,18.6
13123,"Gilmer, GA",2018,,,0.02,0.11,1.73,1.1,0.29,-0.3,0.22,-0.07,0.14,1.58,-0.65,0.11,2.84,0.19,-0.02,0.38,0.2,-0.02,0.14,31011,15521.0,15490.0,3.8,35713,894753,3.1,20.0
13123,"Gilmer, GA",2019,0.07,0.0,0.01,0.09,-4.32,0.17,-0.15,0.21,0.13,0.13,0.31,-4.47,-0.36,-0.09,-3.7,0.19,0.05,0.35,-0.11,0.0,-0.01,31575,15793.0,15782.0,3.3,36881,862792,-3.6,20.4
13123,"Gilmer, GA",2020,-0.27,0.01,0.0,-0.02,,0.81,-0.05,0.24,-0.37,0.03,,,0.17,-0.27,-7.64,-0.09,-1.78,0.04,-0.21,0.02,0.18,31422,15862.0,15560.0,4.2,38413,793667,-8.0,21.4
13123,"Gilmer, GA",2021,0.47,0.16,0.04,,,0.95,0.42,0.57,0.26,0.4,-0.07,,0.34,-0.13,14.67,,4.72,-0.07,0.12,-0.11,0.08,32102,16223.0,15879.0,2.8,42781,912178,14.9,22.0
13123,"Gilmer, GA",2022,0.66,0.0,0.0,0.09,4.29,-0.05,-0.11,-0.47,0.38,0.44,-0.06,4.79,0.67,0.2,10.97,,,-0.39,,0.01,0.13,32413,16380.0,16033.0,2.9,45922,1015702,11.3,23.4
13123,"Gilmer, GA",2023,0.27,0.03,0.01,0.13,-2.59,0.27,0.03,-0.33,0.13,0.19,0.09,-2.71,0.02,-0.13,0.24,0.29,1.25,0.83,0.04,0.04,0.05,32868,16650.0,16218.0,2.9,47155,1019444,0.4,22.7
13125,"Glascock, GA",2002,0.03,0.12,0.0,0.01,-1.8,0.4,0.01,1.77,1.26,0.66,0.02,2.43,0.05,0.28,5.83,0.02,0.51,,,0.01,0.03,2618,,,5.4,21045,70613,7.1,
13125,"Glascock, GA",2003,0.12,-0.17,0.03,0.06,,,0.02,2.19,0.51,-0.15,0.08,,0.12,-0.22,3.08,0.1,-0.16,,,0.0,0.07,2644,,,4.9,22208,73152,3.6,
13125,"Glascock, GA",2004,-0.06,0.15,0.01,0.02,0.28,0.59,0.05,0.55,-1.48,-1.2700000000000002,0.03,-4.869999999999999,0.13,0.12,-20.01,0.04,-0.63,-0.28,0.51,-0.01,-0.03,2720,,,4.8,22978,48750,-33.4,
13125,"Glascock, GA",2005,0.18,-0.09,-0.01,0.02,-0.13,-1.3,0.07,-0.98,-0.35,-1.2700000000000002,-0.09,-4.869999999999999,0.49,0.15,-20.01,,0.52,,,-0.01,0.23,2763,,,6.5,22336,35418,-27.3,
13125,"Glascock, GA",2006,-0.16,-0.17,-0.02,-0.09,1.68,-0.89,-0.12,-2.22,0.15,,-0.04,1.68,-0.43,0.21,-6.67,,0.9,-0.51,-0.38,0.0,0.33,2893,,,5.1,22186,33110,-6.5,
13125,"Glascock, GA",2007,-0.44,0.05,0.0,-0.11,,,-0.11,-0.48,-0.06,,-0.16,,-0.53,,1.36,0.0,1.06,,1.23,0.0,,2988,,,5.1,22755,33538,1.3,
13125,"Glascock, GA",2008,-0.13,0.18000000000000002,-0.04,0.02,4.29,-0.22,-0.08,0.89,-1.04,-0.97,0.01,4.79,-0.18,-0.32,5.32,0.2,3.14,-0.23,-1.2399999999999998,0.0,-1.5500000000000005,3010,,,7.0,24518,34975,4.3,
13125,"Glascock, GA",2009,0.05,0.18000000000000002,-0.02,0.01,,,-0.05,-2.22,1.6,0.42,0.0,,0.03,-0.01,-8.74,0.07,-0.55,,-1.2399999999999998,0.0,,3066,,,11.4,24045,32477,-7.1,
13125,"Glascock, GA",2010,-0.05,0.18000000000000002,0.03,0.02,-2.91,2.31,0.03,0.02,0.91,0.38,0.03,-3.32,0.03,0.44,1.22,,0.38,0.42,-0.51,0.0,,3079,1488.0,1591.0,10.9,25121,33169,2.1,10.5
13125,"Glascock, GA",2011,0.22,,-0.02,0.03,-0.33,-0.15,0.0,2.19,-0.33,0.38,0.0,-0.33,-0.05,-0.35,8.73,-0.06,4.31,,-0.47,0.0,-0.37,3103,1489.0,1614.0,10.5,26668,35953,8.4,9.9
13125,"Glascock, GA",2012,-0.05,0.18000000000000002,-0.03,-0.08,-3.06,-0.86,-0.01,0.56,-0.58,0.47,-0.06,-3.06,-0.1,-0.25,-0.68,-0.38,2.05,,1.35,0.0,,3107,1495.0,1612.0,9.6,27025,35499,-1.3,9.3
13125,"Glascock, GA",2013,-0.13,-0.17,-0.05,-0.07,,,0.0,-0.01,-0.74,-0.27,0.06,,-0.09,,6.48,,3.62,0.14,1.35,0.0,0.08,3060,1481.0,1579.0,9.4,28409,37537,5.7,9.6
13125,"Glascock, GA",2014,0.05,-0.17,0.0,0.14,-3.16,0.67,0.04,0.39,-1.68,0.02,-0.03,-3.16,0.12,-0.57,-5.87,0.22,-3.5,-0.21,1.31,0.0,0.11,3008,1468.0,1540.0,8.1,29704,34702,-7.6,11.4
13125,"Glascock, GA",2015,0.6,-0.17,0.11,0.37,1.36,0.43,0.21,-0.61,-0.86,1.18,0.03,1.36,0.75,-0.42,9.9,0.42,2.62,0.88,1.35,0.0,0.53,3020,1483.0,1537.0,6.7,31144,37840,9.0,8.1
13125,"Glascock, GA",2016,0.31,-0.17,0.02,0.27,1.39,-0.18,0.17,-0.66,-0.47,-0.71,0.01,1.39,-0.31,0.14,0.77,0.24,1.04,,-1.18,0.0,,2976,1458.0,1518.0,5.4,32793,37955,0.3,8.2
13125,"Glascock, GA",2017,0.35,-0.16,0.04,0.04,,-0.71,,-0.73,-0.13,-0.43,0.06,,-0.25,0.35,-7.21,-0.07,-1.01,0.42,-1.2399999999999998,0.0,-0.16,3031,1492.0,1539.0,4.4,33029,35171,-7.3,9.4
13125,"Glascock, GA",2018,-0.09,-0.04,-0.09999999999999999,0.31,0.51,-0.11,-0.49,,0.15,0.2,-0.08,0.51,-0.29,,-6.39,0.28,-4.765000000000001,-0.12,0.12,0.0,-0.22,2968,1467.0,1501.0,3.7,33889,32978,-6.2,9.0
13125,"Glascock, GA",2019,-0.03,-0.17,0.01,0.21,,-0.27,,,0.06,-0.15,0.03,,0.16,0.17,1.28,0.28,,0.15,-1.2399999999999998,0.0,-0.13,2959,1459.0,1500.0,3.4,35356,33421,1.3,11.6
13125,"Glascock, GA",2020,-0.09,0.0,0.0,0.01,,,0.11,-0.44,-1.38,-0.96,0.02,,0.28,,8.01,,5.42,0.24,0.84,0.0,0.2,2893,1434.0,1459.0,3.6,38916,35634,6.6,10.3
13125,"Glascock, GA",2021,0.26,0.14,0.02,-0.27,,1.88,0.08,-0.47,1.75,-1.2700000000000002,0.07,-0.13,-0.15,,-7.45,,-4.765000000000001,-0.06,-0.8,0.0,-0.24,2897,1439.0,1458.0,2.4,41115,33605,-5.7,11.6
13125,"Glascock, GA",2022,0.7700000000000001,-0.04,0.04,,-4.32,,0.05,-0.07,-0.09,0.63,0.24,,0.22,,-6.24,,-4.765000000000001,-0.73,0.42,0.0,1.7400000000000002,2919,1446.0,1473.0,2.8,39759,31477,-6.3,12.9
13125,"Glascock, GA",2023,-0.7000000000000002,0.18000000000000002,0.0,-0.13,0.63,,0.03,0.94,-0.44,,0.14,,0.09,,0.26,0.16,-2.18,0.58,0.13,0.0,-0.46,2943,1471.0,1472.0,2.9,41959,31419,-0.2,14.9
13127,"Glynn, GA",2002,-0.16,0.18000000000000002,0.1,-0.23,,-0.82,-0.2,0.59,1.0,0.23,0.53,,0.12,0.0,0.9,-0.31,-0.15,0.27,0.43,,,69408,,,4.0,30787,3435733,1.9,
13127,"Glynn, GA",2003,0.7700000000000001,0.18,-0.01,-0.46,-0.03,1.27,,-0.04,1.53,0.8,0.06,-0.03,,-0.05,3.68,-1.66,0.61,0.65,0.21,-0.23,0.3,70391,,,4.0,32346,3614598,5.2,
13127,"Glynn, GA",2004,0.51,0.16,0.03,0.31,,2.41,,-0.1,0.9,0.19,0.5,,,0.07,6.88,0.11,1.11,0.03,0.37,,,71475,,,4.0,34970,3895840,7.8,
13127,"Glynn, GA",2005,0.28,0.0,-0.03,0.38,,-0.23,0.14,0.35,0.09,0.34,0.07,,-1.01,-0.03,1.96,0.6,0.52,0.64,0.1,,,72589,,,4.4,36620,3975487,2.0,
13127,"Glynn, GA",2006,0.68,-0.02,-0.05,0.22,0.03,1.17,-0.03,0.7,0.31,0.4,0.02,0.02,-0.56,0.03,4.44,0.38,0.94,0.51,0.13,-0.04,0.18,74870,,,3.9,38553,4164660,4.8,
13127,"Glynn, GA",2007,-0.7000000000000002,0.07,-0.02,0.0,,-0.55,0.09,-0.25,0.75,0.04,-0.03,,0.08,0.03,-1.13,-0.19,0.73,-0.27,-0.25,,,76513,,,3.6,38878,4149199,-0.4,
13127,"Glynn, GA",2008,-0.56,0.0,0.02,0.28,,-3.25,0.11,0.07,0.48,0.26,-0.12,,0.69,-0.06,-4.19,0.05,-0.84,-0.23,0.09,,,78013,,,5.2,37432,3995124,-3.7,
13127,"Glynn, GA",2009,-0.7000000000000002,0.18000000000000002,0.02,-0.37,,-0.92,-0.72,1.57,0.14,-0.13,-0.03,,0.85,-0.19,-2.08,-0.68,0.45,-0.53,-0.03,,-0.33,78946,,,8.4,34958,3917242,-1.9,
13127,"Glynn, GA",2010,0.08,-0.17,0.0,-0.13,,3.23,0.0,-0.74,0.31,-0.29,0.07,,-0.52,-0.13,1.54,-0.29,0.45,0.03,-0.1,,,79750,37890.0,41860.0,9.9,35966,3989668,1.8,26.4
13127,"Glynn, GA",2011,-0.24,0.18000000000000002,-0.02,0.04,0.01,-1.47,-0.23,0.09,0.17,-0.4,-0.04,0.02,-1.57,-0.03,-3.38,0.19,-0.73,0.15,0.25,0.1,0.05,80123,37985.0,42138.0,10.2,37487,3861569,-3.2,25.9
13127,"Glynn, GA",2012,-0.11,0.18000000000000002,0.0,0.15,,-1.95,-0.02,0.19,-0.38,-0.06,0.0,,-1.44,0.01,-2.09,0.02,0.33,-0.18,0.19,,,80889,38324.0,42565.0,9.3,37625,3766046,-2.5,25.8
13127,"Glynn, GA",2013,0.08,-0.17,0.0,0.58,,-0.32,0.09,-0.27,-0.36,0.06,0.23,,-2.09,0.04,0.69,0.56,1.3,0.11,0.39,,,81533,38506.0,43027.0,8.5,37928,3778368,0.3,26.1
13127,"Glynn, GA",2014,0.64,-0.17,0.01,0.23,,-0.89,-0.09,-0.3,0.1,-0.21,0.12,,-0.3,0.2,-0.21,0.39,0.29,0.21,-0.24,,,82212,38822.0,43390.0,7.5,39497,3774071,-0.1,26.4
13127,"Glynn, GA",2015,0.69,-0.17,-0.02,-0.09,0.02,0.31,-0.05,-0.41,0.8,0.24,0.39,0.02,0.81,0.04,4.52,0.19,0.35,0.38,0.36,-0.01,1.47,83368,39447.0,43921.0,6.2,41400,3975071,5.3,27.3
13127,"Glynn, GA",2016,-0.06,-0.02,0.11,0.01,-0.01,0.43,-0.03,-0.16,-2.3699999999999997,1.5300000000000002,-0.07,0.02,0.17,0.03,4.59,0.04,-0.65,0.34,0.06,0.13,-0.56,84211,39816.0,44395.0,5.4,41833,3931356,-1.1,28.2
13127,"Glynn, GA",2017,-0.01,-0.17,-0.02,0.17,,0.45,0.13,-0.34,0.6,0.44,-0.28,,-0.26,0.03,1.86,0.37,0.93,0.46,0.16,,,84836,39949.0,44887.0,4.7,44117,4028123,2.5,29.0
13127,"Glynn, GA",2018,0.55,-0.02,0.11,0.23,,0.91,0.06,0.01,0.77,0.42,-0.1,,-0.45,0.14,2.98,0.26,0.78,0.25,,,,85099,40079.0,45020.0,3.7,46798,4179287,3.8,29.6
13127,"Glynn, GA",2019,-0.03,0.06,0.02,-0.03,,-0.35,-0.24,0.26,0.12,-0.01,-0.06,,-0.64,0.13,-2.21,0.22,-1.12,-0.16,,0.1,0.05,85326,40079.0,45247.0,3.4,47897,4091966,-2.1,29.9
13127,"Glynn, GA",2020,-0.7000000000000002,-0.17,-0.06,-0.44,,-0.25,0.09,0.28,-0.32,0.19,-0.21,,-0.33,-0.28,-2.39,-0.67,0.6,-0.18,,,,84490,39620.0,44870.0,6.7,52623,3981317,-2.7,29.7
13127,"Glynn, GA",2021,0.7700000000000001,0.18000000000000002,0.0,0.65,,0.8,0.04,0.2,0.18,1.24,0.19,-0.03,0.97,-0.05,7.53,1.28,-0.03,0.33,0.34,-0.16,-0.24,84773,39733.0,45040.0,3.7,57800,4288202,7.7,30.4
13127,"Glynn, GA",2022,0.76,0.18000000000000002,0.02,0.44,0.01,-1.02,0.02,-0.19,0.36,0.82,0.04,,-0.15,0.47,3.83,0.98,1.58,-0.29,0.18,,0.18,85202,39982.0,45220.0,2.9,59663,4467922,4.2,30.6
13127,"Glynn, GA",2023,0.33,0.03,-0.09999999999999999,-0.03,0.05,0.1,-0.02,-0.27,0.08,0.95,0.14,,-0.42,-0.2,1.3,-0.08,0.1,0.8,-0.01,,0.01,86229,40554.0,45675.0,2.8,62751,4529947,1.4,30.4
13129,"Gordon, GA",2002,0.03,-0.09,0.0,0.05,-1.2,0.24,,-0.07,0.53,0.37,-0.04,-1.15,,0.15,2.38,0.16,-0.9,0.44,0.33,0.02,-0.07,46939,,,5.1,23147,1684322,2.9,
13129,"Gordon, GA",2003,0.21,0.01,0.0,0.73,-0.26,1.77,,-0.27,0.13,0.19,0.02,-0.26,,-0.02,3.93,0.71,0.26,0.49,0.57,0.0,0.74,48145,,,4.7,23797,1752682,4.1,
13129,"Gordon, GA",2004,-0.2,0.0,,-0.47,1.22,0.35,3.29,-0.42,2.16,,0.12,1.16,2.365,0.14,18.64,-0.39,0.09,0.23,1.35,0.01,-1.5500000000000005,49426,,,4.5,25472,2117265,20.8,
13129,"Gordon, GA",2005,0.05,0.01,0.01,0.55,-0.21,-0.78,3.29,0.55,0.25,0.12,0.25,-0.21,2.365,-0.01,9.58,0.48,0.05,0.62,-0.56,-0.01,-1.35,50602,,,4.8,27215,2325279,9.8,
13129,"Gordon, GA",2006,0.0,0.0,0.01,0.12,-1.46,-1.01,-0.11,0.09,0.15,0.23,0.15,-1.46,1.76,-0.06,0.16,0.13,-0.07,0.06,0.18,0.01,0.26,52161,,,4.3,27941,2332486,0.3,
13129,"Gordon, GA",2007,-0.17,0.0,,-0.07,1.02,0.19,-2.15,0.21,-0.43,,0.2,1.02,0.93,-0.18,-1.51,0.0,-0.15,-0.24,-1.2399999999999998,-0.01,0.12,53409,,,4.7,27953,2287104,-1.9,
13129,"Gordon, GA",2008,-0.13,-0.01,,-0.5,0.9,-0.82,-2.35,0.57,-0.95,,-0.1,0.9,-2.43,-0.1,-6.3,-0.44,0.8,-0.5,0.49,0.01,-0.1,54567,,,7.6,27257,2121250,-7.3,
13129,"Gordon, GA",2009,-0.12,0.0,0.03,0.48,,-0.54,-2.54,0.33,0.07,0.11,0.06,,-2.43,-0.17,-12.36,,-0.51,-0.53,-0.19,-0.01,-0.3,54945,,,13.0,26260,1860627,-12.3,
13129,"Gordon, GA",2010,0.09,0.03,0.0,0.4,-1.37,0.59,-0.16,-0.39,-0.29,-0.13,-0.02,-1.37,-0.77,-0.2,0.53,0.63,1.45,0.05,-0.19,0.0,0.92,55256,27288.0,27968.0,12.6,26458,1864962,0.2,12.7
13129,"Gordon, GA",2011,0.09,-0.01,0.0,-0.29,,0.56,0.32,0.26,-0.38,0.16,-0.03,,1.16,-0.06,1.03,,0.1,-0.05,-0.2,0.01,0.23,55522,27499.0,28023.0,11.5,27387,1877046,0.6,13.6
13129,"Gordon, GA",2012,0.13,-0.02,-0.01,1.08,,0.29,0.0,0.19,0.0,0.25,-0.21,,-1.2,0.04,4.04,,0.55,-0.04,-0.11,-0.02,0.16,55691,27589.0,28102.0,9.6,28247,1952910,4.0,13.9
13129,"Gordon, GA",2013,-0.01,0.01,0.01,-0.86,2.29,-0.6,0.52,-0.18,0.02,0.23,0.03,2.29,-0.86,0.07,1.11,-0.82,-0.09,0.14,0.16,-0.01,0.23,55767,27614.0,28153.0,8.8,29785,1974864,1.1,14.2
13129,"Gordon, GA",2014,0.0,0.0,0.0,0.65,2.33,0.66,-0.15,0.09,-0.13,-0.01,-0.06,2.33,-1.93,0.13,1.66,0.7,0.2,-0.15,-0.15,0.0,0.02,55848,27646.0,28202.0,7.3,31176,2005037,1.5,13.9
13129,"Gordon, GA",2015,0.1,0.01,-0.01,-0.21,0.99,0.33,-0.28,-0.33,0.01,0.31,-0.07,0.99,-0.2,0.1,1.71,-0.22,0.15,0.19,0.2,0.0,0.44,56330,27901.0,28429.0,6.0,32612,2039443,1.7,13.7
13129,"Gordon, GA",2016,-0.08,0.0,0.01,0.29,-1.24,-0.2,-0.7,-0.27,-0.36,0.33,-0.07,-1.24,0.66,-0.01,-0.03,0.31,0.4,0.38,-0.02,0.01,0.45,57015,28247.0,28768.0,5.7,32801,2031631,-0.4,12.9
13129,"Gordon, GA",2017,0.19,0.0,0.01,0.09,0.53,0.04,-0.2,-0.02,0.16,0.46,-0.12,0.53,2.365,-0.01,9.84,0.21,0.2,0.19,0.09,0.0,-0.21,57204,28294.0,28910.0,4.6,36082,2234795,10.0,13.7
13129,"Gordon, GA",2018,0.11,0.02,0.0,0.35,0.5,0.26,-0.06,-0.03,0.05,0.75,0.0,0.5,-1.22,0.01,0.21,0.29,-0.13,0.1,0.13,0.01,-0.54,57737,28490.0,29247.0,3.9,35246,2240516,0.3,14.4
13129,"Gordon, GA",2019,0.18,0.0,0.0,-0.1,,-0.06,0.02,0.3,-0.11,0.28,-0.06,,2.365,-0.04,2.09,,0.19,-0.08,0.21,-0.01,0.31,58046,28612.0,29434.0,3.5,36443,2285052,2.0,14.7
13129,"Gordon, GA",2020,-0.28,-0.01,-0.02,-0.28,-2.59,-0.23,-0.04,-0.32,-0.36,-0.24,-0.01,-2.59,-0.98,-0.17,-5.38,-0.24,-1.06,-0.01,-0.02,-0.01,0.85,57729,28584.0,29145.0,5.5,38180,2153848,-5.7,15.9
13129,"Gordon, GA",2021,0.39,0.02,,0.47,2.24,1.8,0.09,-0.33,0.34,,0.09,2.24,1.28,0.01,10.53,0.76,1.99,0.25,0.34,-0.01,0.88,58252,28798.0,29454.0,3.2,43088,2387966,10.9,16.1
13129,"Gordon, GA",2022,0.23,0.01,,-0.03,3.47,0.18,0.09,0.24,0.5,,-0.02,3.47,-0.89,0.11,5.3,0.38,,-0.04,,0.02,-0.36,58909,29119.0,29790.0,2.9,45387,2526496,5.8,16.7
13129,"Gordon, GA",2023,0.03,-0.01,0.01,-0.75,-2.45,-0.56,-0.05,-0.23,-0.2,1.35,0.01,-2.45,-1.81,-0.17,-2.28,,0.59,0.66,,0.0,-0.02,59844,29617.0,30227.0,3.0,45960,2463741,-2.5,17.7
13131,"Grady, GA",2002,0.05,0.1,,0.13,-0.9,1.51,1.66,-0.57,0.31,0.2,,-0.9,-0.15,0.21,3.26,-0.17,0.64,0.52,,0.08,-0.05,23635,,,4.3,21390,572122,3.6,
13131,"Grady, GA",2003,0.21,-0.11,0.0,0.34,3.6,-1.16,,-0.5,0.25,0.04,-0.24,3.6,,0.05,-0.67,-1.66,-0.23,-0.42,-0.07,0.02,-0.57,23716,,,4.5,20609,569688,-0.4,
13131,"Grady, GA",2004,0.02,-0.11,0.07,0.3,-1.3,1.73,0.35,-0.35,-0.56,0.21,0.47,-1.3,-0.33,0.15,0.46,0.34,-0.41,-0.92,0.24,0.03,0.28,23840,,,4.5,22431,569114,-0.1,
13131,"Grady, GA",2005,0.7700000000000001,,-0.07,0.46,2.79,0.32,1.28,0.73,0.98,-0.45,-0.06,2.79,-0.19,,7.91,0.24,0.92,0.99,0.02,-0.03,0.7,24031,,,4.6,24214,619668,8.9,
13131,"Grady, GA",2006,-0.7000000000000002,,,1.0,0.98,-1.48,1.24,0.06,-0.59,,,1.14,-0.06,,1.74,,0.16,-0.67,0.32,0.05,-0.04,24384,,,4.0,24382,626779,1.1,
13131,"Grady, GA",2007,-0.18,0.02,,0.22,-4.32,-0.53,1.09,-0.45,-0.5,,-0.15,-4.869999999999999,-0.24,-0.17,-7.87,,-0.3,-0.24,0.18,0.04,0.01,24624,,,4.0,24769,574289,-8.4,
13131,"Grady, GA",2008,0.7700000000000001,-0.01,,-0.03,,-0.83,-2.87,0.26,-0.84,,-0.1,,0.26,-0.33,4.67,0.3,2.28,-0.01,-0.07,0.11,0.78,24728,,,6.1,26200,596263,3.8,
13131,"Grady, GA",2009,0.7700000000000001,0.04,-0.09999999999999999,-0.29,4.29,-0.27,-2.87,1.17,0.15,-0.08,-0.09,4.64,1.08,-0.16,4.99,-0.09,1.42,-0.44,-0.23,-0.05,-0.3,24893,,,9.7,27167,626937,5.1,
13131,"Grady, GA",2010,-0.02,0.1,-0.03,0.15,-3.53,0.82,1.34,-0.36,0.04,-0.07,-0.09,-3.51,0.32,0.28,0.29,-0.11,1.32,0.14,0.01,0.05,0.12,25027,12116.0,12911.0,10.4,27155,629026,0.3,10.1
13131,"Grady, GA",2011,0.7700000000000001,-0.07,-0.02,0.29,-3.0,-0.28,-0.12,,0.11,-0.06,0.01,-2.98,-0.45,-0.26,1.6,0.38,,0.46,-0.09,0.06,-0.08,25103,12162.0,12941.0,9.4,28785,639765,1.7,10.5
13131,"Grady, GA",2012,-0.7000000000000002,-0.07,0.06,0.14,1.89,1.16,-1.32,0.23,-0.03,-0.21,0.19,1.9,-1.21,0.07,-4.79,0.15,1.13,-0.39,-0.16,0.02,-1.09,25283,12250.0,13033.0,8.5,28175,608922,-4.8,10.7
13131,"Grady, GA",2013,0.7700000000000001,-0.02,,0.1,,-1.09,0.79,-0.1,-0.16,,0.57,,0.48,-0.08,0.68,0.0,-2.9,0.62,0.06,0.06,0.73,25120,12136.0,12984.0,7.7,28167,612137,0.5,11.3
13131,"Grady, GA",2014,-0.7000000000000002,0.01,0.02,0.07,-4.29,0.35,0.07,0.36,-0.19,-0.04,0.37,-4.29,-0.02,0.2,-5.6,0.24,-2.17,0.1,0.08,-0.06,0.81,25236,12168.0,13068.0,7.4,27685,576710,-5.8,12.7
13131,"Grady, GA",2015,0.68,-0.03,,-0.98,3.06,-0.15,0.81,-0.88,0.0,,0.01,3.06,1.28,0.1,6.33,-1.66,-0.66,0.12,,,,25106,12121.0,12985.0,6.1,29304,613176,6.3,13.3
13131,"Grady, GA",2016,-0.7000000000000002,-0.02,0.11,-0.2,-0.11,-0.16,3.29,,-0.09,0.18,,-0.11,0.49,-0.04,-5.79,-0.2,,0.13,0.27,,1.13,24895,12017.0,12878.0,5.3,29506,577128,-5.9,12.8
13131,"Grady, GA",2017,0.7700000000000001,0.0,-0.04,-0.08,2.23,-0.59,2.06,-0.69,-0.15,-0.31,0.14,2.23,0.04,-0.1,6.66,-0.05,1.03,0.54,0.29,-0.05,0.93,24762,11960.0,12802.0,4.7,30560,614644,6.5,13.7
13131,"Grady, GA",2018,-0.7000000000000002,0.02,,0.0,0.49,0.27,-0.86,-0.38,0.34,,-0.07,0.49,0.31,0.01,-1.12,-0.13,0.18,0.22,0.02,0.11,-0.53,24730,11926.0,12804.0,3.8,30928,609844,-0.8,14.1
13131,"Grady, GA",2019,-0.06,0.0,-0.02,-0.02,1.24,0.37,-0.82,0.61,-0.01,0.47,-0.02,1.24,0.38,-0.04,0.58,0.2,-1.38,-0.04,-0.05,-0.2,-0.05,24588,11863.0,12725.0,3.4,31870,613310,0.6,13.9
13131,"Grady, GA",2020,-0.03,-0.01,-0.01,-0.01,0.77,0.4,1.5,-0.31,-0.69,0.04,0.02,0.77,0.09,-0.27,4.99,-0.1,2.79,-0.01,0.43,0.03,-0.32,26227,12790.0,13437.0,4.2,35389,639688,4.3,15.3
13131,"Grady, GA",2021,0.03,0.08,0.05,0.27,-0.9,0.3,1.42,0.22,0.11,0.09,0.17,-0.9,1.57,-0.06,1.34,0.37,-2.34,0.69,-0.02,-0.21,-0.1,25858,12592.0,13266.0,3.1,39414,648951,1.4,15.3
13131,"Grady, GA",2022,0.16,0.06,-0.06,,-1.26,-0.96,0.81,-0.6,0.15,0.52,0.03,-1.26,0.85,-0.01,-0.22,0.25,1.06,-0.33,-0.51,-0.06,-0.16,26056,12716.0,13340.0,3.0,38461,648502,-0.1,15.8
13131,"Grady, GA",2023,0.21,-0.07,0.01,,-0.1,-0.14,-1.52,-0.07,0.22,0.21,0.05,-0.1,-2.43,-0.19,-4.72,0.42,1.48,0.81,,0.06,,26130,12791.0,13339.0,3.1,39758,619298,-4.5,15.3
13133,"Greene, GA",2002,,,0.06,-0.08,-0.65,1.41,0.39,1.99,0.72,0.6,0.04,-0.56,-2.43,0.19,3.41,0.25,0.18,0.46,0.06,0.05,0.89,14984,,,9.1,25935,458967,4.1,
13133,"Greene, GA",2003,0.7700000000000001,0.18000000000000002,0.01,0.19,1.0,0.96,1.08,-2.22,0.59,-1.14,-0.03,0.94,-0.62,0.22,3.53,-0.12,1.74,0.86,-0.06,0.02,-1.53,15110,,,6.4,27286,477853,4.1,
13133,"Greene, GA",2004,0.46,0.15,-0.01,,3.01,-0.28,-0.58,-0.21,-0.47,0.37,,3.3,0.23,0.05,0.38,,0.48,-0.46,-0.08,0.04,-1.5500000000000005,15330,,,6.1,27971,477411,-0.1,
13133,"Greene, GA",2005,0.7700000000000001,-0.17,-0.01,,1.64,-0.32,-2.69,0.47,-0.3,0.61,-0.03,1.12,-0.09,0.27,1.24,0.21,-0.44,0.2,0.18,-0.03,0.31,15499,,,7.2,29770,481907,0.9,
13133,"Greene, GA",2006,-0.7000000000000002,-0.17,,,0.18,1.45,0.87,0.74,-1.83,1.5300000000000002,0.02,0.2,-0.18,-0.05,0.05,,-0.05,0.34,,-0.01,-1.28,15587,,,5.7,31002,473322,-1.8,
13133,"Greene, GA",2007,-0.03,-0.05,0.0,0.07,1.34,-0.24,3.29,0.5,-0.44,-0.29,0.06,1.78,0.67,-0.25,11.53,0.2,4.54,0.76,-0.11,0.06,-1.1,15823,,,5.4,32074,525790,11.1,
13133,"Greene, GA",2008,0.7700000000000001,-0.08,0.08,0.03,0.39,0.31,1.61,1.09,-0.44,0.74,-0.04,0.34,-0.35,-0.22,2.27,0.25,-3.41,0.06,0.09,0.03,0.33,15869,,,6.9,34935,535442,1.8,
13133,"Greene, GA",2009,-0.68,0.13,0.04,0.1,0.57,-1.27,-2.74,2.19,0.32,0.45,0.53,0.33,-0.48,-0.04,1.33,0.1,1.21,-0.3,0.05,-0.06,0.57,15934,,,11.3,36779,544286,1.7,
13133,"Greene, GA",2010,-0.21,0.18000000000000002,-0.06,-0.13,-1.54,-0.49,-0.2,-1.31,0.11,0.19,-0.06,-1.61,-0.3,0.02,-1.37,0.11,0.97,0.25,0.39,-0.01,0.17,15977,7800.0,8177.0,13.0,38531,537422,-1.3,18.9
13133,"Greene, GA",2011,-0.01,-0.17,,0.32,-2.68,-2.27,0.36,0.66,-0.09,0.45,,-2.82,-0.43,-0.07,-1.96,0.58,1.64,-0.07,,0.04,0.46,16049,7831.0,8218.0,12.1,40317,526384,-2.1,18.7
13133,"Greene, GA",2012,-0.42,-0.17,,-0.07,,1.92,0.21,0.34,-0.23,,,,-0.53,-0.06,7.07,-0.34,4.54,0.16,0.05,-0.02,0.7,16116,7793.0,8323.0,10.9,42351,562393,6.8,19.4
13133,"Greene, GA",2013,0.09,-0.17,-0.06,0.21,0.41,0.74,-0.22,-0.29,0.05,0.21,0.0,0.43,-0.09,0.01,1.54,0.16,0.92,0.18,-0.07,0.03,-0.07,16241,7865.0,8376.0,9.9,41847,571339,1.6,21.4
13133,"Greene, GA",2014,0.6,0.18000000000000002,-0.01,0.3,2.56,0.41,-0.46,0.57,0.15,0.99,-0.06,2.48,0.21,0.25,7.37,0.46,1.13,0.4,0.15,-0.01,-0.12,16418,7988.0,8430.0,8.2,44674,614295,7.5,24.4
13133,"Greene, GA",2015,0.55,-0.04,-0.02,0.42,0.69,0.25,0.27,-0.14,0.01,0.46,0.05,0.66,0.39,0.02,6.98,0.72,2.4,0.68,0.17,0.01,0.56,16620,8097.0,8523.0,6.7,48128,657222,7.0,24.7
13133,"Greene, GA",2016,-0.7000000000000002,-0.08,0.0,0.61,-0.91,2.25,1.15,0.2,0.02,-0.17,0.38,-0.99,0.31,-0.15,2.16,0.62,-0.66,0.04,,,,16892,8245.0,8647.0,6.1,50387,671525,2.2,24.7
13133,"Greene, GA",2017,-0.64,0.02,0.02,0.68,0.62,1.64,0.34,-0.51,0.25,0.21,0.53,0.69,0.01,-0.08,3.63,0.87,0.4,0.33,0.48,-0.05,-0.63,17225,8419.0,8806.0,5.1,54393,697546,3.9,25.6
13133,"Greene, GA",2018,0.65,0.05,0.02,0.27,0.12,3.26,0.72,-0.28,0.22,0.4,-0.26,0.09,-0.58,0.16,9.45,0.96,1.4,0.11,-0.07,-0.05,1.7400000000000002,17730,8621.0,9109.0,4.3,58710,764953,9.7,25.8
13133,"Greene, GA",2019,0.37,0.0,0.02,0.45,-1.43,0.04,-0.19,0.73,0.19,0.01,-0.08,-1.39,0.2,0.13,-0.43,0.93,-0.77,0.4,-0.14,-0.02,-0.69,18356,8966.0,9390.0,4.0,60819,763132,-0.2,26.9
13133,"Greene, GA",2020,-0.7000000000000002,-0.07,0.0,-0.91,-1.87,0.88,2.55,0.84,-0.2,-0.16,-0.08,-1.76,-0.17,0.01,-0.77,-0.77,-0.29,0.57,-0.03,0.01,-0.23,19032,9338.0,9694.0,5.8,64277,755743,-1.0,30.5
13133,"Greene, GA",2021,0.7700000000000001,0.11,0.01,1.12,,3.26,-0.86,0.54,0.38,0.16,0.04,1.66,0.48,-0.19,14.56,1.98,1.03,0.12,0.25,0.0,-0.37,19553,9610.0,9943.0,3.7,73024,868663,14.9,31.9
13133,"Greene, GA",2022,0.7700000000000001,0.06,0.01,-0.01,2.78,-3.25,1.19,-1.03,0.44,0.33,0.11,,0.02,0.02,0.69,1.0,4.42,-0.29,-0.01,,,20136,9927.0,10209.0,3.3,79451,878458,1.1,33.4
13133,"Greene, GA",2023,0.17,0.12,,-0.47,-1.65,1.04,0.33,0.73,-0.15,,0.12,-1.7,0.55,0.05,3.45,0.17,0.95,0.77,-0.01,0.01,-0.1,20733,10200.0,10533.0,3.5,82896,907410,3.3,36.4
13135,"Gwinnett, GA",2002,-0.02,0.04,-0.01,0.19,0.01,-0.59,,0.67,0.4,0.24,0.56,0.01,,0.08,0.28,0.37,0.27,0.5,-0.03,0.01,-0.37,641986,,,4.6,32047,33234317,0.7,
13135,"Gwinnett, GA",2003,0.15,-0.17,0.03,0.9,0.01,0.29,,-0.79,0.11,0.52,0.08,0.0,,-0.06,5.65,1.71,2.22,0.37,0.03,0.01,1.29,663391,,,4.4,32494,35149300,5.8,
13135,"Gwinnett, GA",2004,0.19,-0.02,0.09,0.65,0.0,0.39,0.48,-0.15,0.47,0.16,0.22,0.0,0.22,0.16,5.54,0.73,2.14,0.18,0.09,0.02,0.65,687468,,,4.2,33300,37261072,6.0,
13135,"Gwinnett, GA",2005,0.09,-0.17,-0.02,-0.02,0.0,-0.14,,0.69,-0.02,0.37,0.67,-0.03,,0.05,4.32,0.52,0.63,0.77,0.15,0.0,0.47,710978,,,4.7,34059,38862561,4.3,
13135,"Gwinnett, GA",2006,0.08,-0.04,-0.01,-0.21,0.0,-0.38,,0.82,0.11,0.14,0.67,0.0,,0.04,2.68,0.23,-1.19,0.79,0.11,0.01,0.52,740267,,,4.2,34577,39946023,2.8,
13135,"Gwinnett, GA",2007,-0.15,0.0,-0.01,-0.09,-0.01,-0.72,0.89,-0.31,0.17,0.36,-0.01,-0.05,0.28,-0.06,1.75,0.53,0.72,-0.38,-0.06,0.01,0.72,764129,,,4.0,34266,40712287,1.9,
13135,"Gwinnett, GA",2008,-0.18,-0.03,0.0,-0.15,0.01,-1.65,-0.09,0.0,-0.11,-0.18,-0.33,0.0,-0.05,-0.17,-3.12,0.23,0.1,-0.56,0.05,0.0,-0.26,780721,,,5.7,33990,39396830,-3.2,
13135,"Gwinnett, GA",2009,-0.26,0.0,0.08,-0.29,0.03,-1.64,-0.14,0.5,0.14,0.14,-0.52,0.01,0.09,-0.13,-6.37,-0.61,-0.37,-0.84,-0.12,-0.01,-1.5500000000000005,796276,,,9.0,32126,36945448,-6.2,
13135,"Gwinnett, GA",2010,0.0,0.04,-0.01,0.22,0.0,-0.91,1.33,-0.3,-0.01,-0.06,0.44,-0.01,-0.02,0.05,2.61,0.72,0.13,0.15,0.23,-0.02,0.86,807979,398227.0,409752.0,9.1,32067,37904706,2.6,34.9
13135,"Gwinnett, GA",2011,0.04,-0.01,0.03,-0.08,-0.01,0.4,0.3,0.76,-0.16,0.2,-0.06,-0.03,-0.13,-0.01,2.06,0.48,0.28,0.32,0.05,0.02,-0.59,822407,404399.0,418008.0,8.6,33969,38625614,1.9,34.7
13135,"Gwinnett, GA",2012,0.08,0.01,0.0,0.07,0.01,0.38,-0.09,1.11,-0.13,0.17,0.2,0.0,-0.25,0.04,3.84,1.33,0.19,0.21,0.2,0.0,0.26,836854,410627.0,426227.0,7.6,34341,40058252,3.7,34.5
13135,"Gwinnett, GA",2013,0.11,-0.01,0.02,0.39,-0.03,0.32,0.31,0.09,-0.15,0.26,0.67,-0.02,0.23,0.03,3.6,0.3,0.61,0.06,0.19,0.01,0.19,853496,418179.0,435317.0,6.8,34898,41440809,3.5,33.9
13135,"Gwinnett, GA",2014,0.12,0.02,0.03,0.19,-0.02,0.65,0.77,0.87,0.15,0.16,0.32,-0.01,0.15,0.13,5.76,1.67,-0.36,0.09,0.05,-0.03,1.14,871052,426480.0,444572.0,6.1,36327,43889837,5.9,34.4
13135,"Gwinnett, GA",2015,0.09,0.04,-0.03,-0.02,0.01,0.83,0.04,0.25,0.18,0.21,0.66,0.01,0.12,0.07,4.33,0.4,0.24,0.28,0.09,0.01,1.04,888597,434635.0,453962.0,5.3,37880,45868266,4.5,34.7
13135,"Gwinnett, GA",2016,0.04,0.0,0.0,-0.28,0.01,0.37,-0.32,-0.64,0.11,0.26,0.23,0.01,0.21,0.07,2.55,0.16,1.58,0.33,-0.07,0.03,0.28,905291,442332.0,462959.0,4.9,38520,47088375,2.7,34.9
13135,"Gwinnett, GA",2017,0.1,0.04,-0.01,0.09,0.01,0.26,0.02,0.24,0.17,0.07,-0.16,0.02,0.11,0.05,1.95,0.88,0.07,0.2,0.12,-0.01,-0.05,918681,448591.0,470090.0,4.3,39632,48087624,2.1,35.3
13135,"Gwinnett, GA",2018,0.07,0.02,-0.01,0.26,0.01,0.48,0.15,-0.49,0.18,0.3,-0.28,0.01,0.14,0.13,1.6,0.41,0.92,0.33,0.05,0.0,-0.61,928072,453056.0,475016.0,3.6,41176,48940749,1.8,36.1
13135,"Gwinnett, GA",2019,0.05,0.01,0.02,-0.08,-0.02,0.56,0.17,-0.15,0.13,0.23,0.42,0.0,0.16,0.02,3.05,0.32,0.38,0.14,0.12,0.08,0.53,937399,457091.0,480308.0,3.2,42765,50495416,3.2,36.9
13135,"Gwinnett, GA",2020,-0.5,-0.09,-0.03,-0.1,-0.02,0.35,-0.67,0.09,-0.14,-0.32,0.01,0.01,0.07,-0.24,-1.79,0.02,-0.46,-0.09,0.18,0.03,-0.13,958378,470348.0,488030.0,6.4,46112,49521271,-1.9,37.4
13135,"Gwinnett, GA",2021,0.52,0.08,0.07,0.84,0.0,0.21,0.36,0.27,0.19,0.4,0.28,0.02,0.09,0.18,5.43,1.64,0.57,0.31,0.5,-0.03,-0.04,965458,473128.0,492330.0,3.5,50066,52305987,5.6,38.5
13135,"Gwinnett, GA",2022,0.26,0.07,0.03,0.5,0.0,-0.61,0.07,-0.04,0.4,0.54,0.32,0.02,-0.1,0.11,2.51,1.7,0.55,-0.19,-0.06,-0.01,-0.13,980015,480636.0,499379.0,2.8,51729,53826403,2.9,38.9
13135,"Gwinnett, GA",2023,-0.02,0.02,0.0,0.15,0.01,-0.1,-0.31,-0.24,0.43,0.61,0.42,0.01,-0.02,-0.2,1.12,0.24,0.21,0.77,0.03,-0.07,-0.23,991602,486709.0,504893.0,3.0,54331,54664984,1.6,38.7
13137,"Habersham, GA",2002,0.11,0.0,-0.04,0.01,-1.6,-0.33,2.02,0.09,0.6,0.26,-0.08,-1.57,-1.44,0.17,0.29,0.26,0.28,0.41,-0.08,0.18,0.05,37421,,,4.3,23743,1355931,0.9,
13137,"Habersham, GA",2003,0.19,0.03,,0.35,-0.68,0.99,0.86,-1.01,0.3,-0.56,-0.34,-0.7,0.13,-0.09,0.88,0.23,0.24,0.12,,,,38051,,,4.0,24149,1371934,1.2,
13137,"Habersham, GA",2004,0.01,0.03,0.07,0.36,1.53,0.08,-0.74,-0.6,0.16,0.15,0.27,1.53,1.02,-0.1,2.33,-0.22,0.54,0.22,0.14,-0.03,-0.04,38491,,,3.8,25004,1406024,2.5,
13137,"Habersham, GA",2005,0.13,0.08,0.07,-0.02,0.29,-0.92,0.68,0.57,0.01,-0.05,0.67,0.28,0.77,-0.16,3.59,-0.1,0.65,0.38,-0.01,0.08,0.3,39155,,,4.4,25401,1456615,3.6,
13137,"Habersham, GA",2006,0.0,-0.16,0.02,-0.2,-2.12,-0.29,-0.58,0.33,-0.21,0.25,0.67,-2.14,-0.56,-0.03,-2.55,0.22,-0.13,-0.02,0.05,-0.23,0.1,40616,,,4.0,24995,1416320,-2.8,
13137,"Habersham, GA",2007,,,,0.12,-1.94,0.39,-1.91,0.41,-0.24,,0.44,-1.95,1.33,-0.07,-0.1,0.12,1.79,-0.11,-0.13,-0.16,-0.02,41865,,,4.0,26011,1411615,-0.3,
13137,"Habersham, GA",2008,,,0.11,0.59,,-1.36,-1.42,0.23,-0.91,0.04,0.22,,-0.75,-0.05,-2.08,0.76,-0.91,0.14,-0.21,0.2,-0.06,42550,,,5.8,27455,1369303,-3.0,
13137,"Habersham, GA",2009,-0.05,0.03,0.11,-0.11,0.06,-0.01,0.65,2.04,0.25,-0.12,-0.15,0.02,0.36,-0.13,2.5,-1.03,0.92,-0.56,-0.08,0.26,-0.24,42947,,,10.0,26558,1407024,2.8,
13137,"Habersham, GA",2010,-0.04,0.18000000000000002,-0.04,0.17,-0.8,-0.06,0.58,-1.22,0.21,0.09,0.1,-0.78,-0.55,-0.05,-0.05,-0.79,2.48,-0.06,0.06,-0.2,0.0,43058,20310.0,22748.0,10.5,26857,1409318,0.2,18.7
13137,"Habersham, GA",2011,0.14,0.07,0.06,-0.27,-1.1,-1.76,1.74,-0.05,0.31,0.23,0.23,-1.12,-0.34,-0.08,-3.68,-1.3,-1.17,-0.2,-0.19,-0.01,0.07,43041,20287.0,22754.0,10.3,27041,1361867,-3.4,18.1
13137,"Habersham, GA",2012,0.02,0.02,0.01,0.0,2.93,0.0,-0.06,0.05,-0.39,0.19,0.44,2.88,-2.13,-0.01,-1.26,0.11,-2.71,-0.21,0.12,-0.17,0.18,43373,20392.0,22981.0,9.4,27497,1339379,-1.7,17.9
13137,"Habersham, GA",2013,,,-0.04,-0.08,,0.28,-1.42,-0.5,-0.38,-0.06,0.67,,0.88,0.0,1.62,0.09,-0.5,0.54,0.18,0.26,0.16,43146,20477.0,22669.0,8.0,28966,1356002,1.2,17.1
13137,"Habersham, GA",2014,,,0.11,-0.08,,0.7,-1.02,0.35,-0.21,-0.18,0.39,,0.68,0.03,4.51,0.36,1.12,-0.02,0.14,-0.23,0.39,43553,20647.0,22906.0,7.0,30282,1414429,4.3,16.5
13137,"Habersham, GA",2015,0.13,-0.14,-0.09999999999999999,0.11,,0.16,0.15,-0.29,0.14,-0.04,0.57,,-0.09,0.0,-0.51,,-1.2,0.32,0.06,0.03,0.34,43775,20705.0,23070.0,5.8,31104,1409214,-0.4,17.5
13137,"Habersham, GA",2016,0.02,0.0,0.11,-0.03,-0.56,-0.01,1.81,-0.53,-0.48,0.02,0.05,-0.53,0.3,0.04,2.97,-0.65,0.03,0.48,-0.06,0.07,0.6,44166,20946.0,23220.0,5.0,31793,1444342,2.5,17.5
13137,"Habersham, GA",2017,-0.03,-0.17,-0.09999999999999999,0.0,0.45,-0.19,-0.17,-0.45,0.26,-0.04,-0.26,0.44,0.28,0.09,-0.36,0.05,0.41,0.09,-0.09,-0.2,0.15,44687,21144.0,23543.0,4.3,32824,1442836,-0.1,18.4
13137,"Habersham, GA",2018,0.03,-0.01,0.1,-0.03,0.4,0.77,0.32,-0.06,-0.18,-0.02,0.47,0.39,-0.42,0.14,4.56,0.08,0.9,0.48,0.27,0.26,0.41,45580,21580.0,24000.0,3.5,33980,1505955,4.4,18.7
13137,"Habersham, GA",2019,-0.33,-0.01,-0.09999999999999999,-0.06,-1.58,0.4,-1.57,0.53,0.05,0.17,-0.11,-1.54,-0.52,0.02,-1.22,0.13,0.09,1.54,,,0.2,45542,21785.0,23757.0,3.3,34865,1488353,-1.2,19.3
13137,"Habersham, GA",2020,-0.51,-0.01,-0.09999999999999999,0.02,-2.0,0.3,-0.96,0.06,-0.78,-0.17,-0.5900000000000001,-1.96,-1.6,-0.07,-3.7,-0.13,2.04,-0.41,-0.12,0.26,0.25,46140,22039.0,24101.0,5.1,36955,1421755,-4.5,21.1
13137,"Habersham, GA",2021,0.72,0.07,-0.09999999999999999,0.03,1.88,0.4,-0.38,-0.09,0.07,0.55,-0.22,1.99,0.55,-0.03,-0.37,0.64,-2.73,-0.26,-0.15,-0.23,-0.7,46753,22329.0,24424.0,3.3,39366,1417446,-0.3,23.3
13137,"Habersham, GA",2022,0.44,-0.06,0.08,0.38,1.9,-0.26,0.61,-0.96,0.51,0.43,-0.14,2.02,0.92,0.22,5.07,,1.63,-0.24,0.08,,-0.12,47558,22823.0,24735.0,3.0,40550,1496560,5.6,22.9
13137,"Habersham, GA",2023,-0.1,0.01,-0.09999999999999999,0.99,-1.71,-0.42,0.11,0.18,-0.95,0.48,0.17,-1.62,-0.07,-0.03,0.57,1.07,0.18,1.05,0.22,-0.23,-0.07,48851,23354.0,25497.0,3.0,40806,1490884,-0.4,24.2
13139,"Hall, GA",2002,0.01,0.01,0.03,-0.05,-0.51,-0.49,0.26,0.05,0.38,0.52,0.07,-0.5,-0.86,0.09,0.51,0.15,0.39,0.25,-0.03,0.01,0.54,150229,,,4.3,26374,6785323,0.9,
13139,"Hall, GA",2003,-0.03,0.18000000000000002,0.02,0.38,-0.05,-0.05,0.23,0.21,0.55,0.49,0.03,-0.08,-0.52,-0.01,4.14,0.63,0.85,0.26,0.08,0.01,-0.12,153561,,,4.0,27727,7103220,4.7,
13139,"Hall, GA",2004,0.09,0.18000000000000002,-0.09,0.79,0.52,0.68,0.66,-0.23,0.0,0.67,0.24,0.51,-0.25,0.08,4.32,0.82,1.0,-0.71,0.16,0.01,0.26,156385,,,4.0,29419,7409719,4.3,
13139,"Hall, GA",2005,-0.27,0.18000000000000002,-0.04,0.37,-0.07,-0.14,-0.94,0.46,0.21,0.13,0.1,-0.13,-0.07,0.18,3.0,0.39,0.77,0.45,0.29,0.0,0.53,160979,,,4.4,30800,7647153,3.2,
13139,"Hall, GA",2006,-0.19,-0.17,0.02,0.28,-0.63,0.29,1.69,0.27,0.09,0.45,0.03,-0.6,-0.73,0.08,0.47,0.32,-1.61,0.19,0.27,0.0,0.55,166524,,,3.8,31639,7690294,0.6,
13139,"Hall, GA",2007,0.13,0.18000000000000002,-0.02,0.32,-0.17,-0.22,,-0.21,0.28,0.24,0.25,-0.17,,-0.01,3.5,0.36,1.44,-0.07,-0.12,-0.01,0.21,172446,,,3.6,32233,7981548,3.8,
13139,"Hall, GA",2008,-0.08,-0.13,0.02,-0.02,0.08,-1.71,,0.12,-0.28,0.55,-0.07,0.05,,-0.1,0.02,0.09,0.31,0.17,0.05,0.01,0.96,177277,,,5.5,31437,7960700,-0.3,
13139,"Hall, GA",2009,-0.2,0.18000000000000002,0.02,-0.71,-0.1,-1.78,,0.6,-0.08,0.36,-0.04,-0.12,,-0.18,-5.43,-1.1,-0.76,-0.38,-0.2,-0.02,-1.19,178503,,,9.4,30628,7521629,-5.5,
13139,"Hall, GA",2010,0.13,0.18000000000000002,0.05,0.63,-0.22,-0.27,,-0.54,-0.04,0.16,0.09,-0.23,,-0.08,2.21,0.62,0.75,0.3,0.12,-0.02,0.14,180070,89783.0,90287.0,9.5,30908,7684680,2.2,21.0
13139,"Hall, GA",2011,0.25,0.18000000000000002,0.05,-0.22,0.0,-0.16,1.37,1.83,-0.16,0.53,0.0,-0.01,0.05,-0.03,8.2,-0.08,1.98,-0.04,0.26,0.03,0.17,182299,90929.0,91370.0,8.7,33106,8302211,8.0,22.1
13139,"Hall, GA",2012,0.09,-0.17,0.02,0.02,0.25,-0.29,0.75,-0.98,-0.17,0.32,0.19,0.22,-1.43,0.03,-0.55,0.02,-0.52,-0.06,0.13,-0.01,1.14,184136,91840.0,92296.0,7.7,33891,8241966,-0.7,22.1
13139,"Hall, GA",2013,0.17,-0.17,-0.04,0.18,0.03,0.65,0.19,0.14,-0.13,0.62,0.09,0.03,0.22,0.05,2.97,0.29,-0.73,0.08,0.08,0.01,1.36,186459,92846.0,93613.0,6.8,34576,8475751,2.8,22.8
13139,"Hall, GA",2014,0.35,-0.17,-0.01,0.03,0.14,0.59,-0.34,0.03,0.07,0.64,0.05,0.11,0.98,0.14,5.91,0.72,1.84,0.21,0.16,-0.01,0.99,189156,94146.0,95010.0,5.9,36577,8983297,6.0,22.8
13139,"Hall, GA",2015,0.41,-0.17,-0.04,0.0,0.17,0.73,-0.69,0.05,0.22,1.25,0.37,0.18,0.69,0.08,4.38,0.26,-0.78,0.62,0.1,0.02,1.3,192249,95784.0,96465.0,4.9,39217,9396494,4.6,22.7
13139,"Hall, GA",2016,-0.09,-0.17,-0.04,-0.16,-0.27,0.69,0.61,0.0,-0.1,0.67,-0.24,-0.26,0.22,0.13,3.98,0.5,0.04,-0.1,0.12,0.03,1.7400000000000002,196176,97592.0,98584.0,4.7,40410,9761450,3.9,22.5
13139,"Hall, GA",2017,0.22,0.18000000000000002,-0.03,0.25,0.04,0.61,1.34,-0.02,0.24,0.4,0.0,0.07,0.24,0.07,7.5,0.6,0.51,0.4,0.43,0.0,1.53,198854,99016.0,99838.0,4.1,42772,10517593,7.7,23.5
13139,"Hall, GA",2018,0.17,-0.16,0.05,0.41,-0.04,0.29,0.76,0.03,0.11,0.45,0.01,-0.02,-0.07,0.04,4.75,0.64,1.19,0.61,0.14,0.0,0.63,201396,100113.0,101283.0,3.3,45139,11029043,4.9,24.0
13139,"Hall, GA",2019,-0.28,-0.12,0.03,0.0,-0.08,0.26,0.69,0.02,0.12,0.64,0.1,-0.07,-0.41,0.01,2.24,0.03,0.26,0.25,-0.04,0.01,0.85,204310,101515.0,102795.0,3.0,46350,11289071,2.4,24.5
13139,"Hall, GA",2020,-0.41,-0.17,-0.07,-0.07,0.06,0.53,-0.12,0.9,-0.18,-0.14,-0.02,0.08,0.57,-0.13,1.88,0.24,0.9,-0.42,0.45,0.0,-0.06,203409,101650.0,101759.0,4.9,49283,11480934,1.7,24.0
13139,"Hall, GA",2021,0.46,-0.17,0.0,0.65,0.01,1.21,1.97,0.12,0.12,1.14,0.08,0.0,0.9,0.06,5.49,1.11,-0.81,-0.06,0.33,-0.03,-0.37,206998,103337.0,103661.0,2.8,55114,12125633,5.6,25.1
13139,"Hall, GA",2022,0.35,0.18000000000000002,0.01,0.52,0.22,0.06,1.17,-0.57,0.21,0.74,0.06,0.16,0.9,0.18,7.12,1.27,2.07,-0.22,0.08,-0.01,0.05,213126,106496.0,106630.0,2.6,57126,13015442,7.3,25.5
13139,"Hall, GA",2023,0.02,0.18000000000000002,-0.01,-0.01,-0.24,0.01,-0.05,-0.54,0.25,0.77,0.09,-0.24,-0.11,-0.11,1.14,0.04,0.59,0.49,-0.01,0.0,-0.2,218248,108924.0,109324.0,2.6,60036,13196711,1.4,26.7
13141,"Hancock, GA",2002,0.06,0.06,-0.04,0.11,,0.0,0.99,0.23,1.8,-0.82,0.3,,,0.21,3.41,,2.14,0.91,,,0.05,9829,,,8.5,16437,146127,5.2,
13141,"Hancock, GA",2003,0.01,-0.17,0.04,0.0,,0.2,,0.3,-1.31,0.33,-0.48,,-0.11,-0.13,5.65,,1.52,-0.72,,,0.07,9764,,,7.4,17165,152472,4.3,
13141,"Hancock, GA",2004,-0.04,0.1,0.06,-0.08,-0.07,0.68,1.99,-0.15,-2.3699999999999997,-1.18,,-0.09,0.0,-0.31,-1.66,-0.01,-0.15,-1.32,,-0.23,,9673,,,6.7,18238,145014,-4.9,
13141,"Hancock, GA",2005,0.06,-0.08,-0.05,0.01,0.14,-0.75,2.94,2.19,-1.58,-0.24,0.01,-0.15,0.13,-0.4,5.73,-0.09,1.29,-0.14,0.06,0.26,0.07,9634,,,8.1,19053,151045,4.2,
13141,"Hancock, GA",2006,0.22,-0.06,-0.07,,,,1.4,0.33,-1.83,-0.15,,,-0.12,,-2.56,0.42,-3.64,0.04,0.11,-0.23,0.05,9650,,,8.5,19674,144420,-4.4,
13141,"Hancock, GA",2007,-0.1,0.0,-0.01,,0.0,,3.29,0.0,-2.3699999999999997,-0.29,,0.17,,,15.08,-0.06,5.42,-0.36,0.1,-0.02,0.04,9889,,,8.4,20451,162142,12.3,
13141,"Hancock, GA",2008,-0.02,-0.03,-0.03,,-0.47,-1.56,-0.43,0.32,-0.49,-0.32,0.07,-0.48,-0.07,0.08,-7.62,-0.06,-4.765000000000001,0.12,-0.24,0.07,-0.2,9808,,,13.3,21173,148993,-8.1,
13141,"Hancock, GA",2009,-0.04,0.02,0.07,,,-0.07,-2.87,2.19,-0.45,0.38,,,,-0.3,6.53,,4.89,0.22,-0.21,0.26,0.01,9508,,,19.6,22138,158044,6.1,
13141,"Hancock, GA",2010,-0.05,0.02,0.0,,,0.41,1.43,-2.22,0.92,-0.36,,,,-0.57,-6.91,,-0.16,-0.38,-0.16,-0.23,-0.03,9433,5196.0,4237.0,22.7,20909,148578,-6.0,10.3
13141,"Hancock, GA",2011,0.0,-0.03,-0.04,0.19,-0.13,0.51,3.29,0.49,0.09,-0.08,0.04,-0.65,-0.09,0.11,14.29,0.28,0.15,-0.18,-0.03,0.22,-0.05,9394,5200.0,4194.0,19.4,22446,169952,14.4,13.8
13141,"Hancock, GA",2012,0.02,0.01,0.01,,0.47,-0.04,0.54,0.35,-0.62,0.32,0.03,0.51,-0.02,-0.35,-4.52,0.17,-4.765000000000001,0.05,0.27,0.04,-0.03,9078,4997.0,4081.0,16.7,22582,161215,-5.1,11.0
13141,"Hancock, GA",2013,-0.03,0.01,-0.01,0.17,,,,-1.15,-0.03,0.21,,,0.02,0.23,15.3,0.33,3.23,0.27,,,,8952,4951.0,4001.0,14.6,23310,185838,15.3,9.9
13141,"Hancock, GA",2014,0.01,0.01,0.03,0.22,0.92,,,-0.09,0.16,0.41,,0.96,0.04,0.05,-6.29,0.19,-3.21,-0.04,,,,8571,4644.0,3927.0,11.7,25020,174441,-6.1,10.6
13141,"Hancock, GA",2015,-0.05,-0.01,-0.02,0.53,0.17,0.89,-0.86,-0.29,0.01,0.1,-0.09,0.17,0.0,-0.23,2.86,0.39,1.72,-0.21,-0.4,0.26,-0.07,8579,4669.0,3910.0,10.0,25933,179431,2.9,10.3
13141,"Hancock, GA",2016,-0.06,0.01,0.03,-0.08,0.4,-0.62,-2.12,-0.69,-0.36,-0.15,0.06,0.39,-0.05,0.09,-4.32,-0.33,0.08,-0.01,0.47,-0.23,-0.01,8644,4758.0,3886.0,8.2,26448,171031,-4.7,10.9
13141,"Hancock, GA",2017,-0.01,-0.03,-0.04,-0.58,-1.01,0.51,-2.2,-0.38,1.23,-0.05,-0.19,-0.83,-0.02,0.13,-5.16,-0.53,-2.34,0.1,0.65,0.09,-0.01,8545,4739.0,3806.0,6.9,27648,164307,-3.9,8.7
13141,"Hancock, GA",2018,0.07,0.0,-0.03,-0.08,-0.42,,0.08,-0.52,-1.34,-0.19,,-0.52,,,1.31,-0.1,-0.93,0.26,1.32,0.26,0.01,8344,4586.0,3758.0,5.9,29368,164256,0.0,8.8
13141,"Hancock, GA",2019,0.03,0.0,-0.06,-0.02,0.18,,,0.06,-1.41,0.14,,0.11,0.02,0.15,2.9,0.05,,0.39,-0.25,-0.23,0.01,8475,4734.0,3741.0,5.7,30640,166700,1.5,8.6
13141,"Hancock, GA",2020,-0.12,0.0,-0.09999999999999999,-0.32,0.39,-0.08,-2.87,-0.02,-2.3,0.01,0.0,0.68,-0.02,,4.9,-0.27,,0.84,-0.41,0.26,0.0,8709,4849.0,3860.0,8.6,33359,171038,2.6,9.3
13141,"Hancock, GA",2021,0.15,0.01,0.11,0.07,-0.22,,3.29,0.07,-0.26,-0.45,,-0.15,,-0.18,-3.84,0.18,-4.56,0.22,,-0.23,0.0,8676,4858.0,3818.0,6.2,35097,164033,-4.1,9.2
13141,"Hancock, GA",2022,0.16,-0.01,0.02,0.16,-0.66,,,-0.71,-1.87,1.0,,-0.8,-0.01,0.1,-3.86,0.05,,-0.06,-0.03,0.26,0.0,8453,4681.0,3772.0,5.0,36195,154627,-5.7,9.6
13141,"Hancock, GA",2023,0.02,0.0,-0.04,0.8,0.56,,,-0.41,-0.05,0.05,,0.95,0.02,-0.13,-1.58,0.85,-1.36,0.65,,0.26,0.03,8730,4922.0,3808.0,5.5,36621,152102,-1.6,8.4
13143,"Haralson, GA",2002,0.25,0.01,,-0.98,-0.7,2.86,0.87,0.43,1.21,,0.18,-0.73,1.36,0.4,3.8,,0.5,-0.6,-0.26,0.07,0.03,26676,,,4.7,22233,608208,5.0,
13143,"Haralson, GA",2003,0.19,0.18000000000000002,,0.01,-0.24,-1.14,3.29,-0.83,1.38,,,-0.28,-0.63,-0.06,2.33,,0.17,0.05,0.22,-0.07,0.15,27227,,,4.9,22601,630798,3.7,
13143,"Haralson, GA",2004,0.1,0.04,,-0.98,,,0.1,-0.38,-0.39,0.36,,,0.3,0.01,1.16,-1.18,-0.11,0.56,0.52,-0.01,1.63,27621,,,5.1,23832,635678,0.8,
13143,"Haralson, GA",2005,0.13,-0.17,0.0,0.0,0.0,2.22,-2.04,1.37,0.69,0.09,0.16,0.0,-0.25,0.05,2.26,-0.21,0.63,-0.19,0.16,0.0,0.33,27987,,,5.4,24557,654468,3.0,
13143,"Haralson, GA",2006,0.07,-0.1,,,-1.73,-1.46,3.29,0.73,0.4,1.21,0.03,-1.73,2.365,0.39,8.07,,0.09,0.39,0.2,0.0,-0.84,28121,,,4.7,25839,709898,8.5,
13143,"Haralson, GA",2007,-0.03,0.07,0.0,,,,1.48,-0.5,-0.03,0.9,0.13,,2.27,-0.09,6.61,0.24,0.76,0.24,0.44,0.0,0.1,28558,,,4.7,27117,756587,6.6,
13143,"Haralson, GA",2008,-0.06,-0.11,-0.01,,,,-0.75,0.7,-1.06,0.43,-0.01,,2.365,-0.29,3.5,-0.1,0.98,-0.1,-0.23,0.0,0.49,28645,,,6.7,27721,775110,2.4,
13143,"Haralson, GA",2009,-0.04,0.04,,,0.05,-0.13,-2.87,1.25,-0.37,-1.0,0.04,0.05,2.365,0.0,-5.85,,0.08,-0.61,-0.02,0.01,-0.4,28774,,,12.0,26837,726897,-6.2,
13143,"Haralson, GA",2010,0.1,0.18000000000000002,,0.59,-0.7,1.14,3.29,-0.66,0.02,,0.12,-0.7,1.05,0.13,7.75,,1.59,-0.01,0.39,-0.01,0.34,28763,14052.0,14711.0,12.1,27416,783365,7.8,11.0
13143,"Haralson, GA",2011,0.33,-0.17,,-0.5,-0.81,0.43,3.29,0.2,-0.27,,-0.03,-0.81,-2.09,0.05,-0.58,-0.61,-0.94,-0.27,-0.03,0.0,-0.04,28474,13875.0,14599.0,11.4,28805,776719,-0.8,12.0
13143,"Haralson, GA",2012,,,-0.01,-0.03,1.73,-0.76,1.87,-0.11,-0.06,-0.03,0.02,1.73,-2.43,0.09,-2.6,,-1.04,-0.06,-0.08,-0.01,0.25,28325,13732.0,14593.0,10.1,29634,756053,-2.7,12.4
13143,"Haralson, GA",2013,,,,,,,-0.66,-0.28,-0.36,,0.05,,-2.43,-0.68,-6.1,,-0.77,0.27,0.03,0.01,-0.27,28357,13652.0,14705.0,9.2,29941,707206,-6.5,14.1
13143,"Haralson, GA",2014,-0.09,0.15,0.01,0.02,1.69,0.14,1.23,0.53,-0.21,-0.15,-0.1,1.69,-1.31,0.16,4.15,0.1,1.54,0.14,-0.05,0.0,0.17,28513,13776.0,14737.0,8.0,31409,735024,3.9,13.8
13143,"Haralson, GA",2015,-0.04,-0.14,0.0,-0.44,0.89,1.06,-0.82,0.2,-0.07,0.06,0.16,0.89,0.02,0.02,1.4,-0.3,-0.67,0.67,0.65,0.08,-0.42,28733,13921.0,14812.0,6.6,32954,744743,1.3,14.1
13143,"Haralson, GA",2016,-0.11,0.01,0.01,-0.03,-0.7,0.36,3.29,-0.3,-0.46,-0.07,0.06,-0.7,-2.43,0.07,5.07,-0.11,2.31,0.44,-0.09,-0.08,-0.57,28860,14008.0,14852.0,5.5,34083,779050,4.6,13.8
13143,"Haralson, GA",2017,0.02,-0.04,0.01,0.03,0.75,0.12,3.29,-0.24,0.17,,-0.05,0.75,-0.36,0.07,4.31,,-2.92,0.38,,-0.05,-0.46,29286,14260.0,15026.0,4.5,35165,813981,4.5,14.1
13143,"Haralson, GA",2018,0.41,0.02,,-0.07,0.43,0.44,0.9,-0.28,-0.07,0.39,0.01,0.43,0.33,0.1,3.3,-0.05,0.2,0.21,,0.0,0.3,29626,14401.0,15225.0,3.6,36483,840244,3.2,14.0
13143,"Haralson, GA",2019,0.13,0.01,-0.01,-0.09,-1.54,-0.13,2.16,0.81,0.25,0.0,-0.02,-1.54,0.23,-0.17,2.06,0.22,0.36,0.06,-0.06,0.0,0.03,29884,14517.0,15367.0,3.3,38049,859637,2.3,14.8
13143,"Haralson, GA",2020,,,-0.01,,-1.9,-0.73,2.55,0.43,-0.36,0.46,0.04,-1.9,0.07,-0.17,-1.07,-0.21,-0.95,0.12,,0.0,-0.04,30040,14718.0,15322.0,5.5,40557,847372,-1.4,17.3
13143,"Haralson, GA",2021,0.39,-0.08,0.0,0.44,1.39,1.29,3.29,0.12,0.06,-0.25,0.0,1.39,0.39,-0.12,8.71,0.58,1.46,0.12,0.2,0.0,-0.41,30601,15018.0,15583.0,3.3,44224,921655,8.8,16.9
13143,"Haralson, GA",2022,0.37,0.02,-0.01,-0.1,2.71,-0.58,3.29,-0.37,0.33,0.36,0.12,2.71,0.06,0.3,10.95,-0.2,0.91,-0.09,0.1,0.0,0.1,31340,15437.0,15903.0,2.9,45239,1025559,11.3,17.9
13143,"Haralson, GA",2023,,,0.0,0.23,-1.73,0.55,-0.36,1.5,-0.14,0.06,0.05,-1.71,-0.07,-0.21,0.7,,0.5,0.61,-0.11,0.0,0.16,32040,15807.0,16233.0,3.1,46887,1031307,0.6,17.4
13145,"Harris, GA",2002,0.01,0.01,,0.24,0.02,0.67,,0.11,0.84,,0.19,0.02,,0.34,-0.79,0.2,0.24,0.12,,0.01,0.17,25327,,,3.7,30353,484766,0.1,
13145,"Harris, GA",2003,-0.57,-0.17,0.04,-0.04,0.04,-0.37,,-0.21,0.4,0.23,-0.11,0.04,,0.0,-4.2,0.02,-0.05,-0.23,0.37,0.01,1.28,26256,,,3.6,30748,466351,-3.8,
13145,"Harris, GA",2004,,,-0.07,-0.24,-0.11,0.42,,-0.16,-0.42,0.16,-0.17,-0.11,,0.27,-2.99,-1.38,0.03,-0.21,0.75,0.0,-0.74,27180,,,4.1,32176,450421,-3.4,
13145,"Harris, GA",2005,,,,-0.24,-0.29,0.22,,0.47,0.48,,0.0,-0.29,,0.22,-0.02,-1.66,0.39,0.33,,-0.01,-0.27,28170,,,4.2,32775,452493,0.5,
13145,"Harris, GA",2006,0.7700000000000001,-0.16,,0.31,0.27,0.71,,0.51,0.19,0.37,0.04,0.27,,0.03,2.31,0.34,0.55,-0.74,,0.0,-0.23,29289,,,3.8,33603,463793,2.5,
13145,"Harris, GA",2007,0.7700000000000001,-0.17,,0.36,-0.29,-2.34,,0.09,0.16,0.01,-0.26,0.05,,-0.32,-0.29,0.51,1.55,0.02,,-0.01,,30276,,,3.6,35592,463155,-0.1,
13145,"Harris, GA",2008,-0.7000000000000002,0.13,-0.03,-0.18,0.05,0.62,,-0.39,-1.26,0.45,,-0.04,,-0.37,1.13,0.23,3.94,-0.15,,0.0,0.01,30807,,,4.8,37253,462535,-0.1,
13145,"Harris, GA",2009,-0.7000000000000002,0.08,0.01,0.21,0.02,0.95,,0.75,0.75,-0.15,,-0.13,,-0.38,-1.9,0.23,-0.39,-0.02,-0.63,0.01,,31494,,,7.3,36177,457216,-1.2,
13145,"Harris, GA",2010,-0.21,-0.17,,0.24,0.16,0.46,,-0.21,0.28,0.8,,0.0,,-0.02,3.63,0.04,1.85,-0.01,,0.03,,32147,16053.0,16094.0,7.6,36478,475095,3.9,27.4
13145,"Harris, GA",2011,-0.26,-0.01,,0.48,-0.19,-1.16,0.52,-0.3,-0.35,-0.06,0.19,-0.19,-0.61,-0.17,-1.03,0.81,0.37,0.04,,,,32303,16089.0,16214.0,7.3,38802,468545,-1.4,27.7
13145,"Harris, GA",2012,-0.7000000000000002,-0.17,,0.41,0.01,-0.59,-1.54,0.12,-0.27,-0.26,0.0,0.01,1.0,-0.23,-8.11,0.77,-4.765000000000001,-0.03,-0.57,,,32564,16242.0,16322.0,7.1,39798,429282,-8.4,28.2
13145,"Harris, GA",2013,0.6,-0.17,,0.42,-0.07,-0.08,0.84,-0.15,-0.19,0.11,-0.04,-0.07,2.365,-0.09,10.69,,4.88,-0.04,,0.01,,32532,16262.0,16270.0,6.5,40430,474334,10.5,27.3
13145,"Harris, GA",2014,0.7700000000000001,-0.14,0.1,-0.24,,0.15,,0.0,0.13,-0.23,0.03,,2.365,0.49,1.7,,-4.765000000000001,-0.01,,,,32730,16344.0,16386.0,6.0,41739,483047,1.8,27.8
13145,"Harris, GA",2015,,,-0.09999999999999999,-0.54,,1.05,,0.06,0.16,0.3,0.25,,0.85,0.27,7.59,-0.49,0.49,0.15,0.47,0.0,0.53,33147,16567.0,16580.0,5.3,43564,520503,7.8,26.6
13145,"Harris, GA",2016,0.7700000000000001,-0.17,0.11,-0.59,-0.18,-0.08,3.15,0.04,-0.18,0.07,0.12,-0.18,-2.43,0.02,-4.31,,0.18,0.15,,,,33615,16813.0,16802.0,5.2,45069,497128,-4.5,26.6
13145,"Harris, GA",2017,0.7700000000000001,0.1,,0.21,-0.09,2.11,2.03,-0.45,0.51,,0.12,-0.09,2.365,-0.14,9.05,,0.01,0.16,,,,33945,16995.0,16950.0,4.5,46490,544631,9.6,27.4
13145,"Harris, GA",2018,-0.7000000000000002,0.11,0.07,-0.06,-0.01,1.0,-0.78,-0.38,0.31,-0.05,-0.06,-0.01,0.91,0.1,3.68,0.13,3.08,0.05,0.89,0.03,0.38,34552,17334.0,17218.0,3.7,48776,566361,4.0,29.9
13145,"Harris, GA",2019,-0.7000000000000002,-0.05,0.05,-0.11,0.07,-1.09,1.77,1.57,-0.1,-0.18,0.01,0.07,-0.15,-0.07,-3.84,0.16,-3.9,-0.01,0.32,,,35188,17624.0,17564.0,3.4,50076,544046,-3.9,31.4
13145,"Harris, GA",2020,-0.7000000000000002,-0.17,,0.03,0.17,1.15,-0.43,1.17,0.02,,0.16,0.17,-1.39,-0.18,-0.05,,2.8,0.13,,,,34900,17617.0,17283.0,5.0,53152,543885,0.0,32.4
13145,"Harris, GA",2021,0.7700000000000001,0.16,,,0.02,0.11,0.63,-0.4,0.6,,0.67,0.02,1.2,-0.17,1.35,,-3.4,0.39,,0.0,-0.34,35594,17955.0,17639.0,3.1,56765,554465,1.9,32.4
13145,"Harris, GA",2022,0.34,0.18000000000000002,,,-0.08,-0.68,0.26,-0.74,0.0,,0.67,-0.08,0.0,0.65,7.45,,,-0.02,-0.02,0.04,0.39,36308,18300.0,18008.0,3.0,57319,595774,7.5,32.4
13145,"Harris, GA",2023,,,,,0.22,-0.17,3.29,0.66,0.25,,0.11,0.22,0.42,-0.22,7.47,0.19,,0.36,,,,36700,18465.0,18235.0,3.0,60495,641714,7.7,34.7
13147,"Hart, GA",2002,-0.23,0.02,0.0,0.09,-2.43,-0.42,-0.71,0.01,0.4,-0.11,0.27,-2.42,2.365,0.06,5.28,0.03,0.63,0.22,0.03,0.18,0.1,23286,,,5.9,22190,686207,5.7,
13147,"Hart, GA",2003,-0.02,0.18,0.02,0.05,-0.17,-0.53,-2.87,-0.48,0.41,0.07,0.18,-0.2,-0.78,0.01,-2.86,-0.11,0.81,0.51,0.06,0.26,0.4,23402,,,5.0,22619,669392,-2.5,
13147,"Hart, GA",2004,0.19,0.03,0.01,0.17,4.23,0.46,-0.41,-0.39,-0.01,0.01,0.2,4.11,0.4,0.1,4.67,,0.26,-0.66,,0.26,,23966,,,5.0,24210,700586,4.7,
13147,"Hart, GA",2005,0.21,0.01,,-0.33,0.27,1.51,-0.58,0.36,0.44,,0.24,-0.21,-2.43,0.15,-0.45,-1.66,1.23,-0.26,0.06,0.25,1.42,24376,,,6.9,24623,700540,0.0,
13147,"Hart, GA",2006,-0.02,0.07,0.03,0.02,-3.28,-0.45,3.29,0.04,-0.31,0.78,0.22,-3.42,-2.43,-0.01,-4.76,,-0.24,0.22,,-0.23,-0.87,24764,,,6.4,24634,664971,-5.1,
13147,"Hart, GA",2007,-0.09,0.09,0.02,-0.07,4.29,-1.05,-1.38,-0.03,-0.03,0.13,0.19,4.79,-1.35,-0.62,2.48,-0.08,2.24,-0.09,-0.01,-0.23,-0.21,24894,,,6.5,26792,681263,2.4,
13147,"Hart, GA",2008,-0.11,-0.06,0.02,1.12,,-1.49,0.79,0.02,-0.33,-0.02,0.41,,-2.43,-0.04,-1.6,1.52,-0.16,0.32,,-0.23,1.14,25138,,,9.0,28070,668104,-1.9,
13147,"Hart, GA",2009,-0.01,-0.17,0.04,0.48,-1.42,-0.24,-2.87,0.98,-0.29,-1.2700000000000002,-0.19,-1.42,-2.37,-0.1,-7.21,0.28,1.46,-0.12,-0.03,0.26,0.38,25108,,,13.4,27003,617946,-7.5,
13147,"Hart, GA",2010,-0.03,-0.17,0.04,0.67,-4.32,0.57,3.29,-0.45,-0.09,-0.39,0.24,-4.869999999999999,-1.33,0.32,10.92,0.68,3.12,0.45,0.09,0.26,0.45,25237,12476.0,12761.0,11.4,28190,684851,10.8,15.2
13147,"Hart, GA",2011,-0.03,-0.06,0.03,0.07,,-0.17,3.29,0.42,-0.33,-0.14,-0.05,,-0.74,-0.06,0.83,0.19,-2.8,0.27,,0.26,-0.73,25414,12549.0,12865.0,11.0,28607,688323,0.5,14.9
13147,"Hart, GA",2012,-0.05,0.01,0.01,-0.43,4.29,0.04,3.29,0.1,-0.23,-0.67,0.12,4.79,-0.58,-0.15,8.23,-0.24,-1.5,-0.28,0.01,-0.23,-0.13,25512,12665.0,12847.0,10.1,30169,743351,8.0,15.7
13147,"Hart, GA",2013,0.02,0.0,-0.05,0.14,0.92,-0.76,-1.63,-0.05,-0.02,-0.27,-0.38,0.92,0.08,0.06,-1.22,0.19,-0.63,-0.12,0.13,0.26,-0.21,25458,12533.0,12925.0,9.1,31001,734168,-1.2,15.5
13147,"Hart, GA",2014,0.02,0.02,,-0.05,4.29,0.08,0.18,0.47,-0.02,,-0.47,4.42,0.13,0.14,5.22,-0.1,1.36,0.04,0.2,-0.23,-0.28,25367,12515.0,12852.0,7.5,32859,772393,5.2,14.6
13147,"Hart, GA",2015,0.09,0.12,-0.02,-0.02,1.73,0.2,-1.8,-0.34,0.0,0.1,-0.16,1.73,0.37,-0.08,-2.03,0.01,-1.5,0.33,0.14,-0.23,-0.52,25415,12497.0,12918.0,6.3,34312,756659,-2.0,13.6
13147,"Hart, GA",2016,0.06,0.1,,0.0,-1.93,0.65,0.55,-0.58,-0.11,,-0.29,-1.93,0.74,-0.11,1.15,0.43,0.25,0.43,-0.23,0.26,0.12,25459,12571.0,12888.0,5.8,34264,764555,1.0,13.7
13147,"Hart, GA",2017,0.11,0.11,,0.17,1.88,-0.03,1.42,-0.1,0.27,0.04,,1.88,2.365,-0.09,5.47,0.89,0.23,0.19,0.0,-0.23,-0.8,25708,12735.0,12973.0,4.8,36504,808410,5.7,13.8
13147,"Hart, GA",2018,0.09,0.04,0.0,0.18,1.36,0.17,1.07,0.03,0.23,0.13,-0.02,1.36,2.365,0.06,10.25,0.65,1.54,0.33,0.01,0.26,0.03,26078,12897.0,13181.0,4.0,38266,893080,10.5,15.1
13147,"Hart, GA",2019,-0.07,0.0,,-0.4,,-0.94,-0.7,0.47,-0.1,0.14,0.0,,1.25,-0.03,-2.05,-0.25,0.24,0.09,-0.18,,-0.21,26255,12970.0,13285.0,3.9,39089,873884,-2.1,15.7
13147,"Hart, GA",2020,-0.19,-0.04,-0.02,-0.34,-4.32,0.09,-2.87,-0.64,-0.49,-0.22,0.06,-4.869999999999999,1.27,-0.2,-6.31,-0.21,2.48,-0.02,0.04,0.26,-0.13,25883,12846.0,13037.0,5.9,41271,814416,-6.8,17.2
13147,"Hart, GA",2021,0.39,0.1,0.0,0.09,,1.07,-2.87,-0.19,0.25,0.18,-0.09,4.47,2.365,-0.01,-1.51,0.6,-3.77,-0.27,0.14,-0.23,-0.04,26326,13006.0,13320.0,4.3,43869,804191,-1.3,16.6
13147,"Hart, GA",2022,0.35,0.05,0.0,0.5,4.29,0.33,2.16,-0.32,0.0,0.34,0.05,,2.27,0.37,14.34,1.02,,-0.36,-0.07,,0.04,26877,13369.0,13508.0,3.4,46161,919513,14.3,18.3
13147,"Hart, GA",2023,0.03,-0.08,0.0,1.0,-4.32,0.11,0.22,0.55,0.12,0.79,0.01,-4.73,0.23,-0.23,-1.91,1.32,0.22,0.64,-0.02,-0.23,-0.04,27557,13721.0,13836.0,3.4,46368,903030,-1.8,18.1
13149,"Heard, GA",2002,-0.01,0.01,,,,-0.75,,-0.14,0.34,-0.05,0.08,,0.0,0.07,8.54,,0.37,0.02,-0.01,0.26,-0.03,11207,,,5.5,20966,788608,8.9,
13149,"Heard, GA",2003,0.05,-0.02,0.0,-0.02,,2.82,,-0.11,0.51,,-0.19,,-0.04,-0.01,2.72,-0.01,0.0,0.03,0.05,0.26,0.03,11169,,,6.1,20952,814065,3.2,
13149,"Heard, GA",2004,0.0,0.04,0.0,-0.05,,1.14,,0.0,-0.09,0.03,-0.33,,-0.05,-0.01,13.73,-0.06,-0.09,-0.02,0.2,0.26,0.02,11273,,,5.4,21961,925127,13.6,
13149,"Heard, GA",2005,-0.02,-0.03,0.0,0.05,-0.21,-3.25,,0.01,0.45,,-0.02,-0.28,-0.01,0.0,-7.72,0.04,0.2,0.03,0.01,0.26,0.02,11350,,,5.7,22164,857864,-7.3,
13149,"Heard, GA",2006,-0.02,-0.03,0.0,0.02,,-1.51,,0.05,-0.31,,0.0,,0.0,0.0,2.86,0.12,0.05,0.01,0.03,0.26,0.0,11553,,,4.9,22261,879702,2.5,
13149,"Heard, GA",2007,-0.04,0.0,0.01,0.05,,2.61,3.29,,-0.17,,0.0,,,0.0,9.54,0.27,,0.05,-0.01,0.26,-0.01,11618,,,5.0,23297,962113,9.4,
13149,"Heard, GA",2008,-0.02,-0.01,0.0,-0.02,0.26,3.26,1.35,,-0.16,0.0,0.0,0.22,0.02,0.05,13.24,0.26,,0.02,-0.17,0.26,-0.02,11809,,,7.7,23989,1087900,13.1,
13149,"Heard, GA",2009,0.01,0.0,0.0,0.0,-0.91,-0.57,-1.47,,0.32,0.02,,-0.99,0.0,-0.01,-9.84,0.03,,0.01,,-0.23,-0.01,11765,,,13.0,23913,984380,-9.5,
13149,"Heard, GA",2010,,0.01,0.01,,-0.37,-0.51,-0.08,,0.62,,0.01,-0.38,0.0,0.04,22.69,0.15,,0.01,,0.26,,11838,5887.0,5951.0,11.9,24419,1219388,23.9,7.3
13149,"Heard, GA",2011,,0.0,0.0,,-0.35,-3.25,0.75,,-0.42,0.0,,-0.35,0.01,-0.07,8.83,0.13,,-0.01,0.06,0.26,0.01,11729,5858.0,5871.0,11.1,25544,1321978,8.4,7.0
13149,"Heard, GA",2012,0.01,-0.01,0.0,0.0,0.76,-2.25,0.8,0.02,-0.03,0.01,0.02,0.76,0.06,0.04,-2.14,-0.02,-0.7,-0.02,0.03,-0.23,-0.01,11652,5779.0,5873.0,10.2,26520,1293327,-2.2,7.4
13149,"Heard, GA",2013,0.01,0.0,0.0,0.0,0.26,-0.55,0.4,0.03,-0.12,0.01,0.0,0.26,0.11,-0.05,-20.01,-0.04,-0.19,0.0,-0.01,-0.23,-0.03,11564,5764.0,5800.0,9.4,26718,897889,-30.6,8.2
13149,"Heard, GA",2014,-0.02,0.01,0.0,0.0,1.18,1.53,-0.86,,0.23,-0.01,-0.02,1.18,0.07,-0.05,22.69,-0.08,,0.01,0.04,0.26,0.0,11622,5801.0,5821.0,8.0,28342,1158493,29.0,10.4
13149,"Heard, GA",2015,0.0,0.0,0.0,,0.13,-0.99,0.29,-0.05,0.3,-0.01,-0.01,0.13,0.1,-0.08,9.94,0.02,0.27,0.05,-0.01,0.26,0.01,11557,5755.0,5802.0,6.5,29263,1277149,10.2,10.1
13149,"Heard, GA",2016,-0.02,0.0,0.0,0.0,-0.31,-0.16,0.58,-0.12,-0.22,,,-0.31,0.03,0.02,7.01,0.09,-0.51,0.04,-0.07,0.26,,11578,5755.0,5823.0,6.4,30220,1363870,6.8,10.5
13149,"Heard, GA",2017,0.01,0.0,0.0,0.01,0.36,0.01,-0.18,0.0,-0.16,-0.02,,0.36,0.0,0.0,-4.14,0.13,0.35,0.02,0.04,-0.23,,11748,5851.0,5897.0,5.4,31404,1305306,-4.3,10.8
13149,"Heard, GA",2018,0.02,0.0,0.0,,0.1,-0.02,-0.05,0.01,0.01,-0.01,-0.01,0.1,-0.04,-0.03,-15.7,-0.33,-0.15,-0.01,0.06,-0.23,0.02,11801,5878.0,5923.0,4.3,32537,1100592,-15.7,9.8
13149,"Heard, GA",2019,0.0,0.0,0.0,-0.03,-0.69,0.01,,0.01,0.27,,,-0.69,,-0.05,12.0,0.1,0.12,-0.07,-0.11,0.26,,11825,5917.0,5908.0,3.8,34228,1235653,12.3,8.7
13149,"Heard, GA",2020,-0.02,0.0,0.0,-0.01,-0.62,0.11,2.96,0.15,-0.4,0.01,,-0.62,0.0,-0.01,2.15,-0.04,-0.53,0.02,-0.03,0.17,,11445,5691.0,5754.0,7.2,36259,1257258,1.7,9.2
13149,"Heard, GA",2021,0.05,0.0,0.0,0.04,0.61,0.53,-0.75,-0.18,0.04,-0.02,,0.61,0.08,-0.03,-2.53,0.02,0.71,0.05,0.09,-0.23,,11531,5730.0,5801.0,4.3,41117,1225979,-2.5,10.5
13149,"Heard, GA",2022,-0.01,0.0,0.0,0.14,0.48,-0.07,1.23,-0.05,0.06,0.01,0.0,0.48,-0.01,0.03,11.33,0.22,-0.08,-0.03,-0.05,0.26,-0.03,11720,5797.0,5923.0,3.4,41139,1365638,11.4,11.6
13149,"Heard, GA",2023,0.0,0.0,0.0,-0.03,-0.14,-0.24,,0.1,0.04,0.05,,-0.14,,-0.02,2.11,0.04,0.27,0.04,,0.26,,12052,5959.0,6093.0,3.4,41968,1395088,2.2,11.4
13151,"Henry, GA",2002,0.42,-0.12,0.02,0.5,-0.02,-1.32,0.0,0.45,1.52,0.5,0.67,0.06,0.86,0.37,7.24,0.72,2.11,0.94,0.24,0.19,0.14,140747,,,4.2,27889,4112939,8.8,
13151,"Henry, GA",2003,0.34,0.18000000000000002,0.03,0.46,0.03,0.67,-0.37,-0.34,1.25,0.46,-0.39,0.08,0.21,0.19,6.06,0.46,2.64,0.77,0.71,0.07,0.28,150928,,,4.3,28133,4413277,7.3,
13151,"Henry, GA",2004,0.26,0.03,0.05,-0.21,,0.81,0.22,0.21,0.8,0.62,,,1.15,0.05,5.21,-0.11,0.48,0.07,0.34,,0.85,159971,,,4.4,28017,4678384,6.0,
13151,"Henry, GA",2005,0.2,0.09,0.03,0.32,,0.89,-0.3,1.69,0.49,0.33,,,-0.81,0.1,6.69,0.65,2.97,0.85,0.02,,0.93,169607,,,5.3,28964,5014303,7.2,
13151,"Henry, GA",2006,0.26,0.04,0.06,0.38,0.02,-1.28,-0.49,0.69,0.54,0.52,0.09,0.03,-0.76,0.09,1.55,0.72,-1.31,0.6,0.94,0.04,1.33,180304,,,4.5,30614,5119089,2.1,
13151,"Henry, GA",2007,-0.21,0.08,0.1,0.32,-0.09,-2.22,0.08,0.35,0.79,0.6,0.16,-0.15,0.04,0.05,1.57,0.13,0.19,0.12,1.19,0.03,1.04,188736,,,4.4,31950,5240319,2.4,
13151,"Henry, GA",2008,-0.08,-0.09,0.11,0.11,-0.03,-2.4,-0.08,0.22,-0.23,0.13,-0.01,-0.12,-0.79,-0.13,-0.74,0.27,1.61,0.03,0.02,0.08,0.49,194658,,,6.3,32460,5189242,-1.0,
13151,"Henry, GA",2009,-0.19,-0.11,-0.05,-0.25,0.03,-1.89,-0.26,1.17,0.62,0.37,-0.08,0.03,0.53,-0.25,-3.43,-0.53,-0.31,-0.48,-0.73,-0.08,-0.57,199622,,,9.7,31137,5043516,-2.8,
13151,"Henry, GA",2010,0.13,0.09,0.01,0.5,0.02,0.23,0.34,-0.98,-0.18,0.34,0.0,0.02,0.1,-0.05,2.91,1.0,0.32,0.8,-0.12,-0.14,0.83,205042,98383.0,106659.0,10.2,30884,5181289,2.7,24.4
13151,"Henry, GA",2011,0.15,-0.01,0.0,-0.11,-0.04,-1.23,0.25,0.1,-0.55,0.45,-0.16,-0.11,-0.04,0.02,3.45,-0.2,3.83,0.3,,,,206934,99144.0,107790.0,10.1,32342,5331464,2.9,25.2
13151,"Henry, GA",2012,0.04,-0.05,0.02,-0.15,0.0,0.71,0.9,-0.75,-0.15,0.65,0.03,-0.05,-0.67,-0.03,-0.82,-0.23,-2.19,0.15,,,,208047,99732.0,108315.0,9.2,32377,5279822,-1.0,25.0
13151,"Henry, GA",2013,0.16,0.02,0.03,0.21,0.02,0.8,0.2,-0.44,-0.82,0.28,0.67,0.12,0.34,0.01,5.7,0.23,2.0,0.6,0.43,0.13,-0.02,210089,100702.0,109387.0,8.4,33366,5537479,4.9,26.1
13151,"Henry, GA",2014,0.14,0.03,0.0,0.1,-0.02,-0.13,-0.47,0.1,-0.04,0.21,0.26,-0.01,0.12,0.13,-0.45,0.32,-2.11,-0.03,0.91,-0.02,0.1,213059,101887.0,111172.0,7.3,34263,5510143,-0.5,26.2
13151,"Henry, GA",2015,0.18,-0.02,-0.03,-0.3,0.03,1.05,0.17,-0.32,0.36,0.46,0.67,0.05,0.2,0.03,5.16,-0.07,2.23,0.8,0.48,0.1,-0.88,216548,103444.0,113104.0,6.2,35851,5813930,5.5,27.0
13151,"Henry, GA",2016,0.15,-0.06,0.07,0.14,-0.03,1.23,-0.19,-0.4,0.19,0.4,0.56,0.0,0.81,-0.01,3.47,0.2,-0.1,0.57,0.5,0.19,-0.44,221040,105390.0,115650.0,5.5,36956,6026707,3.7,27.5
13151,"Henry, GA",2017,0.2,0.04,0.0,0.36,0.02,0.64,-0.22,-0.07,0.59,0.57,0.12,0.0,0.28,0.02,2.32,0.75,-0.34,0.71,0.09,-0.11,-0.37,225246,107393.0,117853.0,4.8,37810,6202150,2.9,28.0
13151,"Henry, GA",2018,0.65,0.03,0.05,0.98,-0.02,0.67,-0.06,0.05,0.44,0.65,-0.28,-0.07,-0.02,0.04,5.31,1.31,1.58,0.11,0.93,0.0,-0.32,229873,109644.0,120229.0,4.1,39033,6558434,5.7,28.3
13151,"Henry, GA",2019,0.19,-0.01,0.01,0.35,0.0,-0.32,0.05,0.28,-0.04,0.78,0.23,0.02,0.04,0.04,2.66,0.68,-0.01,0.35,0.09,0.04,0.22,234671,111699.0,122972.0,3.7,39757,6730878,2.6,28.5
13151,"Henry, GA",2020,-0.7000000000000002,-0.1,-0.09,-0.08,0.02,0.75,0.28,0.06,-0.45,-0.03,0.14,0.03,0.19,-0.16,2.97,-0.32,0.81,0.57,0.43,0.1,1.02,241867,115286.0,126581.0,7.2,43563,6900016,2.5,28.1
13151,"Henry, GA",2021,0.7700000000000001,0.12,0.02,0.98,,0.55,0.29,0.18,0.48,0.65,0.36,0.02,-0.25,0.0,9.18,1.54,1.92,0.3,1.19,-0.18,1.19,245127,116542.0,128585.0,4.1,46638,7566894,9.7,28.2
13151,"Henry, GA",2022,0.52,0.12,0.04,0.45,-0.03,0.48,0.45,0.01,0.46,0.42,0.49,-0.03,-0.15,0.2,3.76,0.79,,-0.31,0.24,,0.29,248559,117890.0,130669.0,3.2,47590,7885997,4.2,27.5
13151,"Henry, GA",2023,-0.16,0.02,0.0,-0.52,0.0,0.17,-0.26,1.82,0.71,0.4,0.54,0.0,0.0,-0.03,4.75,-0.45,2.14,1.1,-0.46,0.14,-0.24,254934,120799.0,134135.0,3.5,49576,8316003,5.5,28.0
13153,"Houston, GA",2002,0.15,-0.03,0.02,0.3,-0.18,-0.66,-0.41,0.16,2.32,0.33,0.21,-0.18,0.1,0.0,1.18,0.82,0.46,0.18,-0.03,0.03,0.02,116411,,,3.8,28561,5213504,4.1,
13153,"Houston, GA",2003,0.25,0.02,0.06,0.2,,0.86,-0.38,-0.16,1.17,0.1,0.11,,0.19,0.08,3.24,0.83,0.64,0.45,,-0.08,0.23,119396,,,3.7,29872,5443498,4.4,
13153,"Houston, GA",2004,0.01,0.02,0.05,-0.06,-0.07,0.54,,-0.04,-0.4,0.37,0.11,-0.04,,0.08,3.91,1.24,0.34,-0.01,-0.03,-0.11,0.11,123723,,,4.0,30143,5634493,3.5,
13153,"Houston, GA",2005,0.07,0.01,0.01,0.24,0.03,-0.54,,0.38,1.97,0.38,0.1,0.03,,-0.15,2.86,0.85,0.47,0.4,0.15,0.05,0.06,126201,,,4.8,31629,5907040,4.8,
13153,"Houston, GA",2006,0.09,-0.02,0.0,-0.11,,-0.19,0.18,0.19,1.32,0.09,-0.19,,0.55,0.05,0.7,0.45,-0.77,0.25,,0.04,0.0,128978,,,4.2,32938,6026577,2.0,
13153,"Houston, GA",2007,-0.04,0.01,-0.02,-0.05,,-0.16,-0.17,0.19,0.83,0.13,0.07,,0.97,-0.03,1.48,0.01,0.6,-0.27,,0.11,0.09,132373,,,3.9,33823,6165830,2.3,
13153,"Houston, GA",2008,-0.14,-0.06,0.05,-0.07,0.0,-0.37,,0.1,-0.96,0.08,0.05,-0.01,,-0.02,0.32,0.36,1.19,0.08,0.38,-0.06,-0.03,134922,,,5.3,34835,6126254,-0.6,
13153,"Houston, GA",2009,-0.08,0.01,0.04,-0.03,-0.03,-0.66,-0.26,0.57,1.12,0.2,0.08,-0.03,0.02,-0.06,0.28,0.52,0.29,-0.06,-0.03,-0.09,-0.19,137416,,,7.2,35262,6212008,1.4,
13153,"Houston, GA",2010,0.1,0.06,0.07,-0.25,0.02,-0.78,0.12,-0.44,1.9,0.09,0.01,0.02,-0.7,0.17,-0.79,-0.32,0.4,0.15,0.08,0.17,0.01,140414,68314.0,72100.0,8.3,35964,6280781,1.1,24.4
13153,"Houston, GA",2011,0.02,0.01,0.02,0.18,0.0,-0.17,-0.01,0.18,2.01,0.17,-0.06,-0.01,0.16,-0.06,-0.32,-0.58,-0.31,0.06,0.1,0.11,0.07,143557,69790.0,73767.0,8.4,37142,6387170,1.7,24.5
13153,"Houston, GA",2012,-0.01,0.03,0.0,0.13,-0.01,0.25,0.07,0.08,-0.75,0.01,0.15,-0.02,-0.38,-0.01,2.3,0.46,1.39,0.03,-0.05,0.12,0.19,145630,70931.0,74699.0,7.9,37027,6486205,1.6,24.8
13153,"Houston, GA",2013,0.06,0.0,-0.07,0.11,,0.35,0.52,-0.08,-2.3699999999999997,0.13,-0.01,,0.56,0.04,2.42,0.13,0.43,0.42,-0.01,,,147352,71695.0,75657.0,7.5,36662,6459656,-0.4,24.0
13153,"Houston, GA",2014,0.18,-0.02,-0.01,-0.17,-0.1,0.02,-0.05,0.14,0.16,-0.02,-0.09,-0.11,0.54,-0.09,-1.49,-1.05,-0.9,-0.09,0.08,0.1,-0.12,148429,72310.0,76119.0,6.8,37665,6373513,-1.3,23.2
13153,"Houston, GA",2015,0.07,-0.03,-0.09999999999999999,-0.03,0.12,0.43,-0.07,-0.18,-0.29,0.16,-0.01,0.11,0.81,0.12,2.17,0.3,1.05,0.26,-0.1,0.02,-0.44,149197,72691.0,76506.0,5.9,39104,6493462,1.9,23.5
13153,"Houston, GA",2016,0.05,0.0,-0.01,0.05,0.04,0.27,0.16,-0.21,0.67,0.24,-0.07,0.04,0.6,-0.09,0.4,-0.05,-0.6,0.22,-0.42,0.26,-0.04,151287,73451.0,77836.0,5.1,39394,6562815,1.1,24.0
13153,"Houston, GA",2017,0.11,0.02,-0.02,0.29,0.0,0.48,0.34,-0.14,1.02,-0.25,-0.08,0.0,0.52,0.05,2.17,0.61,0.82,0.23,-0.08,-0.23,-0.11,152757,73995.0,78762.0,4.5,40513,6772148,3.2,25.4
13153,"Houston, GA",2018,0.17,-0.04,0.01,0.25,-0.04,0.12,-0.13,0.05,0.96,0.09,0.02,-0.04,-0.34,0.03,0.57,0.44,-0.11,0.24,-0.05,,,155004,75005.0,79999.0,3.9,41636,6875490,1.5,27.3
13153,"Houston, GA",2019,0.16,-0.02,0.01,0.09,0.0,0.28,-0.13,0.23,0.95,0.29,0.04,0.0,-0.48,-0.02,2.04,1.82,-0.21,0.06,-0.01,0.02,0.01,157427,76014.0,81413.0,3.3,42824,7080928,3.0,28.3
13153,"Houston, GA",2020,-0.57,-0.05,0.03,-0.14,-0.01,0.07,,0.1,0.07,-0.07,-0.06,-0.02,,-0.09,-0.07,-0.08,0.92,0.14,0.08,-0.04,0.04,164358,79708.0,84650.0,5.0,45484,7081347,0.0,31.0
13153,"Houston, GA",2021,0.62,0.05,0.08,0.0,,0.36,,0.09,1.07,0.29,0.09,-0.08,,0.04,3.08,0.56,-0.07,0.23,0.14,,,167245,81046.0,86199.0,3.5,49419,7375265,4.2,31.2
13153,"Houston, GA",2022,0.29,0.06,0.01,0.26,0.0,0.05,-0.01,-0.17,-0.92,0.12,0.04,0.0,0.29,-0.09,2.85,1.1,0.83,-0.25,0.07,0.26,0.01,169791,82250.0,87541.0,3.1,48502,7517685,1.9,32.0
13153,"Houston, GA",2023,-0.11,0.01,-0.02,0.1,-0.06,0.11,0.12,-0.04,-0.45,0.37,0.03,-0.06,-0.39,-0.1,1.31,0.21,0.62,0.67,0.2,-0.23,0.03,171955,83024.0,88931.0,2.9,50250,7582120,0.9,32.3
13155,"Irwin, GA",2002,-0.05,0.07,0.0,0.15,3.45,0.12,-1.49,-0.06,-0.78,-0.59,,3.45,-1.87,,0.3,0.24,-0.55,0.12,0.24,0.26,,9775,,,5.7,22499,235863,-0.5,
13155,"Irwin, GA",2003,0.12,-0.17,0.0,0.01,1.94,1.4,1.34,-0.19,0.07,-0.75,-0.55,1.94,-1.21,,1.03,,-0.84,0.16,-0.56,0.08,0.3,9777,,,6.0,22842,238446,1.1,
13155,"Irwin, GA",2004,-0.01,0.06,0.0,0.15,-4.32,-0.69,3.29,-0.35,-0.6,-0.38,-0.5900000000000001,-4.869999999999999,-1.28,,-12.65,0.01,-1.06,0.05,,0.14,,9402,,,4.7,23001,206845,-13.3,
13155,"Irwin, GA",2005,-0.64,-0.06,0.01,,4.29,-1.25,3.04,-0.04,1.32,0.32,,4.79,0.58,0.13,11.9,,0.86,-0.03,,-0.1,0.15,9779,,,5.7,24186,234190,13.2,
13155,"Irwin, GA",2006,-0.1,,-0.01,0.37,-4.32,-0.32,1.49,,-0.6,-0.58,,-4.869999999999999,-0.55,-0.14,-8.77,0.45,,0.33,,-0.01,,9852,,,5.0,23330,212244,-9.4,
13155,"Irwin, GA",2007,-0.23,0.08,0.09,-0.32,1.09,2.05,-1.36,-0.17,-0.6,0.44,0.16,1.09,0.99,-0.37,3.45,-0.46,1.26,-0.12,-0.24,0.17,0.07,9493,,,6.1,25071,218281,2.8,
13155,"Irwin, GA",2008,-0.07,0.01,0.05,-0.74,3.37,-3.25,-2.87,0.36,-0.21,0.5,0.18,3.37,-0.33,-0.4,-0.66,-0.53,2.51,0.73,-0.23,0.02,-0.13,9803,,,10.1,25204,216370,-0.9,
13155,"Irwin, GA",2009,0.13,,0.07,,3.56,-0.94,-2.87,,1.67,-1.2700000000000002,,3.56,0.87,,-4.39,-0.56,,0.75,-0.03,-0.23,-0.2,9536,,,15.1,25485,210494,-2.7,
13155,"Irwin, GA",2010,-0.06,0.18000000000000002,-0.03,,-2.96,-0.31,,0.19,1.07,-0.33,-0.04,-2.96,,,-0.68,-0.26,1.86,0.63,,0.14,,9577,4868.0,4709.0,14.5,26050,211320,0.4,9.2
13155,"Irwin, GA",2011,-0.02,-0.17,-0.09999999999999999,-0.01,4.29,2.01,0.31,1.04,1.11,1.5300000000000002,-0.12,4.79,-0.48,-0.06,14.16,-0.04,1.77,-0.39,0.07,0.18,-0.55,9677,4964.0,4713.0,13.5,29307,243585,15.3,7.5
13155,"Irwin, GA",2012,-0.03,-0.17,-0.07,,-4.32,-0.25,-0.07,-0.07,-0.72,-0.06,-0.21,-4.869999999999999,-0.8,0.09,-10.03,-0.05,-2.94,-0.05,0.28,-0.1,-0.11,9598,4917.0,4681.0,11.5,27490,217397,-10.8,7.9
13155,"Irwin, GA",2013,-0.02,,,,-4.32,-0.4,,,-2.3699999999999997,,,-4.869999999999999,,-0.01,-8.73,0.19,,0.0,0.18,-0.04,-0.2,9345,4791.0,4554.0,10.6,28007,191948,-11.7,10.3
13155,"Irwin, GA",2014,-0.01,-0.03,-0.01,,-4.32,-0.43,1.12,0.27,-2.3699999999999997,-1.2700000000000002,0.07,-4.869999999999999,-0.57,0.06,-8.21,1.98,0.64,-0.22,0.28,-0.23,-0.09,9077,4605.0,4472.0,9.6,28275,169737,-11.6,10.7
13155,"Irwin, GA",2015,-0.08,-0.12,-0.02,-0.4,1.19,0.89,1.52,,-0.37,-0.19,0.67,1.19,-1.68,0.06,2.1,-0.36,,-0.06,0.35,0.04,-0.02,9137,4651.0,4486.0,8.5,30630,172662,1.7,10.6
13155,"Irwin, GA",2016,-0.1,,0.0,0.92,3.09,1.43,0.34,-0.63,-1.92,-0.26,,3.09,-0.42,0.09,4.87,0.8,0.69,0.48,,0.26,0.04,9307,4829.0,4478.0,6.6,30216,177762,3.0,11.1
13155,"Irwin, GA",2017,-0.03,-0.01,0.03,1.12,4.29,-0.16,2.68,-0.33,0.31,0.43,-0.22,4.79,-0.48,-0.02,7.82,1.98,-2.9,0.3,-0.09,-0.23,-0.23,9362,4880.0,4482.0,5.9,31120,192222,8.1,13.1
13155,"Irwin, GA",2018,0.1,0.01,-0.02,0.72,-1.87,1.95,-0.72,-0.13,0.3,-0.82,,-1.87,-0.01,,2.77,1.46,1.3,0.87,0.49,0.07,0.08,9395,4896.0,4499.0,4.8,32128,198125,3.1,14.3
13155,"Irwin, GA",2019,0.07,0.0,0.0,0.43,4.29,1.1,0.37,0.92,-0.57,-0.4,0.01,4.79,-0.02,,8.76,0.2,,-0.55,0.49,0.0,0.42,9442,4986.0,4456.0,4.0,34311,214357,8.2,15.1
13155,"Irwin, GA",2020,-0.11,-0.01,-0.02,-0.13,,1.21,-0.62,0.1,-0.05,-0.44,,,,-0.25,-2.44,-0.11,,0.54,-0.11,0.02,0.37,9650,5014.0,4636.0,4.8,37260,209027,-2.5,17.2
13155,"Irwin, GA",2021,0.08,,0.0,-0.89,,,,0.08,0.26,1.5300000000000002,,,,0.16,5.84,-0.89,2.22,0.1,0.93,-0.23,0.28,9376,4744.0,4632.0,3.8,42700,221783,6.1,17.1
13155,"Irwin, GA",2022,0.01,,-0.01,-0.98,-2.27,,0.63,-0.65,-0.06,0.45,0.04,,0.01,-0.08,-2.37,-0.96,,0.0,-1.2399999999999998,-0.12,-0.12,9121,4534.0,4587.0,3.2,44027,216377,-2.4,16.8
13155,"Irwin, GA",2023,,,,0.93,0.09,-2.15,-1.37,0.42,-0.71,,-0.03,0.09,-0.06,-0.22,0.06,1.28,0.24,0.82,0.16,0.05,0.59,9123,4513.0,4610.0,3.2,45263,214978,-0.6,16.6
13157,"Jackson, GA",2002,,,,,-3.04,-0.08,-0.12,-0.13,0.78,,-0.03,-3.01,-2.43,0.11,-3.24,,0.64,0.71,0.12,0.26,0.88,44940,,,5.2,24811,1490232,-2.5,
13157,"Jackson, GA",2003,0.04,0.14,,,-0.31,-0.02,0.72,-0.01,0.49,,-0.04,-0.33,-1.2,0.19,3.4,,0.9,1.98,-0.07,-0.23,1.16,46230,,,4.5,26069,1548272,3.9,
13157,"Jackson, GA",2004,0.7700000000000001,0.18000000000000002,,,,-0.02,1.34,0.13,0.18,,0.0,,1.38,0.19,11.47,0.73,0.36,-0.52,1.35,0.1,1.56,48288,,,4.3,27486,1728530,11.6,
13157,"Jackson, GA",2005,-0.7000000000000002,0.18000000000000002,-0.03,0.23,,3.26,0.59,1.07,0.56,0.22,0.02,,1.76,0.33,11.82,,-0.06,1.37,0.42,0.02,1.54,50607,,,4.7,28784,1942676,12.4,
13157,"Jackson, GA",2006,0.27,0.11,-0.01,0.6,-1.57,1.56,2.25,-0.58,0.36,-0.01,-0.16,-1.52,-0.47,0.05,4.5,0.82,-0.56,1.78,0.04,0.05,0.87,54037,,,4.1,29389,2037192,4.9,
13157,"Jackson, GA",2007,-0.09,-0.1,-0.08,0.43,-4.32,-3.25,-0.05,0.26,0.6,0.0,0.05,-4.42,0.72,-0.07,-4.36,0.48,1.22,-0.32,0.11,0.26,1.0,57521,,,4.2,29877,1960534,-3.8,
13157,"Jackson, GA",2008,0.09,-0.02,0.01,0.11,0.55,-3.25,0.62,0.53,-0.06,0.21,0.09,0.4,-1.5,-0.16,-2.57,0.27,0.21,0.41,-0.26,-0.14,0.21,59420,,,6.4,29967,1908978,-2.6,
13157,"Jackson, GA",2009,0.06,-0.01,0.01,-0.19,0.1,-2.3,-1.13,0.78,-0.1,0.04,0.06,0.02,-0.63,-0.1,-4.0,-0.23,0.63,-0.67,0.22,0.05,-0.8,60052,,,11.1,28726,1830778,-4.1,
13157,"Jackson, GA",2010,0.1,-0.04,0.02,0.1,-0.96,-0.75,2.06,-0.15,-1.04,0.67,-0.01,-0.96,-0.56,0.08,4.8,0.3,1.56,0.68,0.71,0.26,0.7,60706,30100.0,30606.0,10.3,29239,1899546,3.8,17.7
13157,"Jackson, GA",2011,0.14,0.04,0.05,0.13,-1.08,-0.05,1.38,0.3,-0.4,0.37,0.04,-1.17,1.77,-0.09,2.13,0.4,-1.51,0.67,,-0.14,,60985,30247.0,30738.0,9.4,30487,1932393,1.7,17.6
13157,"Jackson, GA",2012,0.18,0.04,0.03,0.64,2.99,1.57,2.03,0.23,-0.01,0.18,0.26,2.98,-0.54,-0.01,13.74,,4.36,1.03,-0.44,,,60860,30162.0,30698.0,8.1,32354,2197864,13.7,18.7
13157,"Jackson, GA",2013,0.06,0.07,-0.01,0.7,,-1.32,2.45,-0.34,-0.35,0.07,0.48,,0.6,0.07,2.91,0.19,1.14,-1.26,,,,61286,30399.0,30887.0,6.9,33269,2254046,2.6,19.5
13157,"Jackson, GA",2014,0.07,-0.16,0.01,0.37,,0.09,1.87,-0.1,-0.22,-0.16,0.23,,0.2,0.25,5.11,,0.34,-0.94,0.47,0.26,0.81,62125,30817.0,31308.0,5.9,34551,2364321,4.9,18.6
13157,"Jackson, GA",2015,-0.14,-0.1,0.0,0.02,0.53,1.47,1.35,-0.18,0.12,0.29,0.11,0.53,-0.02,0.11,9.86,0.18,2.83,-0.24,0.81,0.26,1.7400000000000002,63439,31394.0,32045.0,4.9,36443,2600205,10.0,19.2
13157,"Jackson, GA",2016,-0.1,0.0,0.01,0.48,-0.76,3.26,1.78,-0.02,0.1,0.15,-0.09,-0.74,-0.29,0.07,9.17,0.75,0.39,0.19,,0.26,,65091,32182.0,32909.0,4.6,39388,2841311,9.3,19.1
13157,"Jackson, GA",2017,0.01,-0.03,-0.01,0.56,0.28,0.22,2.76,-0.32,0.34,0.08,-0.07,0.31,-0.22,-0.01,8.25,0.42,2.84,0.17,0.92,-0.23,1.7400000000000002,67681,33400.0,34281.0,4.0,40975,3085438,8.6,19.7
13157,"Jackson, GA",2018,0.16,0.0,0.0,0.14,0.24,0.18,0.54,-0.14,0.22,-0.01,0.22,0.27,-0.88,0.1,5.37,0.19,2.88,0.37,0.82,0.14,0.52,70347,34773.0,35574.0,3.3,42792,3257952,5.6,21.0
13157,"Jackson, GA",2019,0.17,-0.01,0.01,-0.34,-1.02,3.06,-0.38,-0.35,0.34,-0.09,0.07,-0.99,-0.62,-0.05,1.67,-0.43,0.39,1.16,-0.11,0.25,-0.42,73015,36126.0,36889.0,3.0,44010,3323357,2.0,22.7
13157,"Jackson, GA",2020,-0.2,-0.03,-0.01,0.12,-0.85,2.57,1.96,-0.06,-0.2,-0.15,-0.13,-0.82,1.69,0.05,8.99,0.38,1.28,1.4,0.79,0.26,-0.01,76740,38145.0,38595.0,4.8,46597,3615363,8.8,23.5
13157,"Jackson, GA",2021,0.28,0.1,0.02,0.63,0.62,0.47,2.34,0.4,0.31,0.22,0.21,0.47,0.24,0.08,10.65,1.09,3.59,0.37,1.29,-0.23,0.2,80394,39964.0,40430.0,2.7,52143,4011740,11.0,25.0
13157,"Jackson, GA",2022,0.02,0.04,0.0,-0.19,1.3,-1.16,2.09,0.04,0.48,0.19,-0.12,1.29,1.21,0.19,12.63,,,-0.32,1.35,0.23,,84102,41704.0,42398.0,2.4,56230,4537637,13.1,26.5
13157,"Jackson, GA",2023,0.02,0.0,0.0,-0.34,-1.12,-0.57,0.24,0.27,0.26,0.2,-0.02,-1.09,-0.39,-0.06,-2.47,,,0.78,-0.65,-0.08,,88723,43897.0,44826.0,2.6,58834,4436998,-2.2,27.3
13159,"Jasper, GA",2002,0.08,0.03,0.05,0.3,-3.14,-0.45,-0.34,0.11,0.68,0.21,0.12,-3.06,0.11,0.19,-1.58,0.48,0.43,0.11,,0.07,,12027,,,4.7,23170,260397,-0.9,
13159,"Jasper, GA",2003,,,0.0,-0.08,0.51,-0.28,-1.13,-0.43,0.33,0.24,-0.25,-0.25,2.365,-0.06,8.21,-0.08,-0.21,0.39,,0.26,,12417,,,5.1,23274,282614,8.5,
13159,"Jasper, GA",2004,-0.02,0.05,0.02,0.38,4.29,-0.44,-1.49,-0.07,-0.5,0.38,-0.23,4.79,-1.88,0.1,5.99,0.7,-0.74,-0.11,0.61,-0.11,0.33,12588,,,5.0,25749,298146,5.5,
13159,"Jasper, GA",2005,,,-0.04,-0.74,0.97,1.44,,1.69,0.04,0.14,,-1.67,,-0.15,1.99,-0.87,0.59,0.2,,0.05,0.04,12985,,,5.0,26498,304188,2.0,
13159,"Jasper, GA",2006,0.12,0.02,0.03,-0.27,-3.18,-1.47,0.73,0.06,-0.2,0.37,,-4.73,-2.43,0.02,-6.9,-0.43,1.96,-0.08,,-0.23,,13370,,,4.7,27618,282583,-7.1,
13159,"Jasper, GA",2007,0.02,0.01,0.09,0.09,2.06,-0.75,-0.43,-0.3,0.24,0.0,-0.17,3.19,0.55,-0.02,0.44,-0.24,-1.34,-0.11,0.26,-0.23,0.15,13569,,,4.8,29188,284511,0.7,
13159,"Jasper, GA",2008,-0.2,-0.02,0.11,-0.44,-1.14,-0.3,-2.87,0.02,-0.29,0.29,0.06,-4.45,-0.33,-0.11,-12.3,-0.61,1.77,0.07,-0.9,0.15,-1.5500000000000005,13769,,,8.5,29335,248687,-12.6,
13159,"Jasper, GA",2009,-0.33,-0.05,0.08,0.25,0.22,-0.56,-2.87,1.17,0.08,0.02,0.0,-2.11,-0.72,-0.22,-5.17,0.11,2.19,-0.05,-0.3,0.26,-0.54,13842,,,12.5,28173,236020,-5.1,
13159,"Jasper, GA",2010,0.14,-0.02,-0.09999999999999999,-0.15,0.67,2.73,,-1.13,-0.35,-0.26,0.16,0.69,,-0.36,2.53,-0.15,-0.92,0.72,-0.28,-0.01,-0.21,13888,6917.0,6971.0,11.6,28174,241164,2.2,13.3
13159,"Jasper, GA",2011,-0.13,0.04,-0.09999999999999999,0.37,,,,0.35,-0.2,-0.25,0.05,,,-0.27,-3.31,0.58,1.48,0.15,,-0.23,,13832,6855.0,6977.0,10.8,27704,232687,-3.5,16.7
13159,"Jasper, GA",2012,0.18,0.02,-0.07,0.94,,,0.16,0.12,-0.69,-0.04,0.03,,0.08,-0.12,16.05,0.77,5.42,0.4,-0.32,-0.23,-0.2,13638,6723.0,6915.0,9.6,30194,268435,15.4,14.3
13159,"Jasper, GA",2013,,,,-0.06,-0.37,-1.63,-0.51,-0.34,-0.46,0.38,-0.05,-0.37,-0.08,0.08,-2.46,-0.13,-1.16,-0.08,0.05,,0.04,13594,6681.0,6913.0,8.2,30114,260590,-2.9,13.3
13159,"Jasper, GA",2014,,,,-0.34,3.07,-0.02,-0.51,0.27,0.2,0.22,-0.08,3.07,0.43,0.08,2.33,-0.31,0.14,-0.24,-0.17,,0.12,13530,6611.0,6919.0,6.7,32263,267199,2.5,14.0
13159,"Jasper, GA",2015,-0.05,-0.05,-0.09999999999999999,-0.27,,,-0.01,-0.75,0.61,0.45,,,0.79,0.01,-0.06,-0.02,1.83,-0.49,0.37,,0.76,13679,6699.0,6980.0,5.6,33386,268671,0.6,11.9
13159,"Jasper, GA",2016,0.04,-0.02,0.05,-0.87,,,0.69,-0.91,-0.02,-0.05,-0.11,,1.18,-0.26,-1.1,-0.93,0.49,0.1,-0.06,-0.23,0.28,13776,6754.0,7022.0,5.3,35100,265681,-1.1,10.4
13159,"Jasper, GA",2017,0.02,-0.04,0.0,,-0.31,0.42,1.89,-0.43,0.4,0.14,-0.09,-0.31,1.13,0.06,2.17,-0.07,-1.68,0.41,0.15,0.09,0.49,13881,6816.0,7065.0,4.8,38585,272508,2.6,10.5
13159,"Jasper, GA",2018,0.18,-0.03,-0.09999999999999999,0.36,-1.84,1.46,-0.43,-0.58,-0.16,0.63,-0.02,-1.84,0.19,0.05,-2.49,0.65,-2.84,0.27,0.04,0.18,-0.25,14024,6903.0,7121.0,3.9,37018,265295,-2.6,10.8
13159,"Jasper, GA",2019,0.34,0.02,-0.08,0.19,-2.09,0.05,-2.35,0.71,0.1,0.43,0.02,-2.09,-0.12,0.22,2.43,0.58,4.28,0.62,-0.77,-0.09,0.66,14207,6991.0,7216.0,3.6,39410,272016,2.5,14.2
13159,"Jasper, GA",2020,-0.4,0.01,-0.05,,-1.95,0.93,0.68,-0.05,-0.19,0.32,0.0,-1.95,-0.19,0.04,-0.41,-0.32,-0.26,-0.08,0.04,0.26,0.05,14670,7262.0,7408.0,5.3,42240,270399,-0.6,14.6
13159,"Jasper, GA",2021,0.02,0.07,0.11,0.16,-0.01,0.53,1.62,0.09,0.47,0.51,-0.05,-0.01,0.42,-0.05,2.76,0.35,-0.24,-0.07,-0.18,-0.23,-0.03,15275,7550.0,7725.0,3.5,46208,279130,3.2,16.1
13159,"Jasper, GA",2022,0.33,0.09,0.11,0.73,1.23,-0.34,-0.75,-0.19,0.44,-1.2700000000000002,0.02,1.23,-0.58,0.65,5.79,1.28,5.19,-0.37,0.32,-0.01,0.31,15985,7897.0,8088.0,2.9,47025,296496,6.2,18.3
13159,"Jasper, GA",2023,-0.13,-0.01,0.07,-0.12,-0.77,0.3,-0.85,0.29,0.64,0.0,0.02,-0.77,-0.33,-0.25,0.89,0.28,1.81,0.52,-0.05,0.05,-0.06,16496,8135.0,8361.0,3.1,49780,301042,1.5,19.9
13161,"Jeff Davis, GA",2002,0.44,0.03,0.0,-0.02,-2.01,-0.04,-0.3,-0.22,0.18,-0.01,0.16,-2.01,-1.01,0.1,-1.4,0.48,0.7,0.83,-0.58,0.1,-0.09,13088,,,8.3,20841,369088,-1.2,
13161,"Jeff Davis, GA",2003,-0.35,-0.15,-0.01,0.07,3.25,-0.11,-0.62,-0.55,-0.1,0.17,-0.17,3.25,1.87,0.21,3.85,0.57,0.55,-0.6,-0.55,-0.1,0.44,13234,,,7.6,21630,382957,3.8,
13161,"Jeff Davis, GA",2004,,,0.0,-0.34,-1.46,1.69,0.36,-0.38,-0.64,0.02,-0.17,-1.46,2.365,0.08,6.11,-0.61,0.43,-0.42,,0.05,,13433,,,7.1,22116,403922,5.5,
13161,"Jeff Davis, GA",2005,,,-0.01,0.27,0.2,-0.39,0.55,0.35,0.12,-0.06,0.1,0.2,-2.43,0.12,-4.56,0.42,0.69,0.72,,-0.03,0.38,13729,,,7.0,22612,385961,-4.4,
13161,"Jeff Davis, GA",2006,-0.11,-0.05,0.0,-0.28,1.21,-1.22,0.07,-0.16,-0.21,-0.06,-0.05,1.21,1.18,-0.26,0.19,0.07,-0.64,-0.03,-0.04,0.0,0.3,14028,,,7.1,23370,385885,0.0,
13161,"Jeff Davis, GA",2007,-0.29,0.0,0.01,0.24,-0.22,-0.9,0.39,0.03,-0.2,0.07,0.0,-0.22,-0.67,-0.22,-0.27,-0.18,1.73,-0.86,0.04,0.01,0.8,14204,,,6.8,24421,384065,-0.5,
13161,"Jeff Davis, GA",2008,-0.18,-0.03,0.03,,-1.04,0.08,1.24,0.22,-0.62,0.0,-0.14,-1.04,-2.43,-0.23,-3.39,-0.07,0.46,0.26,-0.71,0.02,0.57,14577,,,10.0,24024,368651,-4.0,
13161,"Jeff Davis, GA",2009,,,0.02,-0.07,0.89,-0.15,-0.4,1.31,-0.16,0.12,-0.2,0.89,-2.43,-0.11,-2.08,,1.61,-0.62,-0.88,-0.03,-0.69,14892,,,13.8,23738,360373,-2.2,
13161,"Jeff Davis, GA",2010,0.05,0.18000000000000002,0.07,0.07,-1.25,1.91,3.29,-0.98,0.16,0.04,-0.11,-1.25,-0.32,0.08,9.82,0.49,2.35,0.51,0.8,0.01,1.36,15112,7493.0,7619.0,12.6,24487,396351,10.0,11.5
13161,"Jeff Davis, GA",2011,0.04,-0.08,-0.06,0.04,1.35,-0.86,1.8,0.74,0.12,-0.11,-0.1,1.35,-1.32,-0.06,2.54,-0.07,-0.25,0.1,0.72,-0.01,0.72,15161,7516.0,7645.0,12.3,26476,406870,2.7,11.6
13161,"Jeff Davis, GA",2012,-0.05,-0.12,-0.04,0.01,-0.2,-0.01,3.29,0.33,-0.06,-0.04,0.0,-0.2,-0.37,0.03,0.98,-0.78,-2.89,0.16,-0.87,-0.06,1.17,15194,7511.0,7683.0,11.3,26925,410600,0.9,11.4
13161,"Jeff Davis, GA",2013,,,0.07,-0.02,-2.18,0.56,,-0.2,-0.27,0.44,0.03,-2.18,,-0.44,-2.23,,-1.04,0.32,0.45,0.0,0.39,15041,7440.0,7601.0,9.9,27966,400355,-2.5,9.6
13161,"Jeff Davis, GA",2014,0.15,0.07,0.08,-0.24,-0.17,2.15,-2.66,0.37,-0.23,-0.41,-0.02,-0.17,1.75,0.0,0.06,-0.13,0.94,-1.78,-0.14,0.0,0.24,14927,7384.0,7543.0,8.2,28785,399673,-0.2,9.0
13161,"Jeff Davis, GA",2015,,,0.08,-0.07,0.68,-2.26,-0.31,-0.46,0.21,0.02,,0.68,0.01,-0.22,-2.51,-0.18,0.77,-0.3,-0.14,0.11,-0.11,15012,7390.0,7622.0,6.8,28994,390495,-2.3,9.7
13161,"Jeff Davis, GA",2016,-0.33,-0.12,,-0.06,-1.08,-0.93,-1.06,-0.36,-0.09,,-0.07,-1.08,0.15,-0.06,-4.34,-0.05,-1.12,0.23,-0.82,0.26,0.73,14954,7322.0,7632.0,6.9,28542,373227,-4.4,10.7
13161,"Jeff Davis, GA",2017,-0.12,-0.17,-0.02,-0.02,1.97,-0.03,0.65,-0.56,0.58,-0.46,0.01,1.97,0.22,0.28,0.93,-0.17,-0.56,-0.2,-0.13,0.26,-1.06,15033,7408.0,7625.0,6.5,28710,378884,1.5,10.3
13161,"Jeff Davis, GA",2018,0.15,0.0,-0.09999999999999999,0.01,1.41,0.04,0.87,-0.45,-0.18,0.1,-0.1,1.41,-0.2,0.0,1.99,0.59,-0.21,0.15,0.64,0.04,-0.89,15015,7454.0,7561.0,5.2,30233,385768,1.8,10.0
13161,"Jeff Davis, GA",2019,0.09,0.0,,,3.2,0.17,2.26,0.21,0.46,0.08,,3.2,-0.3,-0.01,2.73,0.71,-0.91,0.07,-0.65,0.18,-1.5500000000000005,15101,7460.0,7641.0,5.0,31906,398084,3.2,10.3
13161,"Jeff Davis, GA",2020,-0.05,0.0,,-0.33,-0.47,0.13,3.29,-0.23,-0.16,-0.14,,-0.47,-0.2,-0.03,3.43,-0.49,-1.24,-0.23,,0.26,-0.57,14802,7375.0,7427.0,5.4,34951,411096,3.3,11.0
13161,"Jeff Davis, GA",2021,0.16,0.04,,0.56,-0.39,0.15,2.83,-0.4,0.76,0.04,,-0.39,-1.14,-0.16,6.76,0.8,1.32,0.13,,0.26,-1.14,14865,7376.0,7489.0,4.2,37926,442001,7.5,12.8
13161,"Jeff Davis, GA",2022,0.2,-0.01,,0.19,0.95,0.14,-0.03,-0.16,0.05,-0.03,,0.95,-0.37,0.04,6.35,0.46,0.69,-0.22,,0.26,0.31,14909,7398.0,7511.0,3.9,37649,470255,6.4,11.5
13161,"Jeff Davis, GA",2023,0.04,0.0,0.0,-0.06,-1.24,-0.03,2.98,0.04,0.21,0.12,0.28,-1.24,-0.78,-0.16,2.23,0.17,-0.05,0.76,0.02,-0.21,0.29,14927,7444.0,7483.0,4.6,38657,481741,2.4,11.5
13163,"Jefferson, GA",2002,,,0.01,0.76,-2.31,0.3,1.3,0.49,0.58,0.01,0.18,-2.37,0.05,0.11,1.01,,-0.03,0.35,-0.18,0.2,-0.03,17091,,,8.9,20015,527495,1.6,
13163,"Jefferson, GA",2003,0.23,,0.02,,2.25,3.0,-2.87,-0.23,0.39,0.25,-0.08,4.21,0.13,0.01,4.17,-0.03,-0.49,0.41,,-0.08,0.42,17019,,,8.1,20837,551538,4.6,
13163,"Jefferson, GA",2004,,,0.02,0.17,-0.96,-1.77,,-0.07,-0.6,-0.11,-0.24,2.35,,0.13,8.58,,-0.23,0.06,,0.13,0.59,16988,,,7.9,21838,595539,8.0,
13163,"Jefferson, GA",2005,0.09,,-0.01,-0.64,1.13,-0.8,,0.37,0.19,-0.22,0.12,-0.71,,-0.11,-1.27,,0.29,-0.11,-0.06,-0.01,1.26,16924,,,8.4,22461,589126,-1.1,
13163,"Jefferson, GA",2006,0.08,-0.09,-0.01,0.43,0.95,-0.6,2.57,-0.97,-0.44,-0.14,-0.04,0.04,-0.92,0.02,2.29,1.85,0.32,-0.04,0.24,0.05,-0.07,16889,,,6.4,23364,600031,1.9,
13163,"Jefferson, GA",2007,,,-0.01,0.05,-3.21,0.33,-1.44,0.53,-0.41,0.12,0.05,-4.869999999999999,-2.43,-0.11,-10.44,-0.13,0.2,-0.54,,0.02,-0.04,16830,,,7.1,24100,534933,-10.8,
13163,"Jefferson, GA",2008,-0.07,-0.05,0.0,,1.13,-0.53,1.55,1.35,-0.76,0.23,-0.02,1.66,-0.34,-0.18,5.38,0.45,1.48,0.07,-0.11,0.11,-0.22,16925,,,10.0,25733,559629,4.6,
13163,"Jefferson, GA",2009,-0.09,0.02,0.01,-0.37,1.54,0.2,-2.87,1.28,0.4,0.29,-0.05,0.32,-0.13,-0.02,-5.12,-0.44,-0.13,-0.04,-0.16,-0.05,-0.23,17067,,,14.5,25917,533238,-4.7,
13163,"Jefferson, GA",2010,-0.04,0.18000000000000002,-0.01,,-3.09,0.78,3.29,-1.07,-0.23,-0.2,-0.06,-4.869999999999999,-0.03,-0.03,0.0,-0.26,0.21,0.19,0.41,0.0,0.35,16872,8171.0,8701.0,13.9,25870,532037,-0.2,8.7
13163,"Jefferson, GA",2011,0.0,-0.05,-0.02,-0.05,2.27,-0.02,0.0,0.05,-0.03,0.22,-0.12,-3.22,-0.11,0.03,-1.49,-0.01,1.26,-0.14,0.23,0.11,0.29,16772,8140.0,8632.0,13.0,27592,523936,-1.5,8.5
13163,"Jefferson, GA",2012,-0.06,,0.0,-0.02,0.1,1.33,0.85,-0.2,-0.46,-0.01,-0.03,-2.23,0.07,0.0,-1.99,-0.18,-1.56,0.26,,-0.03,-0.25,16351,7845.0,8506.0,13.0,27866,511061,-2.5,8.7
13163,"Jefferson, GA",2013,-0.02,,-0.01,0.12,4.04,-0.44,-2.87,-0.23,-0.68,-0.07,-0.04,4.79,0.18,0.13,3.85,0.24,1.44,0.25,,0.21,0.41,16245,7860.0,8385.0,13.9,27732,527260,3.2,8.8
13163,"Jefferson, GA",2014,-0.07,0.01,0.0,,-3.71,-1.09,0.95,0.0,-0.12,-0.04,-0.01,-3.0,0.13,0.16,-4.89,0.36,-1.37,-0.09,-0.42,-0.18,-0.23,16127,7821.0,8306.0,11.3,28019,500873,-5.0,9.2
13163,"Jefferson, GA",2015,0.03,-0.06,-0.04,0.25,1.48,-0.21,-0.57,-0.59,-0.22,-0.08,0.02,0.61,0.16,-0.11,0.87,0.38,0.61,0.1,0.4,0.02,0.19,15926,7753.0,8173.0,9.2,29045,504124,0.6,10.1
13163,"Jefferson, GA",2016,0.03,,0.0,0.2,0.96,0.43,-0.7,-0.58,-0.14,1.06,,3.59,1.58,-0.38,5.35,0.43,-0.02,0.02,,0.26,-0.52,15773,7629.0,8144.0,7.5,30426,530420,5.2,10.4
13163,"Jefferson, GA",2017,0.0,-0.04,-0.03,0.0,-2.82,-0.39,-0.11,-0.2,0.11,-0.17,-0.01,1.05,1.25,-0.22,1.55,0.06,-0.63,0.34,0.99,-0.23,-0.1,15638,7535.0,8103.0,6.3,32049,539207,1.7,10.6
13163,"Jefferson, GA",2018,0.01,,0.0,-0.31,-1.86,0.64,-1.95,-0.45,-0.46,-0.02,,-3.19,-0.07,-0.09,-5.9,-0.04,-0.38,0.01,-0.08,-0.03,-0.32,15423,7459.0,7964.0,5.4,32043,504913,-6.4,11.0
13163,"Jefferson, GA",2019,-0.24,0.0,-0.03,-0.11,1.75,0.73,0.05,0.11,-0.28,-0.37,0.05,2.24,-0.06,0.04,3.95,0.18,1.02,0.17,-0.15,0.1,0.1,15344,7439.0,7905.0,5.0,33740,523414,3.7,9.9
13163,"Jefferson, GA",2020,-0.08,0.0,-0.08,0.14,2.92,-0.6,1.17,0.09,-0.2,0.16,-0.03,2.1,0.15,0.04,4.62,0.39,1.63,-0.13,-0.11,0.17,-0.26,15676,7610.0,8066.0,6.8,38530,546567,4.4,10.7
13163,"Jefferson, GA",2021,0.25,,0.11,1.12,-0.4,-0.25,0.35,0.04,0.47,-0.08,-0.01,-1.1,-0.03,-0.08,0.92,1.98,-1.81,-0.24,,-0.15,,15480,7510.0,7970.0,4.8,42705,554172,1.4,11.1
13163,"Jefferson, GA",2022,0.18,,0.0,0.45,-2.54,-0.96,0.75,-0.35,0.32,-1.04,0.05,-4.6,0.17,0.15,-7.76,0.11,-0.95,-0.24,,-0.23,,15318,7427.0,7891.0,4.1,42441,512929,-7.4,10.8
13163,"Jefferson, GA",2023,0.02,0.0,0.01,0.34,1.63,0.43,1.56,0.67,0.67,0.21,0.02,-1.9,-0.14,-0.11,1.08,0.59,-0.56,0.65,-0.18,0.01,-0.2,15211,7387.0,7824.0,4.1,45063,521917,1.8,11.2
13165,"Jenkins, GA",2002,0.04,0.0,0.0,-0.03,-3.75,0.26,-1.37,0.06,0.27,0.07,0.03,-3.75,-1.46,0.3,-5.14,0.08,0.38,-0.06,-0.08,0.26,0.02,8543,,,6.7,18615,180215,-4.9,
13165,"Jenkins, GA",2003,0.39,0.0,0.0,0.04,4.29,-0.47,-1.41,-0.41,0.27,-0.09,-0.09,4.79,-1.94,-0.01,1.32,-0.03,-0.14,0.15,-0.08,-0.15,0.1,8518,,,6.2,19694,183089,1.6,
13165,"Jenkins, GA",2004,-0.04,0.01,0.0,-0.13,-2.75,1.68,-2.01,-0.53,-1.05,-0.05,-0.15,-2.75,0.68,0.11,-4.04,-0.02,-0.74,-0.51,0.36,0.02,-0.09,8490,,,6.2,20251,173772,-5.1,
13165,"Jenkins, GA",2005,0.03,-0.02,,-0.2,2.38,-1.14,3.29,0.19,0.46,,0.0,2.38,2.04,0.27,13.1,-0.26,0.53,0.48,0.81,-0.23,0.15,8510,,,5.9,22381,197325,13.6,
13165,"Jenkins, GA",2006,-0.08,-0.02,0.01,0.05,-0.4,1.39,0.19,0.0,-0.19,-0.29,0.0,-0.4,0.15,0.0,1.73,0.02,0.53,0.47,-0.14,0.11,-0.21,8533,,,5.4,22674,200372,1.5,
13165,"Jenkins, GA",2007,0.0,0.0,-0.01,0.1,,-1.55,,-0.31,-0.91,-0.1,0.0,,-2.43,-0.27,-11.02,-0.02,0.33,-0.12,-0.07,0.17,-0.03,8442,,,8.9,24258,176462,-11.9,
13165,"Jenkins, GA",2008,-0.03,-0.02,0.0,-0.02,,-0.34,,0.36,-1.55,0.18,0.0,,,-0.42,-11.56,-0.09,2.21,-0.46,-0.96,0.2,-0.46,8340,,,16.0,25633,153317,-13.1,
13165,"Jenkins, GA",2009,-0.63,0.03,-0.02,0.15,-3.3,0.11,,0.68,-0.02,0.0,0.0,-3.3,,-0.31,-12.59,0.15,-0.37,-0.45,0.08,-0.23,0.08,8339,,,19.5,24458,133973,-12.6,
13165,"Jenkins, GA",2010,-0.21,-0.02,,0.57,2.87,-0.23,,-0.4,-0.2,,0.0,2.87,,-0.07,-0.52,0.54,0.2,-0.29,0.82,-0.03,-0.15,8320,3952.0,4368.0,15.0,24971,133003,-0.7,12.8
13165,"Jenkins, GA",2011,-0.07,,0.0,0.48,-3.35,3.26,-1.58,0.21,1.56,-0.39,0.0,-3.35,-0.02,0.05,7.11,,2.96,-0.29,0.82,0.26,-0.38,8124,3863.0,4261.0,14.1,27604,144530,8.7,13.5
13165,"Jenkins, GA",2012,,,0.0,,-2.74,-3.25,-1.42,0.58,-0.58,-0.08,0.0,-2.74,-0.18,-0.04,-4.12,1.98,-1.62,-0.4,0.11,-0.05,-0.15,9114,4841.0,4273.0,13.5,24738,137746,-4.7,13.8
13165,"Jenkins, GA",2013,0.3,0.0,0.0,1.0,0.01,-1.46,0.06,,-1.07,0.11,0.0,0.01,0.0,0.03,2.81,0.95,,-0.02,-0.09,0.16,-0.1,9196,4895.0,4301.0,12.3,25361,140153,1.7,13.1
13165,"Jenkins, GA",2014,0.47,0.01,0.01,-0.37,-2.1,-1.28,-0.01,0.75,0.02,0.0,0.0,-2.1,0.0,-0.01,-5.66,-0.3,-3.24,-0.14,-0.21,0.26,0.09,9040,4841.0,4199.0,10.0,26039,132258,-5.6,12.3
13165,"Jenkins, GA",2015,0.31,-0.02,0.0,0.39,4.29,0.34,0.41,-0.46,-0.13,-0.04,0.0,4.79,0.05,-0.18,11.13,0.45,1.25,-0.14,-0.05,-0.23,-0.4,8906,4770.0,4136.0,8.4,27469,146797,11.0,12.2
13165,"Jenkins, GA",2016,0.21,0.0,0.0,,4.29,0.91,1.26,,-1.1,0.07,0.0,4.79,0.01,-0.47,10.69,-0.7,,0.24,-0.46,0.26,-0.03,8823,4711.0,4112.0,7.0,28143,160881,9.6,13.0
13165,"Jenkins, GA",2017,-0.11,0.0,0.06,-0.29,-4.32,-0.99,0.38,-0.43,-2.05,0.47,0.03,-4.869999999999999,0.05,0.03,-12.66,-0.25,-1.25,0.32,,0.23,,8844,4728.0,4116.0,6.2,28665,137218,-14.7,8.3
13165,"Jenkins, GA",2018,0.0,0.0,-0.03,1.12,-1.79,1.56,0.19,-0.4,-2.3699999999999997,1.5300000000000002,-0.02,-1.79,-0.01,-0.17,3.9,,-0.31,0.37,-0.02,,0.28,8790,4696.0,4094.0,4.9,29193,137518,0.2,9.3
13165,"Jenkins, GA",2019,-0.18,-0.01,-0.02,-0.23,4.08,-1.05,,0.14,-0.12,0.52,0.0,4.08,,0.15,5.7,-0.59,,0.35,,,,8734,4649.0,4085.0,4.8,31177,145192,5.6,7.9
13165,"Jenkins, GA",2020,-0.28,0.03,,-0.47,0.53,0.14,,-0.3,-0.75,,0.0,0.53,,-0.24,8.82,,,-0.23,0.49,0.26,0.13,8663,4641.0,4022.0,6.0,35493,156912,8.1,5.2
13165,"Jenkins, GA",2021,0.33,0.02,0.11,-0.02,-2.07,0.64,-0.62,0.18,0.08,0.7,0.02,-2.07,0.0,-0.33,-5.02,0.0,-3.94,-0.73,0.41,-0.07,-0.19,8769,4723.0,4046.0,4.4,37731,149164,-4.9,8.0
13165,"Jenkins, GA",2022,0.23,-0.02,,1.12,-4.32,3.26,1.02,-0.24,-0.38,,0.05,-4.869999999999999,0.0,0.37,-1.71,,,-0.19,,-0.23,,8661,4604.0,4057.0,3.9,36612,146056,-2.1,9.1
13165,"Jenkins, GA",2023,0.1,0.0,0.0,1.12,2.38,-1.4,0.85,-0.2,-0.1,1.09,0.03,2.38,0.13,-0.11,4.62,,-0.72,0.63,,0.26,,8628,4587.0,4041.0,4.6,38045,152664,4.5,7.8
13167,"Johnson, GA",2002,-0.1,0.1,0.0,0.04,-1.81,-0.29,0.32,0.06,-2.3699999999999997,-0.12,0.34,-1.81,-0.64,0.16,0.3,0.11,1.55,0.17,0.43,0.04,-0.03,9436,,,6.5,18321,167885,-3.3,
13167,"Johnson, GA",2003,0.13,-0.17,0.02,0.26,0.89,0.89,0.23,-0.87,0.68,0.33,-0.5900000000000001,0.89,-1.13,-0.1,0.85,0.68,0.65,-0.3,0.87,-0.01,-0.08,9456,,,7.0,19278,170452,1.5,
13167,"Johnson, GA",2004,0.13,,,0.41,-0.74,-0.04,,,-0.66,,-0.5900000000000001,-0.74,,0.04,2.05,-0.19,,0.0,,-0.02,,9613,,,5.5,18687,172825,1.4,
13167,"Johnson, GA",2005,0.12,-0.07,0.03,0.01,-0.83,1.32,,,-0.57,-0.05,-0.1,-0.83,,-0.68,-0.81,-0.06,,0.34,-1.2399999999999998,-0.02,0.28,9516,,,6.1,19025,170444,-1.4,
13167,"Johnson, GA",2006,-0.14,,,0.2,-0.98,-1.1,-0.28,,-0.93,,,-0.98,-0.22,-0.04,-0.09,0.24,,0.13,-1.01,0.0,-0.1,9638,,,5.3,19491,168701,-1.0,
13167,"Johnson, GA",2007,-0.28,0.0,,1.12,0.06,-1.22,-0.43,,0.48,,-0.12,0.06,-0.12,0.02,-7.03,1.47,,-0.62,-1.2399999999999998,0.0,0.19,10107,,,5.9,19088,157643,-6.6,
13167,"Johnson, GA",2008,-0.05,0.0,-0.04,-0.61,-0.8,-0.58,-0.57,0.26,-0.64,0.08,-0.02,-0.8,-0.2,0.22,-0.29,-0.8,2.45,0.29,-0.39,0.0,-0.15,10127,,,8.2,19883,156166,-0.9,
13167,"Johnson, GA",2009,0.0,0.0,-0.02,-0.97,0.48,-0.01,-1.71,0.77,-0.24,0.25,-0.01,0.48,0.19,-0.23,3.61,-1.0,3.19,0.12,1.35,0.0,-0.69,9990,,,12.5,20304,161431,3.4,
13167,"Johnson, GA",2010,0.11,0.01,,-0.11,-1.32,3.26,-1.51,-0.68,-0.09,,0.0,-1.32,-0.17,-0.3,-0.7,-0.16,-1.17,-0.43,1.01,0.0,-0.21,9991,5605.0,4386.0,10.7,20655,160165,-0.8,8.9
13167,"Johnson, GA",2011,-0.01,-0.03,0.0,-0.2,0.02,-1.38,-0.28,0.07,0.0,0.89,0.0,0.02,0.06,0.0,1.38,-0.14,1.7,0.44,0.18,0.0,-0.15,10003,5593.0,4410.0,10.8,21540,162369,1.4,11.5
13167,"Johnson, GA",2012,-0.05,0.02,0.0,0.04,1.42,-0.57,-0.78,0.52,-0.65,0.27,0.0,1.42,-0.17,0.07,-10.11,0.05,-4.765000000000001,0.35,-1.2399999999999998,0.0,0.1,10008,5573.0,4435.0,9.8,21708,144907,-10.8,11.9
13167,"Johnson, GA",2013,,,0.0,0.3,-0.8,-1.81,-0.63,-0.08,-0.82,0.63,0.0,-0.8,-0.24,0.36,2.73,0.49,2.66,0.39,,0.15,,9909,5556.0,4353.0,9.8,22224,147666,1.9,11.5
13167,"Johnson, GA",2014,-0.03,0.0,0.0,0.11,-1.4,0.06,,0.67,-0.17,1.5300000000000002,0.0,-1.4,,0.02,-3.03,0.17,-2.72,-0.07,-0.38,-0.15,-0.18,9813,5516.0,4297.0,8.6,23094,142951,-3.2,9.6
13167,"Johnson, GA",2015,0.0,-0.03,0.01,-0.14,-0.03,0.38,-0.13,-0.28,-0.3,0.4,0.0,-0.03,-0.12,-0.08,-0.76,-0.19,-1.06,0.17,,0.0,,9717,5465.0,4252.0,7.1,23681,141430,-1.1,8.9
13167,"Johnson, GA",2016,-0.35,-0.02,-0.02,-0.15,-0.08,-0.11,0.26,-0.59,-0.56,0.15,0.0,-0.08,-0.15,-0.41,-2.29,-0.36,-0.08,0.41,-0.03,0.0,-0.91,9679,5446.0,4233.0,6.7,24532,137400,-2.8,8.7
13167,"Johnson, GA",2017,-0.03,0.0,0.0,0.08,0.18,-0.82,0.09,-0.84,-0.07,-0.3,,0.18,-0.11,-0.06,-5.9,0.1,0.13,-0.04,-1.2399999999999998,,-0.28,9750,5483.0,4267.0,5.8,25095,129206,-6.0,9.6
13167,"Johnson, GA",2018,,0.0,0.0,0.08,0.59,-0.67,0.06,-0.53,-0.61,-0.18,0.46,0.59,-0.25,0.06,2.34,0.64,-1.31,0.69,1.35,,0.13,9767,5475.0,4292.0,4.4,25881,131443,1.7,10.4
13167,"Johnson, GA",2019,,0.0,0.0,0.0,0.28,-0.08,-0.49,-0.07,-0.46,-0.53,-0.28,0.28,-0.17,-0.08,0.15,0.27,,0.18,-0.86,0.0,0.09,9724,5490.0,4234.0,4.2,27497,131038,-0.3,9.1
13167,"Johnson, GA",2020,0.01,0.0,0.0,-0.23,-0.01,0.03,-0.84,-0.07,-2.3699999999999997,-0.56,0.07,-0.01,0.24,-0.49,-0.78,-0.13,,0.47,0.13,,-0.24,9183,5234.0,3949.0,5.7,30809,126048,-3.8,7.0
13167,"Johnson, GA",2021,0.29,0.01,0.0,,-0.15,0.02,0.59,0.08,-0.84,0.87,0.19,-0.15,-0.45,-0.05,-0.32,1.61,-2.23,-0.09,-0.95,0.0,-0.05,9004,5128.0,3876.0,4.1,34595,124584,-1.2,9.1
13167,"Johnson, GA",2022,0.14,-0.01,0.0,,0.85,-1.64,0.15,-0.46,0.76,1.11,-0.43,0.85,-0.29,0.65,-2.65,0.6,,0.08,-1.2399999999999998,,-0.15,9255,5335.0,3920.0,3.4,32515,122236,-1.9,9.5
13167,"Johnson, GA",2023,0.1,0.0,0.0,-0.84,0.04,0.03,0.28,0.03,0.18,-0.31,0.02,0.04,0.01,-0.2,-1.89,-0.83,-1.49,1.08,-1.02,0.0,0.38,9328,5449.0,3879.0,3.5,34237,120156,-1.7,9.1
13169,"Jones, GA",2002,0.12,0.18000000000000002,,0.04,-1.33,-1.15,,1.84,1.13,,0.05,-2.41,,0.41,0.99,0.22,1.39,0.27,-0.61,0.26,0.01,24909,,,4.2,23689,342721,2.1,
13169,"Jones, GA",2003,,,,0.16,0.05,1.4,-0.02,0.32,0.71,,0.03,0.32,-0.08,0.14,5.08,,1.12,0.58,0.31,-0.23,,25738,,,3.9,23800,362548,5.8,
13169,"Jones, GA",2004,,,,,0.39,1.31,0.14,-1.12,-0.54,,,0.62,-0.15,0.34,5.03,0.29,1.04,0.19,0.95,0.12,,26537,,,4.2,25979,378823,4.5,
13169,"Jones, GA",2005,0.13,-0.17,,,-0.26,-1.14,-0.13,1.57,0.79,,,-2.31,0.0,0.19,-0.21,-0.18,1.99,-0.12,-0.1,-0.01,,27189,,,4.8,26855,381025,0.6,
13169,"Jones, GA",2006,-0.17,-0.17,0.07,,-0.36,-1.88,,0.79,0.65,1.5300000000000002,,-0.88,,0.07,0.77,,-1.56,0.37,0.63,0.13,,27563,,,5.0,27934,386417,1.4,
13169,"Jones, GA",2007,-0.23,0.09,,0.23,0.0,-0.79,,1.32,0.9,,0.21,0.0,,0.07,4.61,,2.2,0.2,0.13,0.02,,28000,,,4.3,29124,407714,5.5,
13169,"Jones, GA",2008,-0.01,0.01,,-0.06,-0.31,-1.19,-0.39,2.19,0.09,,,-3.0,-0.07,-0.43,1.11,,3.14,-0.22,-0.5,0.13,,28552,,,5.9,29140,412610,1.2,
13169,"Jones, GA",2009,-0.03,-0.11,,0.03,0.17,-0.83,-0.26,2.19,0.22,,,0.17,-0.06,-0.16,2.75,-0.13,1.21,0.14,-0.39,-0.11,,28710,,,8.6,29087,424886,3.0,
13169,"Jones, GA",2010,0.07,0.04,,,-0.16,1.16,,-2.22,-0.44,,,-0.16,,-0.17,-0.69,0.06,0.8,0.31,0.45,0.09,,28628,13869.0,14759.0,9.6,29985,420111,-1.1,17.2
13169,"Jones, GA",2011,0.03,0.0,,,-0.06,-1.04,0.08,-0.38,-0.66,,,-0.06,0.01,-0.11,-1.73,,-0.9,-0.35,-0.18,0.03,0.03,28724,13956.0,14768.0,9.0,31198,410090,-2.4,17.3
13169,"Jones, GA",2012,0.33,0.02,0.03,0.2,0.48,-0.57,0.06,-0.56,-0.05,1.12,0.3,0.65,-0.01,-0.38,0.28,,-0.94,-0.04,0.14,-0.03,,28610,13834.0,14776.0,8.3,31851,411051,0.2,19.4
13169,"Jones, GA",2013,0.09,-0.02,0.01,0.22,-0.02,0.24,-0.17,0.43,-0.07,1.5300000000000002,0.15,4.79,0.07,-0.07,9.71,,-2.0,0.62,0.57,0.11,,28563,13829.0,14734.0,7.2,32236,450678,9.6,17.8
13169,"Jones, GA",2014,-0.09,-0.01,0.03,-0.15,0.02,0.29,-0.17,0.49,-0.04,-0.64,,0.57,0.01,0.11,1.12,,0.19,0.09,0.8,0.06,,28641,13904.0,14737.0,6.3,33018,455565,1.1,18.5
13169,"Jones, GA",2015,0.0,-0.17,,-0.19,0.24,0.31,-0.1,0.12,0.04,,,-0.12,0.08,-0.16,-0.07,-0.17,-0.68,0.22,0.6,0.0,,28432,13804.0,14628.0,5.6,34877,455440,0.0,19.7
13169,"Jones, GA",2016,-0.27,-0.01,,-0.22,-0.44,0.68,-0.01,-0.13,-0.25,,,0.18,0.05,-0.13,2.56,-0.54,0.94,0.65,0.33,0.19,,28572,13862.0,14710.0,5.1,35170,465958,2.3,20.2
13169,"Jones, GA",2017,-0.3,-0.1,-0.01,-0.15,0.03,0.22,0.05,1.89,-0.09,-0.56,,0.96,0.04,0.1,1.58,,-1.98,1.04,0.56,-0.2,,28459,13779.0,14680.0,4.6,36576,472885,1.5,20.7
13169,"Jones, GA",2018,-0.07,-0.02,-0.02,,-0.01,0.78,-0.01,-2.22,-0.16,-0.44,0.0,-4.869999999999999,-0.02,-0.12,-7.67,,-0.56,-0.4,-0.55,,-0.02,28603,13799.0,14804.0,3.9,37423,435831,-7.8,20.1
13169,"Jones, GA",2019,0.34,0.0,0.02,,0.01,-0.24,-0.15,0.26,-0.06,0.77,,0.01,-0.03,-0.18,3.52,-0.17,3.2,0.26,-0.55,,-0.14,28689,13866.0,14823.0,3.5,38422,450904,3.5,19.6
13169,"Jones, GA",2020,-0.35,-0.02,-0.01,0.01,0.06,0.06,0.01,-0.33,-0.49,-1.2700000000000002,,0.06,-0.08,-0.37,-7.28,0.21,-4.765000000000001,0.16,0.94,,0.16,28399,13745.0,14654.0,4.8,40505,415848,-7.8,20.8
13169,"Jones, GA",2021,0.31,0.03,-0.01,0.2,-0.07,1.3,-0.02,-0.24,0.93,-1.2700000000000002,,-0.07,0.03,-0.31,3.98,-0.04,5.42,-0.14,-1.2399999999999998,,0.09,28406,13808.0,14598.0,3.3,44453,436254,4.9,17.7
13169,"Jones, GA",2022,0.28,0.04,0.0,0.46,0.02,-0.69,-0.01,0.23,-0.45,0.69,,0.02,-0.08,0.64,0.96,0.98,,-0.21,-0.1,-0.04,-0.07,28514,13860.0,14654.0,3.1,44111,438457,0.5,17.9
13169,"Jones, GA",2023,0.02,0.01,,0.06,0.21,-2.22,0.12,-0.55,0.48,,,0.21,0.08,-0.2,-0.84,0.82,,0.94,-0.08,0.05,-0.04,29000,14102.0,14898.0,3.2,45119,436903,-0.4,18.4
13171,"Lamar, GA",2002,0.0,-0.01,0.11,0.43,-1.93,-0.56,0.72,,1.15,0.06,0.27,-1.93,-2.43,0.3,-3.04,0.49,,0.09,0.14,0.13,0.44,16289,,,6.2,23295,317854,-1.9,
13171,"Lamar, GA",2003,0.29,0.02,-0.01,0.01,1.44,1.06,1.53,-1.4,0.43,-0.28,-0.5900000000000001,1.74,-1.25,0.06,1.32,-0.45,0.33,0.24,0.22,0.1,-0.17,16470,,,5.3,23689,323444,1.8,
13171,"Lamar, GA",2004,0.1,0.02,0.04,-0.23,2.43,-2.0,3.13,-0.96,0.31,0.09,-0.5900000000000001,2.37,0.93,0.27,2.32,-0.51,-0.36,0.04,0.54,0.05,-0.4,16567,,,5.6,24250,331943,2.6,
13171,"Lamar, GA",2005,,,,0.58,,1.53,2.46,,0.45,,-0.05,,2.29,-0.45,9.66,0.5,,1.58,0.02,0.02,-0.48,16961,,,6.1,24274,365489,10.1,
13171,"Lamar, GA",2006,0.19,-0.02,0.11,0.14,,-0.55,3.29,,1.3,0.06,,,-2.29,-0.58,-0.67,0.29,,1.0,0.12,0.03,-0.1,17115,,,5.6,25374,367808,0.6,
13171,"Lamar, GA",2007,-0.19,0.01,0.08,0.38,,0.73,-2.87,-0.13,0.26,0.07,,,-0.11,-0.11,0.44,0.43,3.56,-0.24,,,,17476,,,5.0,26424,370370,0.7,
13171,"Lamar, GA",2008,,,0.02,0.02,,0.69,3.28,0.46,-0.97,0.21,0.14,,-1.19,0.11,5.97,0.22,1.68,-0.03,-0.42,,0.15,18025,,,7.6,26327,388882,5.0,
13171,"Lamar, GA",2009,,,0.04,-0.04,0.84,-0.57,-2.46,1.54,0.78,-0.22,-0.05,0.85,-2.33,-0.01,-4.41,,-0.26,-0.52,0.02,-0.16,-0.09,18233,,,13.5,26345,374767,-3.6,
13171,"Lamar, GA",2010,0.02,0.09,-0.09,0.01,-1.21,0.9,0.44,-0.74,0.65,0.02,0.05,-1.21,-1.26,0.07,-0.73,-0.04,1.0,-0.6,,0.12,,18260,8783.0,9477.0,14.1,26385,374500,-0.1,9.7
13171,"Lamar, GA",2011,-0.14,-0.02,-0.02,0.43,-2.78,-0.07,0.11,,-0.36,0.1,0.07,-2.84,0.85,-0.04,-0.13,0.58,,-0.46,-0.1,0.15,0.49,18153,8619.0,9534.0,13.5,27898,372637,-0.5,10.9
13171,"Lamar, GA",2012,-0.06,0.05,0.11,-0.03,4.04,-0.85,1.18,,-0.62,0.11,0.08,3.98,0.77,-0.14,7.58,0.12,,-0.39,0.05,0.26,1.15,18026,8590.0,9436.0,11.9,29236,398551,7.0,12.7
13171,"Lamar, GA",2013,-0.18,-0.09,0.06,-0.25,-2.88,-1.17,0.96,-0.85,0.11,0.19,-0.07,-2.89,-0.63,-0.16,-0.19,,-0.09,-0.18,,0.26,0.08,17926,8538.0,9388.0,11.2,28946,398230,-0.1,14.2
13171,"Lamar, GA",2014,-0.06,0.01,0.03,,1.56,0.0,0.16,0.27,-0.02,0.07,-0.07,1.54,0.17,-0.06,0.36,-1.08,-1.48,-0.13,-0.32,0.26,-0.04,18187,8661.0,9526.0,9.6,29475,399595,0.3,16.6
13171,"Lamar, GA",2015,0.31,0.02,0.0,-0.24,0.33,0.22,-1.19,-0.11,-0.39,0.38,0.0,0.34,0.03,0.03,0.83,-0.42,0.23,0.41,0.52,0.17,-0.15,18229,8751.0,9478.0,7.8,30827,401341,0.4,17.1
13171,"Lamar, GA",2016,0.07,0.01,0.07,-0.25,-0.87,-0.42,-0.65,-0.65,-0.28,0.12,-0.04,-0.84,-0.05,-0.1,0.55,-0.09,1.56,0.56,0.05,0.26,-0.27,18462,8852.0,9610.0,7.3,31552,402412,0.3,17.2
13171,"Lamar, GA",2017,-0.13,-0.05,0.0,-0.06,0.5,0.18,0.73,-0.5,-0.3,-0.09,-0.04,0.44,-0.23,-0.02,-0.52,0.0,-1.01,0.86,0.44,-0.23,-0.24,18582,8930.0,9652.0,6.3,32920,399115,-0.8,18.4
13171,"Lamar, GA",2018,0.0,0.01,0.11,0.06,0.7,1.36,0.9,-0.39,0.31,-0.13,-0.19,0.7,-0.39,-0.2,0.61,0.14,-0.57,0.12,0.19,-0.23,-0.52,18866,9084.0,9782.0,5.3,34083,402815,0.9,17.1
13171,"Lamar, GA",2019,-0.25,0.18000000000000002,0.01,0.02,-2.26,-0.57,0.2,0.46,-0.52,0.04,,-2.17,0.62,0.13,3.9,,1.61,0.07,-0.97,0.26,1.7400000000000002,19001,9097.0,9904.0,4.5,35775,416428,3.4,15.8
13171,"Lamar, GA",2020,-0.45,0.18000000000000002,-0.09999999999999999,,-1.75,1.58,1.37,0.11,-0.9,-0.31,-0.03,-1.7,-0.28,-0.12,-1.79,0.3,-3.47,0.18,0.15,0.09,0.47,18554,8947.0,9607.0,7.0,38036,405238,-2.7,14.0
13171,"Lamar, GA",2021,0.46,0.14,,0.51,1.61,1.12,1.96,,0.12,,-0.01,1.68,0.7,0.01,8.84,0.56,,0.49,-0.44,-0.23,0.32,18702,9023.0,9679.0,4.5,43577,441523,9.0,18.2
13171,"Lamar, GA",2022,0.02,0.09,0.06,0.11,1.78,-0.57,0.36,-0.3,0.21,0.28,,1.85,0.18,0.05,4.47,,,0.5,0.05,0.26,0.28,19489,9407.0,10082.0,3.7,44382,462159,4.7,17.5
13171,"Lamar, GA",2023,-0.12,0.15,0.01,0.18,-0.62,0.77,0.69,,-0.23,0.33,0.03,-0.52,-0.07,-0.05,2.92,0.64,,0.69,-0.19,0.26,0.3,20420,9876.0,10544.0,3.8,45645,474582,2.7,19.5
13173,"Lanier, GA",2002,-0.05,0.08,-0.09999999999999999,,,0.01,,-0.53,1.16,0.35,,,-0.05,,-4.78,-1.66,0.87,0.41,0.31,0.05,0.18,7422,,,4.3,20534,121322,-3.6,
13173,"Lanier, GA",2003,,-0.17,,0.12,,-0.52,,,0.69,,,,-0.21,0.6,6.41,-0.17,,0.15,0.02,-0.07,0.36,7748,,,3.5,20421,129937,7.1,
13173,"Lanier, GA",2004,0.1,0.12,0.06,,,0.36,,-0.24,1.12,0.11,,,-0.09,-0.68,-4.64,-0.75,-0.67,0.34,0.09,-0.02,,7824,,,3.6,20592,125363,-3.5,
13173,"Lanier, GA",2005,0.04,-0.14,-0.02,,,-1.86,,2.19,0.26,-0.54,-0.17,,0.06,,3.09,0.19,1.32,0.29,,-0.04,0.2,8068,,,3.9,20743,129564,3.4,
13173,"Lanier, GA",2006,0.04,-0.17,-0.03,,2.74,0.56,0.25,2.19,-0.06,-0.5,0.05,2.74,-0.23,-0.03,4.4,0.19,-2.0,0.68,-0.22,-0.01,0.03,8509,,,3.8,20853,135187,4.3,
13173,"Lanier, GA",2007,-0.08,0.0,-0.04,0.04,-4.32,-0.56,-0.82,-0.41,-0.53,-0.14,0.14,-4.61,-0.04,,-5.48,0.28,0.92,0.07,,-0.02,,9013,,,3.7,20782,127062,-6.0,
13173,"Lanier, GA",2008,-0.22,0.0,0.0,-0.17,-4.32,0.22,-0.23,2.19,-0.94,0.15,,-4.63,-0.16,,0.85,-0.69,2.45,0.08,-0.02,-0.02,,9560,,,5.9,20137,126943,-0.1,
13173,"Lanier, GA",2009,,,0.0,,0.0,-3.07,-0.14,,1.01,0.52,,0.0,0.05,0.06,-2.12,,,-0.65,-0.45,-0.02,-0.48,9810,,,9.1,20028,125534,-1.1,
13173,"Lanier, GA",2010,0.04,0.18000000000000002,0.03,0.04,1.86,-0.21,0.31,2.19,-0.57,-0.03,,1.86,0.05,0.34,8.99,0.0,2.34,0.25,,-0.12,,10103,5103.0,5000.0,10.5,21483,136102,8.4,9.4
13173,"Lanier, GA",2011,,,-0.02,,4.29,1.88,0.53,0.59,-0.38,0.03,,4.79,-0.04,-0.45,9.82,,2.33,-0.34,-0.02,-0.02,-0.05,10481,5328.0,5153.0,10.3,23060,148944,9.4,13.5
13173,"Lanier, GA",2012,,,-0.01,,-4.32,1.77,1.1,-0.63,-0.17,,-0.02,-4.869999999999999,-0.02,-0.06,-3.91,,1.16,-0.08,0.28,0.0,-0.04,10462,5308.0,5154.0,9.2,23369,142870,-4.1,12.8
13173,"Lanier, GA",2013,,,-0.01,,-0.03,-3.13,2.24,-2.22,0.23,,0.07,-0.03,0.02,-0.2,-1.56,,2.37,-0.43,0.07,0.0,,10405,5327.0,5078.0,8.5,23357,140968,-1.3,12.0
13173,"Lanier, GA",2014,0.09,-0.02,0.0,0.12,0.07,-0.16,-1.05,0.62,2.32,-1.2700000000000002,,0.07,0.07,-0.09,-2.89,0.13,0.3,-0.28,,0.14,,10362,5243.0,5119.0,8.1,24744,145212,3.0,12.4
13173,"Lanier, GA",2015,0.31,0.0,0.05,0.14,0.44,-1.02,-0.02,-1.4,2.32,-1.2700000000000002,,0.44,0.21,-0.31,-4.85,0.15,-0.77,-0.82,,0.03,,10264,5184.0,5080.0,6.8,25781,143553,-1.1,12.7
13173,"Lanier, GA",2016,,,0.04,0.01,0.28,-1.14,,-2.22,-0.67,-0.11,,0.28,,0.12,-3.52,-0.02,-1.87,1.16,-0.41,0.05,,10444,5249.0,5195.0,5.5,26128,137536,-4.2,15.4
13173,"Lanier, GA",2017,,,0.02,0.19,0.19,1.58,-0.64,-2.22,2.32,-0.03,-0.05,0.19,-0.08,-0.34,-3.79,0.19,0.2,,,-0.11,-0.04,10456,5226.0,5230.0,4.9,27698,136331,-0.9,15.8
13173,"Lanier, GA",2018,,,-0.09,0.12,0.17,0.68,0.34,-2.22,-2.17,0.16,0.01,0.17,0.08,,-0.55,0.33,-0.18,0.65,0.15,0.02,0.03,10450,5228.0,5222.0,4.3,29271,132628,-2.7,16.4
13173,"Lanier, GA",2019,-0.17,0.05,0.0,-0.07,-0.09,1.17,0.59,-0.08,-0.48,0.06,,-0.09,0.0,,0.77,0.25,,,-0.07,-0.01,,10581,5294.0,5287.0,3.9,30673,133013,0.3,16.5
13173,"Lanier, GA",2020,-0.11,0.06,0.02,-0.33,2.09,-0.12,,,-2.3699999999999997,-0.33,,2.09,,,0.39,-0.05,,-0.41,0.23,,0.23,9929,4996.0,4933.0,5.1,33181,130305,-2.0,19.7
13173,"Lanier, GA",2021,,,0.11,,-2.24,3.26,,-0.35,-0.22,-0.04,,-2.24,,-0.22,1.2,0.18,1.1,,,,-0.11,10052,5101.0,4951.0,3.7,35842,131586,1.0,17.3
13173,"Lanier, GA",2022,0.03,-0.09,0.01,-0.08,-0.1,0.65,0.3,-0.43,-0.71,0.37,,-0.1,0.27,0.2,1.55,0.05,,-0.42,-0.49,0.01,,10207,5117.0,5090.0,3.3,34297,132685,0.8,18.4
13173,"Lanier, GA",2023,-0.06,0.02,0.0,-0.02,0.03,0.5,-0.15,0.22,0.43,0.24,,0.03,-0.13,-0.25,2.88,1.49,-0.25,0.76,,0.02,-0.23,10452,5263.0,5189.0,3.6,35327,137073,3.3,19.1
13175,"Laurens, GA",2002,-0.02,0.0,,-0.04,,-0.21,0.08,0.23,-0.32,,0.12,,-0.93,0.08,1.34,0.23,0.54,0.61,0.1,0.05,0.01,45634,,,5.3,23894,1680702,1.0,
13175,"Laurens, GA",2003,-0.25,0.03,0.01,0.09,0.17,0.68,-0.59,-0.67,0.27,0.22,0.0,0.17,-2.15,0.07,-1.44,0.26,0.48,0.17,0.46,-0.23,-0.02,46277,,,5.9,24219,1661032,-1.2,
13175,"Laurens, GA",2004,0.01,0.02,,1.12,-0.53,0.08,-0.07,-0.51,1.34,0.08,0.27,-0.53,2.365,0.15,3.91,0.21,0.2,-0.21,0.51,-0.07,,46329,,,5.5,25534,1748297,5.3,
13175,"Laurens, GA",2005,0.23,0.0,,0.03,0.35,-0.98,1.08,0.12,0.02,-0.11,0.36,0.35,-0.24,-0.01,2.55,0.07,0.4,0.32,0.21,0.2,,46751,,,5.4,26394,1793220,2.6,
13175,"Laurens, GA",2006,0.02,-0.07,,-0.01,-0.01,-0.47,0.14,-0.13,1.04,0.02,0.12,-0.01,-0.27,0.0,1.42,,1.24,0.5,0.11,-0.06,0.27,47287,,,5.2,27816,1837272,2.5,
13175,"Laurens, GA",2007,-0.26,0.01,0.03,-0.93,-0.23,0.52,0.41,-0.01,-0.78,-0.01,0.02,-0.23,-0.5,-0.08,-2.05,0.26,-1.56,-0.57,-0.05,-0.03,0.01,47649,,,5.0,28902,1785175,-2.8,
13175,"Laurens, GA",2008,-0.19,-0.02,,-0.07,-0.48,-0.46,-1.17,0.38,-0.6,,-0.21,-0.48,1.06,-0.06,0.85,0.05,1.24,0.1,-0.1,0.12,-0.08,48192,,,7.3,29711,1789745,0.3,
13175,"Laurens, GA",2009,0.0,0.05,-0.01,-0.18,-0.56,-1.26,-1.28,1.23,0.33,0.31,-0.07,-0.56,2.365,-0.17,2.15,,1.1,-0.59,,,,48601,,,11.2,29291,1834072,2.5,
13175,"Laurens, GA",2010,-0.04,0.08,,0.19,0.0,0.2,3.29,-0.22,-0.34,,-0.05,0.0,-1.1,-0.05,2.61,-0.13,-0.23,0.02,0.48,0.18,-0.47,48388,23054.0,25334.0,13.1,29688,1875666,2.3,15.9
13175,"Laurens, GA",2011,-0.09,0.02,-0.02,0.33,-0.04,-0.41,-0.18,0.3,-0.73,0.28,-0.04,-0.04,-0.55,-0.13,1.18,1.0,0.85,0.17,0.28,0.09,-0.37,47841,22876.0,24965.0,13.6,30653,1883966,0.4,16.0
13175,"Laurens, GA",2012,0.01,-0.01,-0.03,0.09,0.14,-0.39,-2.87,0.29,-0.13,0.08,0.1,0.14,-2.43,-0.04,-16.83,-0.47,-3.87,-0.22,0.42,0.26,-0.55,47819,22737.0,25082.0,12.1,30027,1564595,-17.0,15.5
13175,"Laurens, GA",2013,-0.07,-0.03,,0.53,0.52,-0.22,0.68,0.25,-0.1,,0.21,0.52,0.63,0.15,4.95,0.56,1.2,0.4,-0.06,0.26,0.17,47727,22712.0,25015.0,10.7,30322,1640452,4.8,15.0
13175,"Laurens, GA",2014,0.11,0.02,,-0.12,-0.44,-0.12,-0.62,0.24,0.57,,0.14,-0.44,-0.21,0.14,-3.78,-1.16,-1.19,0.03,-0.09,-0.23,0.27,47553,22595.0,24958.0,9.3,31116,1587817,-3.2,14.5
13175,"Laurens, GA",2015,0.09,-0.04,0.0,0.23,0.77,0.35,0.3,-0.46,0.95,-0.53,0.18,0.77,0.93,0.1,1.46,0.12,-0.45,0.42,0.04,-0.23,-0.01,47491,22524.0,24967.0,7.7,32452,1626167,2.4,15.1
13175,"Laurens, GA",2016,-0.04,0.01,0.04,0.19,0.42,0.65,1.34,-0.53,0.18,0.39,0.05,0.51,-1.32,-0.21,4.08,1.98,0.36,0.14,-0.05,0.26,0.04,47287,22377.0,24910.0,6.9,33758,1695485,4.3,15.2
13175,"Laurens, GA",2017,0.07,0.0,-0.02,0.15,0.56,0.32,1.18,-0.07,0.87,0.65,-0.05,0.62,-0.02,0.06,2.12,-0.96,-0.02,0.31,0.1,0.0,-0.05,47362,22402.0,24960.0,6.0,34650,1746207,3.0,15.4
13175,"Laurens, GA",2018,0.14,-0.01,-0.03,-0.07,-0.3,-0.34,1.25,-0.58,0.69,0.03,-0.06,-0.25,1.27,0.01,1.99,0.11,-0.15,0.31,0.3,-0.11,0.08,47293,22368.0,24925.0,5.0,36081,1792901,2.7,15.6
13175,"Laurens, GA",2019,-0.06,0.0,,-0.19,0.04,-0.47,0.56,0.16,0.34,,0.05,0.07,-1.83,-0.04,-0.13,0.03,0.98,0.17,-0.23,0.16,0.11,47567,22511.0,25056.0,4.8,36760,1796590,0.2,16.2
13175,"Laurens, GA",2020,-0.52,-0.05,,-0.06,0.23,-0.2,-0.39,-0.41,1.37,,-0.12,0.26,0.09,-0.13,-1.75,0.37,0.56,0.33,-1.05,0.1,0.14,49542,23521.0,26021.0,6.7,40174,1789768,-0.4,17.1
13175,"Laurens, GA",2021,0.43,0.06,0.0,1.0,-0.08,0.85,0.61,0.07,0.85,0.64,0.15,0.09,0.98,-0.04,5.1,1.63,-0.59,0.63,-0.07,-0.15,-0.18,49526,23444.0,26082.0,4.4,43900,1896115,5.9,16.7
13175,"Laurens, GA",2022,0.14,0.05,-0.01,-0.01,-0.62,-0.8,-0.46,-0.62,0.42,0.35,-0.04,-0.41,-0.4,-0.1,-1.46,0.37,0.87,-0.41,0.1,0.12,-0.21,49705,23577.0,26128.0,4.0,43178,1876365,-1.0,17.1
13175,"Laurens, GA",2023,-0.03,0.0,-0.01,0.18,0.68,-0.12,0.2,0.17,1.81,0.55,0.03,0.79,-0.17,-0.11,3.06,0.74,-0.01,1.09,0.03,-0.15,0.06,49932,23663.0,26269.0,4.3,45805,1967870,4.9,17.8
13177,"Lee, GA",2002,,,0.0,0.75,-0.49,-2.55,2.38,0.51,0.57,0.99,0.13,-0.72,0.07,0.65,3.42,,-0.93,0.26,0.08,0.01,0.76,25115,,,3.6,24757,422990,4.0,
13177,"Lee, GA",2003,0.08,-0.02,,0.33,-0.28,1.0,-0.44,0.51,0.59,,0.06,-0.29,-0.14,-0.17,3.98,,-0.55,1.69,,0.01,1.7400000000000002,25260,,,3.4,25302,442292,4.6,
13177,"Lee, GA",2004,,,,,-1.19,1.81,0.03,0.12,-0.25,,-0.08,-1.18,-0.16,-0.52,0.98,0.53,-0.35,0.19,0.32,0.0,1.11,25965,,,3.5,26402,445547,0.7,
13177,"Lee, GA",2005,,,,,2.76,-1.83,,0.26,0.57,0.08,0.05,2.45,,0.23,9.6,1.65,0.1,2.0,0.17,-0.01,1.7400000000000002,26505,,,3.9,28216,490869,10.2,
13177,"Lee, GA",2006,-0.01,-0.09,,-0.17,1.34,-0.64,,0.14,0.06,0.48,,1.8,,0.32,4.39,0.47,0.27,1.3,,0.0,0.58,27365,,,3.6,29172,512686,4.4,
13177,"Lee, GA",2007,-0.09,0.01,-0.01,0.1,-3.26,0.36,-0.06,0.03,-0.04,0.13,,-3.43,0.08,-0.23,-3.75,0.16,0.46,0.28,,0.0,-1.24,27792,,,3.7,30969,493253,-3.8,
13177,"Lee, GA",2008,0.24,-0.03,,0.05,4.29,-0.97,,0.54,-0.29,,,4.65,,-0.6,2.21,0.23,1.25,-0.27,,0.0,-1.5500000000000005,28111,,,4.6,33980,502726,1.9,
13177,"Lee, GA",2009,-0.1,0.02,,-0.3,-1.38,-1.43,-0.56,2.19,0.56,,-0.04,-1.4,-0.02,-0.22,1.37,-0.25,1.85,0.4,-0.02,0.0,0.57,28326,,,7.2,34673,512429,1.9,
13177,"Lee, GA",2010,0.01,0.15,0.0,-0.25,-0.52,-1.24,0.55,-0.53,0.26,-0.23,-0.02,-0.53,-0.07,0.13,0.29,0.01,-1.06,2.0,0.08,0.0,0.2,28417,14191.0,14226.0,8.9,35285,515242,0.5,19.2
13177,"Lee, GA",2011,0.1,0.01,,0.64,1.0,0.33,0.46,2.19,0.32,-0.22,,0.94,-0.05,-0.06,6.69,0.98,-0.42,-1.16,,0.0,1.7400000000000002,28585,14325.0,14260.0,8.3,36666,551330,7.0,18.5
13177,"Lee, GA",2012,0.1,0.04,,0.19,0.24,-0.01,-0.1,0.16,-0.07,,,0.23,0.01,0.23,5.72,0.37,2.01,0.47,,0.0,1.7400000000000002,28718,14404.0,14314.0,7.5,38642,582486,5.7,19.1
13177,"Lee, GA",2013,-0.04,0.02,,1.12,0.75,0.72,0.58,-0.48,-0.32,,,0.78,0.15,0.46,5.73,1.98,0.34,-1.34,,0.0,1.33,29055,14555.0,14500.0,6.8,38667,613984,5.4,20.5
13177,"Lee, GA",2014,-0.03,0.05,0.01,-0.05,-2.14,-0.16,-0.15,0.17,0.18,0.0,,-2.14,0.13,0.02,-1.37,0.07,-0.02,0.05,,0.0,0.05,29139,14649.0,14490.0,6.3,39684,606688,-1.2,22.3
13177,"Lee, GA",2015,0.07,-0.03,0.0,0.09,0.67,0.43,0.33,0.48,-0.04,0.31,0.09,0.68,0.11,0.04,-5.07,0.12,0.27,-0.5,0.02,0.0,-1.5500000000000005,29191,14670.0,14521.0,5.4,40358,575718,-5.1,23.2
13177,"Lee, GA",2016,-0.05,-0.02,0.01,1.12,1.36,1.02,0.44,-1.27,-0.36,0.09,,1.36,0.26,-0.41,8.71,1.98,0.8,0.81,,0.0,1.7400000000000002,29203,14654.0,14549.0,4.6,40787,623821,8.4,24.2
13177,"Lee, GA",2017,0.18,-0.12,0.01,1.12,-0.98,-1.49,0.85,-0.83,-0.03,-0.21,,-1.08,-0.04,-0.05,4.37,1.32,0.67,0.72,,0.0,1.7400000000000002,29429,14789.0,14640.0,4.1,42017,650934,4.3,25.7
13177,"Lee, GA",2018,-0.02,0.09,-0.01,-0.73,0.37,0.02,0.18,-0.18,0.04,0.14,-0.11,0.32,-0.2,-0.24,-0.15,-1.33,-1.01,0.5,-0.07,0.0,1.7400000000000002,29764,14955.0,14809.0,3.4,42712,650242,-0.1,25.6
13177,"Lee, GA",2019,0.24,-0.14,,0.48,2.0,0.21,-0.03,1.03,-0.01,,,2.0,0.07,-0.22,8.16,0.51,1.52,1.04,0.08,,1.1,30045,15058.0,14987.0,3.0,43484,703228,8.1,25.4
13177,"Lee, GA",2020,0.11,-0.06,,0.49,1.18,0.06,0.27,0.61,-0.29,,,1.18,0.12,-0.19,2.89,0.39,0.14,-0.08,-0.03,,0.3,33218,16683.0,16535.0,4.3,47096,721526,2.6,27.1
13177,"Lee, GA",2021,0.3,0.08,,0.86,-3.21,0.84,-0.12,-0.91,0.5,,,-3.18,-0.13,-0.04,1.39,1.31,0.97,0.46,0.18,,0.65,33210,16554.0,16656.0,2.9,51606,735195,1.9,30.7
13177,"Lee, GA",2022,-0.04,-0.05,-0.01,1.12,-1.9,-0.26,-0.01,-0.42,-0.07,0.32,,-1.86,0.1,0.17,2.92,1.98,2.39,-0.39,0.13,,0.59,33699,16912.0,16787.0,2.8,51788,756169,2.9,32.6
13177,"Lee, GA",2023,0.07,-0.01,,1.08,1.73,-0.16,0.14,-0.19,0.02,,,1.73,0.02,-0.13,7.35,1.4,1.51,0.81,,,-0.42,33928,17130.0,16798.0,2.7,53825,811944,7.4,33.5
13179,"Liberty, GA",2002,0.03,0.01,,0.33,-0.02,0.12,0.45,0.13,0.59,,0.23,-0.02,-0.02,0.14,2.74,0.84,0.71,0.02,-0.02,0.17,-0.05,62505,,,5.8,20640,2582386,3.3,
13179,"Liberty, GA",2003,,,0.01,0.71,-0.03,0.63,-0.12,0.04,2.32,0.14,0.38,-0.03,0.14,0.39,3.2,0.85,0.75,-0.05,0.12,-0.07,0.01,60403,,,5.2,23843,2825733,9.4,
13179,"Liberty, GA",2004,0.14,0.0,0.01,,-0.05,1.1,0.17,-0.05,1.66,0.19,0.43,-0.05,0.26,-0.05,4.08,1.24,0.27,0.02,0.28,0.13,-0.01,63254,,,5.4,24251,2988153,5.7,
13179,"Liberty, GA",2005,-0.08,0.0,0.05,,0.01,-0.42,0.11,0.25,2.32,-0.02,0.33,0.01,-0.23,-0.1,0.86,0.24,0.72,0.25,-0.09,-0.16,-0.01,64718,,,5.8,24607,3203648,7.2,
13179,"Liberty, GA",2006,0.08,-0.01,0.09,0.21,0.02,-1.16,-0.02,0.05,0.02,0.14,-0.04,0.02,0.23,-0.02,0.21,0.34,-0.03,0.35,-0.01,0.18,0.0,63047,,,5.8,26882,3210902,0.2,
13179,"Liberty, GA",2007,-0.09,-0.02,0.04,0.03,0.01,-0.17,0.03,0.07,2.32,-0.12,0.21,0.01,0.68,0.65,1.0,-1.55,0.36,-0.19,0.79,-0.15,-0.03,63708,,,5.2,27066,3334113,3.8,
13179,"Liberty, GA",2008,0.17,0.0,0.06,,0.0,0.4,-0.16,0.12,2.32,0.0,-0.57,0.0,0.45,0.18,1.86,0.32,0.38,0.12,0.18,0.21,0.0,62635,,,6.1,29054,3638244,9.1,
13179,"Liberty, GA",2009,0.03,0.0,0.11,,0.01,0.81,-0.14,0.75,-0.97,0.06,-0.17,0.01,0.56,0.04,2.52,-0.06,0.63,-0.09,0.03,-0.04,-0.01,67061,,,8.5,27912,3694551,1.5,
13179,"Liberty, GA",2010,,,0.0,-0.39,0.01,0.04,0.24,-0.2,2.32,0.0,-0.21,0.01,1.58,-0.68,1.5,-0.4,1.2,0.03,0.02,0.02,0.0,62772,30723.0,32049.0,8.9,30314,3932363,6.4,16.3
13179,"Liberty, GA",2011,0.16,0.0,0.05,,0.0,-0.74,0.16,0.33,2.32,0.01,-0.06,0.0,0.93,-0.24,2.6,0.27,1.5,0.09,0.04,0.06,0.02,65210,32383.0,32827.0,9.2,31258,4135546,5.2,17.3
13179,"Liberty, GA",2012,0.07,0.0,0.01,0.07,0.01,-0.28,0.2,-0.24,-1.96,0.09,,0.01,-0.47,-0.32,-1.96,0.01,-1.15,0.03,0.08,,0.06,64482,32303.0,32179.0,8.8,30633,3973250,-3.9,17.7
13179,"Liberty, GA",2013,-0.07,0.01,0.01,,-0.02,-0.25,0.61,-0.23,-2.3699999999999997,0.06,,-0.02,-0.14,-0.15,0.01,-0.13,0.03,0.07,0.12,,0.03,62438,31127.0,31311.0,8.4,30494,3878966,-2.4,20.2
13179,"Liberty, GA",2014,0.02,0.0,-0.03,0.0,,,-0.01,-0.09,-2.3699999999999997,0.11,0.02,,0.34,0.02,0.12,-0.08,0.15,-0.06,0.0,-0.03,0.11,64217,32499.0,31718.0,7.7,30629,3701498,-4.6,19.5
13179,"Liberty, GA",2015,0.04,-0.01,-0.08,-0.01,,,-0.55,-0.13,-1.16,0.02,0.0,,0.13,-0.09,-0.56,0.04,-0.28,0.09,0.14,0.01,-0.01,61762,31532.0,30230.0,6.4,32398,3638025,-1.7,18.7
13179,"Liberty, GA",2016,-0.02,0.01,-0.04,0.02,,,0.0,-0.19,-2.11,-0.05,-0.03,,0.17,-0.08,0.88,0.02,0.67,0.24,0.14,0.13,0.01,61672,31421.0,30251.0,6.6,32376,3593198,-1.2,18.9
13179,"Liberty, GA",2017,0.11,0.02,-0.05,0.09,,,0.32,0.0,-0.56,-0.04,-0.05,,-0.29,-0.01,0.99,0.01,0.18,0.27,0.34,-0.04,-0.02,61819,31427.0,30392.0,5.9,33484,3608805,0.4,19.4
13179,"Liberty, GA",2018,-0.08,-0.03,-0.06,0.1,-0.01,-0.41,0.79,0.0,-2.06,0.03,0.01,0.03,1.61,0.04,3.3,0.24,0.76,0.06,0.39,0.01,-0.1,60887,30558.0,30329.0,4.9,35476,3653513,1.2,18.3
13179,"Liberty, GA",2019,0.07,0.01,-0.01,-0.12,-0.01,-0.11,0.8,0.03,0.9,0.06,0.0,0.0,-0.34,0.55,0.09,0.07,-0.78,0.19,-0.45,0.03,-0.03,62813,31872.0,30941.0,4.5,35185,3689937,1.0,18.3
13179,"Liberty, GA",2020,-0.31,0.0,-0.04,-0.11,0.0,0.21,-0.08,-0.07,1.21,-0.07,-0.04,0.01,-0.14,-0.18,-2.95,-0.42,-2.27,0.14,0.2,0.11,0.01,65339,33469.0,31870.0,6.8,37860,3626066,-1.7,19.3
13179,"Liberty, GA",2021,0.27,0.01,-0.04,-0.03,0.03,0.73,-0.47,0.09,2.32,0.25,0.04,0.04,0.37,0.06,4.52,0.02,2.25,0.21,0.74,-0.06,0.01,66771,34656.0,32115.0,4.4,40896,3917783,8.0,19.7
13179,"Liberty, GA",2022,0.16,0.01,0.0,-0.15,-0.05,-0.23,0.11,0.0,-1.11,0.17,-0.01,-0.05,0.19,-0.25,0.38,-0.04,0.32,-0.15,0.09,-0.02,0.09,68031,35234.0,32797.0,3.9,40145,3889437,-0.7,20.2
13179,"Liberty, GA",2023,0.03,0.0,0.0,0.08,0.0,0.01,0.62,-0.2,-0.48,-0.02,0.01,0.02,0.21,-0.25,1.01,0.15,0.54,0.44,-0.64,-0.01,0.09,68235,34818.0,33417.0,3.9,41343,3910016,0.5,19.9
13181,"Lincoln, GA",2002,-0.11,-0.01,0.0,,0.09,-0.59,-0.03,0.15,0.6,,,0.09,-2.43,-0.07,-1.56,0.08,2.16,0.3,0.01,0.01,-0.03,8375,,,7.4,21068,137975,-1.0,
13181,"Lincoln, GA",2003,-0.46,-0.17,0.02,-0.71,,1.91,0.04,-0.66,0.25,-0.18,,,-0.87,-0.09,0.76,-0.66,0.33,1.84,-0.15,,0.5,8357,,,7.3,22383,139368,1.0,
13181,"Lincoln, GA",2004,-0.01,0.17,-0.02,,,0.46,0.01,,-1.04,0.29,-0.5900000000000001,,0.48,0.22,-0.44,0.83,,0.08,0.13,,0.18,8284,,,6.3,23644,137308,-1.5,
13181,"Lincoln, GA",2005,-0.04,-0.01,-0.01,,0.89,-0.58,0.48,,-0.01,,,0.89,0.41,0.03,6.0,0.33,,0.04,-0.11,,0.64,8274,,,7.1,24526,145535,6.0,
13181,"Lincoln, GA",2006,0.0,-0.05,-0.02,-0.21,-0.23,-0.48,0.23,-0.22,-0.32,0.11,-0.01,-0.23,-0.05,0.17,-3.39,-0.3,-3.52,-0.03,0.54,0.07,0.41,8198,,,6.1,24544,140124,-3.7,
13181,"Lincoln, GA",2007,-0.12,0.0,-0.01,-0.1,-0.11,0.67,-0.22,-0.15,-0.16,,,-0.11,0.25,-0.55,12.56,0.48,5.42,-0.53,0.38,0.02,,8161,,,5.8,25695,157503,12.4,
13181,"Lincoln, GA",2008,-0.12,0.06,0.0,,-1.48,1.76,-0.02,0.86,-0.52,,,-1.48,0.39,-0.5,-4.41,,-4.765000000000001,0.02,0.05,0.01,-0.15,8156,,,7.3,26247,149728,-4.9,
13181,"Lincoln, GA",2009,,,0.0,-0.19,-0.25,-0.5,-0.13,1.15,0.17,-0.1,-0.01,-0.25,0.1,-0.37,2.5,,5.07,-0.51,,0.1,,8073,,,10.9,27545,153719,2.7,
13181,"Lincoln, GA",2010,,,0.01,,,-0.75,-0.03,-0.31,-0.41,-0.17,0.0,,0.02,0.06,-2.09,-0.34,-0.25,0.48,-0.28,-0.22,0.04,7970,3883.0,4087.0,11.4,28720,149869,-2.5,9.7
13181,"Lincoln, GA",2011,0.05,-0.06,0.0,-0.41,,0.39,,0.59,-0.89,-0.17,0.0,,-0.08,-0.02,-1.24,-0.4,0.67,-0.41,-0.49,0.0,-0.15,7872,3867.0,4005.0,11.4,29758,146672,-2.1,10.2
13181,"Lincoln, GA",2012,0.12,0.03,0.0,,,3.09,,0.63,-0.66,-0.06,0.0,,-0.48,-0.09,-7.43,,-4.765000000000001,-0.47,0.11,0.01,0.03,7764,3793.0,3971.0,10.6,31040,134814,-8.1,11.4
13181,"Lincoln, GA",2013,0.01,-0.11,0.01,,,-2.25,-0.05,0.11,-0.74,0.07,0.0,,,0.06,2.36,,3.9,-0.24,0.35,0.08,0.11,7734,3803.0,3931.0,10.0,31078,136992,1.6,11.4
13181,"Lincoln, GA",2014,-0.05,-0.1,-0.02,0.02,,1.16,,-0.02,-0.55,-0.14,0.0,,,-0.15,-2.73,0.24,-4.08,0.06,,0.01,0.23,7644,3752.0,3892.0,8.3,32218,132501,-3.3,10.8
13181,"Lincoln, GA",2015,-0.03,-0.09,0.02,0.22,,1.39,,-0.82,-0.21,0.26,0.0,,0.24,0.02,4.85,0.27,2.9,-0.03,,0.02,-0.07,7720,3761.0,3959.0,6.8,34377,138647,4.6,12.1
13181,"Lincoln, GA",2016,0.1,-0.04,-0.01,0.23,,-0.63,0.15,-1.07,-0.09,0.4,0.01,,0.69,0.46,0.17,0.35,0.83,0.08,,0.1,-0.41,7859,3825.0,4034.0,6.6,35121,138766,0.1,13.2
13181,"Lincoln, GA",2017,-0.3,-0.13,-0.01,,,-1.66,,-1.18,0.08,-0.19,0.03,,,0.03,-3.87,,-1.89,0.9,,,-0.62,7859,3841.0,4018.0,5.9,36587,133506,-3.8,12.1
13181,"Lincoln, GA",2018,,,-0.01,,-0.71,0.25,0.01,-0.45,0.25,-0.1,-0.01,-0.71,-2.43,-0.06,-2.47,,-0.29,0.64,,,0.31,7927,3835.0,4092.0,5.5,37415,130540,-2.2,13.5
13181,"Lincoln, GA",2019,,,0.0,0.06,,-0.49,0.22,0.15,-0.58,-0.48,0.01,,-0.16,-0.37,1.62,0.06,3.18,0.51,,,-0.01,7969,3839.0,4130.0,4.5,40442,131906,1.0,15.9
13181,"Lincoln, GA",2020,-0.34,0.01,0.0,-0.29,,-0.82,0.11,0.47,-0.81,-0.17,0.01,,0.17,-0.04,5.22,-0.43,4.78,0.17,,,0.0,7702,3745.0,3957.0,6.1,44684,137728,4.4,13.9
13181,"Lincoln, GA",2021,0.26,0.11,0.01,0.04,,1.41,0.29,0.23,0.48,0.01,,,0.21,-0.13,-1.15,0.32,-4.765000000000001,-0.16,0.51,0.0,-0.09,7750,3780.0,3970.0,4.5,47721,136802,-0.7,13.3
13181,"Lincoln, GA",2022,0.5,0.0,0.0,-0.08,0.04,1.6,,-0.23,0.17,-0.08,0.13,0.04,,0.1,-2.39,0.34,-3.3,-0.63,-0.98,0.01,-0.29,7872,3794.0,4078.0,4.0,46639,133772,-2.2,16.2
13181,"Lincoln, GA",2023,-0.03,0.03,0.0,0.23,-0.13,1.34,0.69,0.28,-0.54,,,-0.13,0.03,-0.27,2.1,0.82,-1.44,0.87,,0.0,0.05,7898,3822.0,4076.0,4.3,48452,135859,1.6,16.1
13183,"Long, GA",2002,-0.38,0.18000000000000002,0.0,,-1.4,-1.66,0.79,0.08,0.86,,,-1.77,0.07,0.55,5.13,,5.32,,,0.0,0.06,10894,,,4.1,18286,109659,6.0,
13183,"Long, GA",2003,0.17,-0.17,0.07,0.85,-0.02,0.43,0.32,-0.14,0.96,-0.1,-0.5900000000000001,-0.12,0.0,0.2,1.44,0.9,1.24,-0.02,0.52,0.02,0.12,10849,,,3.7,19813,112292,2.4,
13183,"Long, GA",2004,0.05,0.18000000000000002,0.0,,0.23,3.11,0.12,,-0.92,0.59,-0.5900000000000001,0.23,0.24,0.65,3.09,0.64,,,1.01,0.0,,11355,,,4.0,19473,114728,2.2,
13183,"Long, GA",2005,-0.04,-0.17,-0.04,,,-3.22,,-0.46,1.46,,,,-0.1,0.05,1.15,0.61,4.86,-0.07,0.26,-0.02,0.14,11677,,,4.0,20522,117718,2.6,
13183,"Long, GA",2006,-0.23,-0.17,-0.04,-0.74,-1.13,,,0.07,0.96,0.2,-0.08,-1.37,-0.33,0.29,-1.06,-0.76,0.15,0.17,0.08,0.0,0.13,12152,,,3.9,20114,117602,-0.1,
13183,"Long, GA",2007,-0.25,0.04,0.01,-0.15,,,0.35,,0.14,,-0.05,,0.03,-0.28,3.1,-0.17,,0.0,,0.0,1.16,12381,,,3.7,21349,121415,3.2,
13183,"Long, GA",2008,-0.14,-0.03,-0.01,,,-0.91,,1.24,0.37,-0.1,-0.01,,-0.06,-0.15,-0.67,-1.11,1.51,-0.38,-1.13,0.0,0.35,12744,,,4.5,21015,121059,-0.3,
13183,"Long, GA",2009,0.03,0.03,-0.02,,0.21,-1.7,-0.69,0.78,2.32,,-0.01,0.37,0.01,,3.57,-0.31,4.83,0.17,0.2,0.0,-0.62,13787,,,6.5,21719,128280,6.0,
13183,"Long, GA",2010,-0.01,0.1,0.0,0.05,-0.6,-0.1,-0.1,-0.39,1.08,-0.45,0.01,-0.49,-0.06,0.26,5.07,0.1,5.42,-0.06,-0.08,0.0,-0.51,14575,7230.0,7345.0,8.3,23685,136181,6.2,9.1
13183,"Long, GA",2011,0.04,-0.02,-0.01,,,-0.3,,0.59,0.96,0.28,0.0,,0.01,,3.96,0.37,4.41,-0.25,,0.0,0.04,15097,7516.0,7581.0,8.7,26874,142873,4.9,8.9
13183,"Long, GA",2012,0.01,0.05,0.0,0.12,,2.6,,0.08,0.92,0.04,-0.01,,0.06,0.22,2.5,0.15,-0.17,0.05,,0.0,,16013,7970.0,8043.0,8.4,26741,147764,3.4,11.8
13183,"Long, GA",2013,-0.01,-0.06,-0.01,,2.06,-1.43,0.42,-0.01,0.37,0.01,-0.01,2.13,1.42,0.09,2.73,0.22,-0.2,0.07,,0.0,,16510,8296.0,8214.0,8.1,31143,152344,3.1,14.0
13183,"Long, GA",2014,-0.02,-0.01,-0.01,0.06,0.94,0.66,-0.12,,0.36,0.05,-0.01,1.08,-0.63,0.12,1.78,0.08,,0.08,-0.26,0.0,-0.04,17058,8620.0,8438.0,7.5,30612,155606,2.1,13.9
13183,"Long, GA",2015,,-0.06,0.01,,,3.26,,0.27,1.0,-0.05,0.0,,-0.27,0.02,7.19,-0.07,-0.2,0.01,,0.0,-0.13,17695,8960.0,8735.0,6.0,30934,168349,8.2,15.0
13183,"Long, GA",2016,-0.01,-0.01,-0.01,,,3.26,,-0.17,0.26,0.19,0.0,,-0.53,,6.45,-0.27,3.71,-0.11,,0.0,-0.06,18392,9225.0,9167.0,5.9,30284,179656,6.7,15.2
13183,"Long, GA",2017,-0.05,0.0,,-0.01,,,-0.02,,1.2,,0.03,,0.07,,0.13,0.1,,,,0.0,,18822,9459.0,9363.0,5.4,31466,182042,1.3,15.6
13183,"Long, GA",2018,,0.0,0.1,0.02,,,-0.05,-0.25,0.18,0.24,-0.01,,0.03,,-1.34,-0.17,2.13,0.37,0.1,0.01,0.05,19148,9626.0,9522.0,4.4,32763,179939,-1.2,15.5
13183,"Long, GA",2019,-0.01,0.0,0.05,0.0,,-0.66,,0.17,2.32,0.34,0.01,,0.1,,-4.27,-0.01,,0.23,0.02,-0.01,0.01,19647,9893.0,9754.0,4.3,33901,178329,-0.9,17.4
13183,"Long, GA",2020,,0.0,0.04,-0.27,-0.44,1.95,-0.08,0.21,-2.3699999999999997,-0.29,-0.01,-0.33,-0.07,-0.05,-8.24,,,,,0.0,-0.03,16264,8269.0,7995.0,5.3,36265,158294,-11.2,14.7
13183,"Long, GA",2021,,0.0,0.1,,,3.26,0.1,0.02,1.43,0.16,-0.01,0.5,-0.13,,19.95,0.8,5.42,-0.02,,0.0,,17105,8617.0,8488.0,3.6,40511,192138,21.4,14.7
13183,"Long, GA",2022,0.01,0.0,0.03,-0.22,0.18,1.84,0.01,,1.88,-0.01,0.02,,,0.31,4.64,-0.3,,-0.12,-0.5,0.0,0.0,18409,9294.0,9115.0,3.6,39205,204676,6.5,13.0
13183,"Long, GA",2023,0.15,0.0,0.02,-0.1,0.13,0.48,,0.69,-0.24,1.5300000000000002,0.01,,-0.04,-0.18,4.88,,0.86,0.22,0.33,0.0,0.0,19651,9875.0,9776.0,3.6,40741,214188,4.6,12.8
13185,"Lowndes, GA",2002,0.13,0.06,0.0,0.61,-0.01,-0.07,0.01,0.1,2.3,0.29,0.3,0.02,0.08,0.13,1.88,0.84,-0.18,0.63,-0.59,0.08,0.05,93903,,,3.8,24538,3988541,4.2,
13185,"Lowndes, GA",2003,0.14,0.03,0.01,0.29,0.22,-0.04,0.01,-0.47,0.44,0.21,0.02,0.23,-0.11,-0.07,3.05,0.46,0.62,1.02,0.47,0.02,0.48,94207,,,3.5,25590,4127617,3.5,
13185,"Lowndes, GA",2004,0.19,0.14,0.02,0.24,-0.26,0.43,0.31,-0.19,-0.23,0.24,0.14,-0.22,1.06,-0.11,3.53,0.37,0.17,0.5,0.14,-0.02,0.36,96510,,,3.5,26401,4263776,3.3,
13185,"Lowndes, GA",2005,0.31,0.08,0.0,0.38,-0.06,-0.66,0.66,0.48,-0.21,0.2,0.12,-0.12,-0.56,0.06,3.3,0.49,0.54,1.08,0.03,0.04,0.56,98273,,,4.0,27511,4395470,3.1,
13185,"Lowndes, GA",2006,0.26,-0.17,0.01,0.07,0.1,0.8,0.1,0.19,-0.75,0.46,0.06,0.11,-0.68,0.04,1.81,0.07,-0.41,0.91,0.1,0.01,0.22,100592,,,3.8,27853,4442138,1.1,
13185,"Lowndes, GA",2007,-0.05,0.18000000000000002,0.01,0.28,-0.19,-0.46,0.25,-0.12,-0.2,-0.06,0.12,-0.17,0.03,-0.12,2.34,0.28,1.79,0.21,-0.07,-0.12,0.59,101752,,,3.9,29009,4536986,2.1,
13185,"Lowndes, GA",2008,-0.23,-0.11,0.01,0.11,0.02,0.75,-0.71,0.55,1.49,0.55,0.38,-0.02,-0.43,-0.12,1.29,0.37,0.55,-1.23,1.35,0.0,-0.4,104918,,,5.6,29886,4663143,2.8,
13185,"Lowndes, GA",2009,-0.09,0.18000000000000002,0.05,-0.05,0.15,-1.29,-0.53,1.3,1.1,0.26,-0.05,0.09,0.51,-0.03,-3.54,-0.12,-1.65,-0.87,-0.79,-0.04,-0.6,107583,,,8.5,29491,4549438,-2.4,
13185,"Lowndes, GA",2010,0.04,0.15,0.0,0.05,-0.01,-0.12,0.18,-0.11,1.35,0.2,-0.01,-0.04,0.0,-0.01,0.49,0.11,0.26,-0.11,-0.01,-0.01,-0.03,109704,53501.0,56203.0,9.5,30426,4632847,1.8,22.3
13185,"Lowndes, GA",2011,-0.12,-0.09,-0.01,-0.15,-0.06,-0.47,-0.18,-0.5,0.32,-0.46,0.18,-0.06,0.65,-0.03,-1.99,-0.14,-0.32,-0.29,0.05,0.06,-0.25,111519,54691.0,56828.0,9.7,30966,4555482,-1.7,22.4
13185,"Lowndes, GA",2012,0.06,-0.08,0.01,0.05,-0.02,-0.15,0.59,0.33,0.82,-0.29,0.67,-0.03,-0.65,0.04,0.6,-0.03,0.64,-0.4,-0.05,0.0,-0.16,114141,56139.0,58002.0,9.0,30432,4620540,1.4,22.3
13185,"Lowndes, GA",2013,0.19,-0.09,0.01,0.33,-0.04,-0.76,0.49,-0.14,-0.67,0.27,0.67,-0.07,-0.65,0.04,1.11,0.46,0.85,0.34,-0.9,0.01,0.29,112985,55561.0,57424.0,8.0,31197,4640720,0.4,23.1
13185,"Lowndes, GA",2014,0.1,0.01,0.01,-0.17,-0.17,0.3,0.0,0.14,-0.48,-0.1,0.39,-0.19,-0.2,0.11,1.64,0.07,0.69,-0.47,0.42,-0.01,0.37,113630,55651.0,57979.0,7.3,32399,4694667,1.2,23.0
13185,"Lowndes, GA",2015,0.13,-0.02,0.03,-0.24,0.08,0.3,-0.11,-0.37,-0.53,-0.04,0.45,0.09,0.48,0.01,1.02,-0.17,-0.86,-0.41,0.96,0.26,0.11,113501,55532.0,57969.0,6.0,33525,4717733,0.5,23.5
13185,"Lowndes, GA",2016,-0.17,0.0,0.02,-0.2,0.03,0.57,-0.16,-0.26,0.26,-0.15,0.0,0.07,0.03,-0.01,1.67,-0.07,0.58,0.37,0.44,0.08,0.33,114457,55871.0,58586.0,5.5,34443,4808687,1.9,23.9
13185,"Lowndes, GA",2017,-0.11,-0.02,0.02,0.02,0.04,1.0,0.13,-0.25,0.4,-0.01,0.06,0.08,-0.28,-0.01,1.58,0.42,-0.15,0.26,0.27,-0.08,0.26,115495,56283.0,59212.0,4.9,35446,4903749,2.0,25.2
13185,"Lowndes, GA",2018,0.21,-0.07,0.01,-0.14,-0.09,0.5,-0.14,-0.12,0.24,0.17,-0.15,-0.07,-0.26,0.05,2.1,0.19,1.19,0.45,-0.01,-0.05,0.2,116361,56354.0,60007.0,4.3,36823,5018476,2.3,25.6
13185,"Lowndes, GA",2019,-0.07,-0.02,0.04,-0.2,0.0,0.25,-0.03,0.22,0.41,0.2,0.41,0.02,-0.4,-0.03,1.49,-0.21,0.21,0.38,-0.03,0.05,0.5,117600,56829.0,60771.0,3.8,37709,5114127,1.9,25.3
13185,"Lowndes, GA",2020,-0.69,-0.09,0.0,0.01,0.24,-0.56,-0.02,0.24,-0.52,-0.27,-0.18,0.27,-0.01,-0.12,-0.49,-0.52,0.66,-0.13,0.62,0.12,0.17,118432,57260.0,61172.0,6.3,41443,5062170,-1.0,26.2
13185,"Lowndes, GA",2021,0.65,0.13,0.05,0.13,-0.15,0.26,-0.15,-0.09,0.64,0.06,0.23,-0.14,0.87,0.02,3.74,0.52,1.04,0.39,-0.1,-0.03,0.01,118966,57387.0,61579.0,4.3,44291,5283989,4.4,26.4
13185,"Lowndes, GA",2022,0.27,0.12,0.02,0.17,-0.12,-0.52,-0.04,-0.25,-0.34,0.31,0.04,-0.14,-0.06,0.09,-0.69,0.47,0.19,-0.54,-0.46,0.02,-0.2,119547,57605.0,61942.0,3.5,43835,5229638,-1.0,26.1
13185,"Lowndes, GA",2023,0.05,-0.02,0.04,0.24,0.15,-0.51,0.06,-0.28,0.03,0.52,0.29,0.15,-0.31,-0.02,1.92,0.2,1.06,0.96,-0.23,0.04,-0.08,120800,58402.0,62398.0,3.6,45758,5331454,1.9,27.1
13187,"Lumpkin, GA",2002,-0.28,0.07,,,-1.41,-1.41,0.23,-0.73,1.18,,0.43,-1.41,0.72,0.18,-1.0,,0.43,1.12,0.08,,-0.04,23048,,,4.2,22247,605527,0.2,
13187,"Lumpkin, GA",2003,,,,0.23,-0.74,-0.74,-0.04,-0.85,1.28,,-0.43,-0.74,-1.05,0.09,-0.53,0.32,0.57,-0.08,0.52,-0.05,0.97,24162,,,4.1,22459,610104,0.8,
13187,"Lumpkin, GA",2004,-0.03,-0.04,-0.01,0.2,0.95,0.35,-0.29,-0.37,0.18,-0.18,-0.05,1.69,2.365,0.12,4.79,,0.41,0.42,0.11,,0.0,24916,,,4.2,24309,640431,5.0,
13187,"Lumpkin, GA",2005,0.03,-0.01,0.0,0.02,-0.51,-0.4,-0.47,0.41,1.52,0.08,-0.15,-0.1,1.07,0.19,1.23,0.3,0.7,-0.58,-0.18,-0.01,0.35,25884,,,4.7,25249,658007,2.7,
13187,"Lumpkin, GA",2006,0.54,-0.16,0.03,0.34,-1.94,1.42,0.97,0.32,0.62,1.0,0.07,-2.32,-0.38,0.09,2.05,0.71,-0.27,0.27,-0.24,0.01,-0.01,27300,,,4.1,26017,675532,2.7,
13187,"Lumpkin, GA",2007,-0.09,0.01,,0.2,0.73,1.73,-0.56,0.01,0.56,,0.07,0.31,-0.33,0.0,3.12,0.48,2.55,-0.72,-0.18,0.0,0.24,28228,,,4.2,27176,700445,3.7,
13187,"Lumpkin, GA",2008,0.07,-0.17,0.01,-0.14,-0.19,-2.69,-0.59,0.54,0.43,0.65,0.19,-0.33,-1.33,-0.05,-4.71,0.22,-0.52,-0.11,,,-0.12,29128,,,7.1,27438,670422,-4.3,
13187,"Lumpkin, GA",2009,-0.34,-0.01,-0.04,0.58,-0.24,0.28,-2.37,1.39,0.7,0.16,0.08,-0.37,-0.51,-0.08,-1.69,-0.19,0.68,-0.28,,0.16,,29723,,,11.7,27157,663731,-1.0,
13187,"Lumpkin, GA",2010,0.1,0.13,-0.09999999999999999,0.0,-0.83,1.67,0.99,-0.91,0.62,-0.57,0.08,-0.89,-0.64,-0.03,2.91,-0.45,2.72,0.19,0.36,0.02,0.27,30281,15056.0,15225.0,10.2,27583,687190,3.5,19.5
13187,"Lumpkin, GA",2011,0.17,0.04,-0.03,0.11,-0.58,-2.28,0.42,0.2,0.67,-0.75,-0.2,-0.79,0.34,-0.23,-2.86,0.35,-1.36,0.24,0.4,0.04,0.58,30453,15131.0,15322.0,9.6,29067,672146,-2.2,20.0
13187,"Lumpkin, GA",2012,0.35,0.09,0.01,0.04,1.34,-0.3,-0.18,0.35,-1.41,-0.42,-0.14,1.29,-0.71,-0.08,4.45,0.01,3.54,0.01,0.06,0.01,0.56,30684,15220.0,15464.0,8.2,29658,692584,3.0,22.8
13187,"Lumpkin, GA",2013,0.34,-0.03,0.0,-0.06,-0.13,-0.73,0.03,-0.05,0.11,0.14,0.18,-0.09,0.86,-0.01,1.69,0.04,0.47,0.41,0.18,0.01,-0.05,30872,15336.0,15536.0,7.3,30958,705060,1.8,25.4
13187,"Lumpkin, GA",2014,0.14,0.02,0.02,-0.06,0.32,0.21,-0.43,0.14,0.06,-0.13,0.31,0.46,0.24,0.12,0.76,-0.1,-0.15,0.2,0.01,-0.04,-0.23,31122,15437.0,15685.0,6.4,32295,710856,0.8,27.5
13187,"Lumpkin, GA",2015,0.59,-0.08,-0.01,-0.27,0.92,1.63,-0.05,-0.37,0.0,-0.18,0.42,0.95,0.42,0.07,5.49,-0.16,2.25,0.29,-0.08,0.03,-0.23,31292,15525.0,15767.0,5.5,34522,749882,5.5,28.1
13187,"Lumpkin, GA",2016,0.23,0.04,0.02,,-1.14,0.3,0.71,-0.22,1.42,-0.24,0.14,-1.12,-0.86,0.03,-1.88,-0.21,-0.55,0.43,-0.3,0.07,-0.34,31422,15575.0,15847.0,5.5,35536,746458,-0.5,27.0
13187,"Lumpkin, GA",2017,-0.25,0.13,,-0.05,0.23,1.72,1.13,-0.27,2.32,,-0.18,0.27,0.22,0.06,4.19,0.09,1.71,0.17,0.05,-0.02,-1.28,32812,16315.0,16497.0,4.7,36497,797021,6.8,26.7
13187,"Lumpkin, GA",2018,0.08,0.09,0.0,-0.03,-0.31,-0.62,-0.71,0.13,2.32,0.11,-0.04,-0.33,0.37,0.14,-3.08,0.19,-2.81,0.44,0.0,0.06,-0.18,32934,16321.0,16613.0,4.1,38466,795075,-0.2,26.2
13187,"Lumpkin, GA",2019,0.02,0.06,,,-0.36,-0.07,1.5,0.74,1.27,,0.0,-0.21,1.12,0.05,7.05,-0.04,3.89,0.03,-0.18,0.04,-0.16,33692,16686.0,17006.0,3.7,39634,861224,8.3,26.4
13187,"Lumpkin, GA",2020,-0.7000000000000002,-0.02,-0.01,0.06,0.01,0.59,0.56,0.27,-1.24,0.57,0.02,0.21,0.65,-0.14,-1.61,-0.13,-3.74,-0.2,0.23,0.06,0.4,33636,16712.0,16924.0,5.4,41686,836639,-2.9,31.4
13187,"Lumpkin, GA",2021,0.7700000000000001,0.11,,0.27,-0.01,1.96,0.46,-0.36,-0.28,,0.67,0.0,1.86,-0.03,13.14,1.08,3.46,-0.02,0.05,-0.03,0.09,32844,16291.0,16553.0,3.1,47607,944262,12.9,32.5
13187,"Lumpkin, GA",2022,0.38,0.07,,,0.99,0.11,-0.01,-0.49,0.25,,0.2,0.95,0.39,0.24,2.32,0.12,0.99,-0.2,-0.33,-0.01,-0.01,34763,17272.0,17491.0,3.0,47008,968520,2.6,32.0
13187,"Lumpkin, GA",2023,0.16,0.03,-0.01,0.03,-0.78,0.7,-0.32,0.19,-0.38,-0.5,0.16,-0.87,0.01,-0.05,0.58,1.0,-0.51,0.62,-0.08,0.03,0.0,35268,17536.0,17732.0,3.1,49173,970374,0.2,31.5
13189,"McDuffie, GA",2002,0.18,-0.17,0.0,-0.21,-0.23,-0.7,-0.28,-1.37,0.21,0.23,0.57,0.08,-0.01,0.11,-0.15,-0.29,1.19,0.12,0.13,,,21141,,,7.0,24575,619242,0.1,
13189,"McDuffie, GA",2003,0.36,-0.01,0.0,-0.31,2.04,-0.2,0.02,-0.01,0.54,0.28,0.31,2.12,0.36,0.07,6.42,,1.24,1.1,0.68,,0.08,21155,,,6.3,25863,662315,7.0,
13189,"McDuffie, GA",2004,0.18,0.0,0.03,0.28,1.78,-1.06,0.57,-0.95,-0.51,0.27,0.67,1.75,2.365,0.0,8.18,,0.75,-1.48,0.28,,0.17,21256,,,5.7,27488,713139,7.7,
13189,"McDuffie, GA",2005,0.25,-0.01,,0.32,,-0.44,1.46,0.0,-0.22,,-0.17,,2.365,-0.05,8.0,0.11,1.08,0.11,0.3,,0.27,21419,,,6.9,27964,768610,7.8,
13189,"McDuffie, GA",2006,-0.05,0.0,0.03,-0.4,,0.06,-0.35,-0.51,-0.25,0.05,0.64,,0.84,-0.19,0.86,-0.44,-0.67,0.43,-0.06,,,21564,,,6.2,28247,773280,0.6,
13189,"McDuffie, GA",2007,-0.55,0.0,0.03,-0.08,,-0.77,-1.79,-0.34,-0.04,-0.2,-0.04,,0.67,0.17,-4.08,-0.01,1.72,-0.5,0.13,,,21527,,,6.3,28302,741458,-4.1,
13189,"McDuffie, GA",2008,-0.24,-0.04,,-0.08,,-0.07,0.44,0.06,-0.73,,-0.05,,-2.43,0.01,-5.48,-0.02,0.61,-0.05,-0.88,,-0.06,21790,,,8.0,28388,695385,-6.2,
13189,"McDuffie, GA",2009,-0.29,0.01,,-0.16,,-0.37,-1.83,0.98,0.2,,-0.38,,1.94,-0.32,0.71,-0.42,1.03,-0.62,-0.25,,-0.05,21836,,,11.4,28195,701729,0.9,
13189,"McDuffie, GA",2010,0.1,0.05,,-0.09,,0.6,1.09,-0.39,-0.1,,0.0,,-2.02,-0.12,0.09,-0.37,1.79,-0.47,0.0,,0.14,21803,10216.0,11587.0,13.0,28541,701639,0.0,11.5
13189,"McDuffie, GA",2011,0.09,0.01,,0.12,,0.12,-0.12,0.25,-0.68,,0.3,,-0.6,-0.06,3.05,0.14,4.6,-0.23,0.3,,,21614,10207.0,11407.0,13.1,30270,718280,2.4,12.8
13189,"McDuffie, GA",2012,-0.16,-0.01,,0.19,,-0.16,0.27,0.27,-1.44,,-0.14,,-2.23,0.13,-19.37,0.08,-4.765000000000001,-0.5,0.45,,-0.27,21630,10162.0,11468.0,12.4,29368,568857,-20.8,13.3
13189,"McDuffie, GA",2013,-0.1,-0.05,-0.02,0.18,-0.86,-0.18,0.26,-0.34,-1.46,0.57,0.67,-1.49,0.35,0.05,2.52,0.19,1.89,0.38,0.15,,,21506,10138.0,11368.0,11.2,29923,574882,1.1,13.7
13189,"McDuffie, GA",2014,0.02,0.0,,-0.06,1.33,-0.1,0.89,0.27,0.47,,0.09,1.15,1.37,0.18,2.07,0.02,-1.58,0.14,0.3,,,21529,10131.0,11398.0,10.0,30822,589481,2.5,15.3
13189,"McDuffie, GA",2015,-0.07,-0.02,-0.01,0.16,0.68,-0.13,0.73,-0.45,-0.32,0.75,-0.37,0.68,2.365,-0.06,5.33,0.23,0.98,0.38,0.03,,,21470,10083.0,11387.0,8.4,32277,619036,5.0,14.2
13189,"McDuffie, GA",2016,-0.12,-0.01,,0.34,1.08,-0.01,0.82,-0.33,-1.15,,-0.5900000000000001,1.09,-0.14,-0.16,0.56,0.25,0.13,0.64,-0.89,,,21481,10065.0,11416.0,6.9,32998,615424,-0.6,14.2
13189,"McDuffie, GA",2017,-0.03,0.01,0.0,,-0.35,0.34,2.55,0.22,0.43,-0.52,-0.27,-0.5,-0.54,0.07,0.32,,-1.1,0.32,-0.3,,-0.01,21517,10057.0,11460.0,5.9,34404,620017,0.7,15.3
13189,"McDuffie, GA",2018,0.24,-0.01,,-0.03,0.66,-0.13,0.95,-0.4,0.47,,0.02,1.52,-2.1,-0.28,-0.98,0.05,-0.16,-0.22,-0.16,0.03,0.05,21545,10103.0,11442.0,5.3,35034,616834,-0.5,13.7
13189,"McDuffie, GA",2019,0.22,-0.01,0.0,0.16,-0.99,0.35,3.29,-0.16,0.27,-0.04,0.67,2.51,-2.43,-0.21,6.36,0.29,1.36,0.08,0.0,0.05,-0.02,21317,9999.0,11318.0,5.0,37320,657732,6.6,14.0
13189,"McDuffie, GA",2020,-0.33,0.0,,,1.27,0.09,-1.24,0.13,-0.54,,0.18,2.32,-0.41,0.09,2.51,0.16,1.6,0.22,0.01,0.03,-0.2,21613,10126.0,11487.0,7.3,41213,670696,2.0,15.0
13189,"McDuffie, GA",2021,0.42,0.18000000000000002,,0.53,-0.63,0.17,-0.09,0.0,-0.67,,,0.22,2.29,0.04,2.15,,-1.83,0.14,0.26,-0.08,0.19,21628,10148.0,11480.0,4.9,43686,680645,1.5,16.0
13189,"McDuffie, GA",2022,0.26,-0.05,-0.05,0.55,-1.2,-0.4,1.63,-0.35,-0.56,0.73,,-2.88,-0.75,0.25,-1.85,0.9,,-0.41,-0.36,-0.03,0.19,21727,10220.0,11507.0,4.3,43320,664265,-2.4,18.4
13189,"McDuffie, GA",2023,,,,-0.28,2.2,-0.69,2.18,0.01,0.18,0.08,0.31,3.01,-1.43,-0.05,6.1,-0.16,-0.4,0.88,1.35,0.04,,21860,10276.0,11584.0,4.7,44291,705983,6.3,17.8
13191,"McIntosh, GA",2002,0.7700000000000001,0.01,,,0.63,0.12,0.16,0.2,1.32,,0.3,0.63,-0.04,0.39,5.93,0.29,3.31,-0.21,0.03,0.11,0.01,11648,,,5.0,18967,216969,7.2,
13191,"McIntosh, GA",2003,-0.7000000000000002,-0.02,0.0,-0.1,-0.14,0.17,,-0.69,0.38,,,-0.14,,0.07,0.75,-0.08,0.98,1.16,0.19,0.01,,11878,,,4.3,19831,219414,1.1,
13191,"McIntosh, GA",2004,0.11,-0.11,0.0,,-0.24,-0.94,,0.2,1.58,0.28,,-0.24,,0.06,1.7,-0.44,0.45,0.4,0.87,0.01,,12182,,,4.6,20899,226605,3.3,
13191,"McIntosh, GA",2005,-0.7000000000000002,-0.03,0.0,,-0.35,1.61,0.2,0.63,-1.17,,,-0.33,-0.11,0.0,8.35,-0.16,4.02,1.39,0.68,-0.03,,12408,,,5.3,21360,242888,7.2,
13191,"McIntosh, GA",2006,,,0.0,0.16,0.25,0.22,0.09,0.37,-0.65,-0.02,0.67,0.33,-0.38,0.06,4.37,0.27,0.39,0.77,0.75,0.0,0.09,12950,,,4.3,21946,251921,3.7,
13191,"McIntosh, GA",2007,,,0.01,-0.01,-0.08,-1.85,0.01,-1.26,-0.34,-0.06,,-0.04,0.45,-0.19,-0.47,-0.29,1.68,-0.4,0.79,-0.09,,13623,,,4.1,22215,249880,-0.8,
13191,"McIntosh, GA",2008,-0.7000000000000002,-0.06,0.0,-0.12,-0.28,-0.22,,0.13,0.3,0.05,,-0.27,,0.0,-4.16,0.36,1.02,-1.77,,-0.01,,13973,,,6.1,22546,240235,-3.9,
13191,"McIntosh, GA",2009,,,-0.01,0.02,0.88,-0.2,-0.25,0.56,0.84,-0.03,,0.82,-0.04,-0.22,-0.89,-0.44,2.14,-1.24,,0.02,0.01,14268,,,10.1,22582,240119,0.0,
13191,"McIntosh, GA",2010,0.06,0.02,0.0,0.1,0.2,0.01,,-0.29,-0.69,0.03,,0.15,,0.24,3.48,-0.08,3.69,-0.64,,0.01,-0.06,14312,6979.0,7333.0,10.4,23095,246807,2.8,15.0
13191,"McIntosh, GA",2011,-0.29,0.18000000000000002,-0.01,0.07,0.53,-0.96,-0.06,0.39,-0.38,0.01,,0.52,-0.11,-0.09,0.03,-0.02,2.89,-1.78,,-0.02,,14226,6978.0,7248.0,10.4,24945,245942,-0.4,15.2
13191,"McIntosh, GA",2012,0.64,0.04,0.02,0.22,-0.33,-0.94,-0.07,-0.01,-0.33,0.13,,-0.32,-0.12,-0.01,3.25,0.66,3.76,-0.68,,-0.03,,13887,6765.0,7122.0,9.6,26766,253129,2.9,14.6
13191,"McIntosh, GA",2013,-0.31,,0.0,,-1.19,0.9,0.16,-0.18,-0.52,0.12,,-1.2,-0.05,-0.08,3.1,0.16,2.58,0.59,,0.0,0.05,14030,6880.0,7150.0,8.9,27310,259674,2.6,15.8
13191,"McIntosh, GA",2014,0.05,,0.0,0.14,,-0.09,,0.69,-1.03,-0.09,,,,0.17,1.98,,0.83,0.66,,0.0,0.85,14067,6890.0,7177.0,7.9,29007,262135,0.9,14.2
13191,"McIntosh, GA",2015,,,-0.01,0.08,-0.25,0.46,-0.04,-0.57,-0.39,-0.01,0.29,-0.25,0.01,-0.1,1.36,,1.69,0.2,,,-0.33,14033,6913.0,7120.0,6.6,31657,264666,1.0,13.1
13191,"McIntosh, GA",2016,,,0.0,-0.02,,0.02,,-0.31,-0.11,-0.06,,,,-0.18,-4.28,,-2.95,-0.66,,,0.61,14068,6888.0,7180.0,6.5,33634,253058,-4.4,13.8
13191,"McIntosh, GA",2017,0.48,-0.07,0.02,,,-0.04,,-0.36,0.37,0.17,,,,-0.35,2.12,,2.04,0.02,0.52,-0.12,1.14,14092,6910.0,7182.0,5.7,35539,259354,2.5,14.0
13191,"McIntosh, GA",2018,0.16,0.0,-0.02,,,0.05,-0.01,-0.5,0.18,0.09,-0.59,,,-0.31,1.31,0.04,0.94,0.55,,,0.63,14243,6977.0,7266.0,4.5,38632,263228,1.5,15.6
13191,"McIntosh, GA",2019,-0.27,0.0,0.0,-0.05,-0.02,2.86,-0.01,0.4,-0.84,0.09,-0.44,-0.03,-0.02,-0.21,-2.33,0.06,-4.49,-0.16,-0.23,0.0,0.14,14294,6938.0,7356.0,4.3,40185,254892,-3.2,17.6
13191,"McIntosh, GA",2020,-0.7000000000000002,,-0.01,-0.18,,-1.19,-0.01,0.14,-0.38,0.03,,,,-0.28,-1.29,-0.16,1.31,0.05,0.09,0.0,0.2,10984,5361.0,5623.0,7.1,44564,250638,-1.7,17.5
13191,"McIntosh, GA",2021,0.73,0.03,0.01,0.02,,0.97,0.0,0.45,0.02,0.06,0.21,-0.44,-0.02,-0.11,-0.14,0.46,-2.76,-0.04,0.22,0.0,0.11,11056,5362.0,5694.0,4.4,47686,250342,-0.1,18.1
13191,"McIntosh, GA",2022,0.41,,-0.01,-0.07,-0.02,-0.36,,-0.23,1.14,-0.06,0.16,,,0.12,-9.68,0.4,,-0.04,-0.72,,-0.67,11190,5423.0,5767.0,3.6,48910,228973,-8.5,17.8
13191,"McIntosh, GA",2023,0.17,0.12,0.0,0.13,0.18,-0.87,,-0.29,-0.44,0.07,,,0.0,-0.23,-2.99,0.28,,0.74,-0.43,,-0.22,11532,5590.0,5942.0,3.3,50929,221120,-3.4,18.6
13193,"Macon, GA",2002,-0.08,,0.0,0.0,-4.32,-0.93,-0.23,0.06,-0.41,-0.03,0.25,-4.869999999999999,2.365,-0.18,-3.7,0.48,-1.0,0.44,,-0.16,,14245,,,7.7,18880,390433,-4.1,
13193,"Macon, GA",2003,0.05,-0.11,0.03,-0.05,2.81,-0.32,0.8,-0.32,-0.64,0.19,-0.22,2.81,2.365,0.12,3.78,-0.1,0.11,-0.17,-0.06,-0.23,-0.25,14294,,,7.7,19293,402669,3.1,
13193,"Macon, GA",2004,0.07,,-0.02,-0.04,2.69,-0.21,0.25,-0.26,-0.78,0.14,-0.47,2.84,2.365,0.0,10.63,0.02,-0.03,-0.79,,0.26,,14304,,,7.9,19957,442325,9.8,
13193,"Macon, GA",2005,0.05,-0.05,,-0.03,0.18,1.87,0.4,0.11,-0.23,,0.05,0.14,-2.43,-0.12,-0.88,,0.51,0.33,0.47,-0.2,,14241,,,8.7,20608,437399,-1.1,
13193,"Macon, GA",2006,0.03,,-0.01,0.01,-4.32,-1.57,-0.39,0.11,-0.36,0.23,-0.01,-4.869999999999999,-2.43,-0.16,-11.36,,-0.5,-0.13,0.43,0.26,-0.04,14364,,,7.7,18895,386122,-11.7,
13193,"Macon, GA",2007,-0.09,0.01,0.03,0.03,4.29,-0.77,-0.08,-0.52,-0.53,-0.43,-0.04,4.4,-2.43,0.05,-5.28,-0.04,1.05,-0.54,-1.2399999999999998,-0.04,0.01,14402,,,7.3,20183,363687,-5.8,
13193,"Macon, GA",2008,-0.1,-0.01,0.0,,1.53,-0.19,0.04,0.33,-0.62,0.0,0.11,1.39,2.365,0.11,6.84,-0.06,-0.4,-1.0,-0.15,-0.23,0.11,14496,,,8.6,21764,386312,6.2,
13193,"Macon, GA",2009,0.05,0.01,-0.02,0.15,-0.07,0.18,-0.25,0.53,-0.19,-0.46,-0.03,-0.31,2.365,-0.1,4.5,0.09,0.54,-0.2,0.02,0.05,-0.45,14842,,,12.4,20843,402984,4.3,
13193,"Macon, GA",2010,-0.03,0.05,0.0,0.12,-1.57,1.25,0.08,-0.33,0.07,-0.38,-0.03,-1.35,-2.43,-0.31,-3.6,0.11,0.45,-0.4,0.45,0.11,0.33,14644,7921.0,6723.0,13.0,21300,388745,-3.5,10.7
13193,"Macon, GA",2011,0.01,,-0.02,-0.01,-0.7,-1.14,-0.29,0.09,-0.23,-0.04,,-0.68,-2.43,0.07,-1.96,0.02,1.39,0.06,,0.26,0.46,14452,7849.0,6603.0,13.6,23349,380260,-2.2,11.8
13193,"Macon, GA",2012,-0.01,-0.02,-0.01,0.12,4.29,1.0,-0.02,-0.15,-0.32,0.42,-0.02,4.79,-2.43,-0.1,2.44,0.07,-0.31,0.02,0.28,-0.04,0.18,14297,7787.0,6510.0,13.1,25582,388323,2.1,9.8
13193,"Macon, GA",2013,-0.06,0.0,0.0,0.15,2.0,-1.05,0.13,-0.02,-0.44,0.43,0.07,2.1,-2.43,-0.09,1.76,0.05,1.95,0.0,0.6,0.05,0.64,13973,7619.0,6354.0,12.7,27393,393433,1.3,10.1
13193,"Macon, GA",2014,0.0,0.0,0.0,0.07,4.29,0.74,0.06,0.23,-0.18,-0.66,0.09,4.79,-2.43,0.0,5.35,0.07,-2.63,0.21,-0.29,-0.21,1.09,13822,7492.0,6330.0,11.8,29260,413785,5.2,8.7
13193,"Macon, GA",2015,0.04,0.0,0.02,0.04,2.6,0.17,0.33,0.06,-0.2,-0.24,0.12,2.52,2.365,-0.07,11.21,0.11,0.08,0.09,-0.02,0.26,1.37,13689,7444.0,6245.0,9.3,30350,459369,11.0,7.9
13193,"Macon, GA",2016,0.01,0.0,-0.01,-0.06,-0.95,-0.97,0.19,-0.14,-0.48,0.16,0.01,-0.99,0.17,-0.14,-4.54,-0.05,0.13,0.09,-0.23,-0.23,0.2,13483,7383.0,6100.0,8.8,29625,436301,-5.0,8.5
13193,"Macon, GA",2017,0.0,0.0,0.02,-0.02,1.58,-0.04,0.33,-0.15,0.9,-0.54,-0.11,1.64,-2.43,0.0,1.46,-0.18,-0.15,0.04,0.53,0.26,0.16,13255,7244.0,6011.0,7.4,31954,446637,2.4,8.6
13193,"Macon, GA",2018,0.06,0.0,-0.02,-0.01,-3.3,-0.92,-0.11,-0.14,-0.37,-0.08,-0.07,-3.41,-0.17,0.12,-3.02,-0.01,1.53,0.11,1.25,-0.23,-0.42,13153,7238.0,5915.0,6.6,30831,431494,-3.4,8.6
13193,"Macon, GA",2019,0.3,,0.0,0.0,-0.09,0.17,-0.18,0.18,-0.28,-0.07,,-0.16,-2.24,0.03,-4.67,0.0,-2.85,0.17,,0.26,0.06,12934,7116.0,5818.0,5.0,33074,410146,-4.9,8.8
13193,"Macon, GA",2020,-0.36,0.03,0.0,-0.02,-4.32,0.19,0.55,-0.01,-2.17,0.06,0.01,-4.869999999999999,-2.43,-0.23,-6.5,-0.04,1.66,0.22,1.24,0.26,-0.1,12020,6699.0,5321.0,8.2,36031,374595,-8.7,10.1
13193,"Macon, GA",2021,0.26,,0.09,,4.29,-0.21,-0.07,-0.47,0.63,-0.03,0.01,4.79,2.365,-0.15,7.96,,-2.5,0.09,-1.11,-0.23,0.37,11854,6571.0,5283.0,6.9,39911,406805,8.6,10.1
13193,"Macon, GA",2022,0.04,,-0.01,,4.29,0.09,0.12,0.26,-0.35,0.24,0.03,4.79,-0.15,0.12,14.27,,-0.06,-0.39,-0.34,0.26,-0.08,11778,6566.0,5212.0,4.4,44156,463419,13.9,10.1
13193,"Macon, GA",2023,0.13,0.0,0.0,0.09,-4.32,0.07,0.17,-0.12,0.1,0.24,0.01,-4.869999999999999,-0.75,-0.25,-12.85,0.25,0.04,0.31,0.04,-0.23,-0.18,11838,6731.0,5107.0,4.4,41839,404368,-12.7,11.0
13195,"Madison, GA",2002,,,0.0,0.12,-4.32,-0.85,0.25,-0.06,0.95,0.01,-0.22,-4.869999999999999,0.06,0.2,-5.39,-0.11,1.8,0.26,0.2,0.06,0.14,26512,,,4.2,24457,395157,-4.4,
13195,"Madison, GA",2003,,,0.01,-0.11,-1.13,1.38,0.43,-0.35,0.27,,-0.13,-1.13,-0.19,-0.28,1.14,,1.22,-0.32,,0.05,,26857,,,4.0,24585,400727,1.4,
13195,"Madison, GA",2004,,,,-0.06,4.29,-1.41,0.12,-0.6,-0.21,,-0.14,4.79,0.15,-0.24,5.67,,1.49,0.81,,0.04,-0.03,26859,,,4.1,26030,422610,5.5,
13195,"Madison, GA",2005,,,-0.01,,1.46,-1.19,1.16,0.78,0.99,0.06,,1.44,0.32,0.03,5.74,0.35,2.55,-0.08,,-0.03,,27123,,,4.4,26253,451056,6.7,
13195,"Madison, GA",2006,-0.01,-0.04,,0.2,,0.78,0.44,0.33,-0.14,,,,-0.01,-0.19,-3.49,0.35,1.49,0.2,,0.01,,27347,,,3.7,26140,434652,-3.6,
13195,"Madison, GA",2007,-0.11,-0.01,0.02,0.44,,0.04,-0.06,-0.57,0.1,-0.08,,,-0.07,-0.54,-2.61,0.34,1.04,0.12,0.11,0.02,,27649,,,3.7,26707,423733,-2.5,
13195,"Madison, GA",2008,0.02,-0.03,,0.16,4.29,-3.02,-1.65,0.92,-0.29,,,4.79,0.14,-0.46,2.19,0.36,0.22,-0.16,-0.2,0.07,,27820,,,5.3,27880,431806,1.9,
13195,"Madison, GA",2009,0.01,-0.01,-0.04,0.1,0.13,0.34,-2.46,0.69,0.31,-0.1,,0.02,0.0,-0.2,-1.78,-0.05,0.72,-0.23,,-0.06,,28008,,,8.7,27551,425446,-1.5,
13195,"Madison, GA",2010,,,0.0,0.03,-4.32,1.98,0.64,-0.96,0.18,-0.02,,-4.59,0.11,0.27,-2.94,-0.25,-0.61,0.04,0.46,-0.01,,28221,13952.0,14269.0,10.3,27647,413690,-2.8,12.9
13195,"Madison, GA",2011,,,-0.01,0.15,-4.32,-0.71,-0.35,0.87,-0.02,0.1,,-4.869999999999999,0.09,-0.12,-8.13,-0.44,-1.98,-0.25,,0.01,,28186,13928.0,14258.0,10.0,28270,379946,-8.2,12.5
13195,"Madison, GA",2012,,,0.01,-0.07,4.29,0.19,-0.23,0.86,-0.18,0.03,,4.79,-0.24,-0.06,10.99,-0.17,0.69,-0.04,,-0.02,0.01,28081,13846.0,14235.0,8.8,30006,421012,10.8,13.4
13195,"Madison, GA",2013,-0.02,0.02,,0.04,4.29,-2.51,0.3,-0.19,-0.44,,,4.79,-0.12,-0.24,4.85,0.06,-0.47,0.02,,0.03,,28213,13940.0,14273.0,7.5,31398,439613,4.4,14.9
13195,"Madison, GA",2014,,,0.02,0.05,4.29,-0.16,-0.55,-0.66,-0.24,0.02,0.0,4.79,0.3,0.01,12.22,0.19,2.78,0.09,0.25,-0.06,-0.07,28376,14016.0,14360.0,6.7,32325,492305,12.0,14.8
13195,"Madison, GA",2015,,,0.01,-0.17,3.51,0.18,0.1,-0.5,-0.16,0.04,0.15,3.23,0.19,0.01,4.85,0.01,1.02,0.0,0.42,0.03,0.01,28431,14024.0,14407.0,5.6,34317,515382,4.7,15.6
13195,"Madison, GA",2016,,,0.11,,-2.88,0.35,0.07,-0.07,-0.3,0.13,0.12,-3.12,-0.08,-0.06,-1.27,-0.54,2.01,0.14,-0.3,0.13,-0.17,28833,14271.0,14562.0,5.2,34518,507274,-1.6,15.5
13195,"Madison, GA",2017,0.05,-0.03,0.11,0.0,3.28,0.21,0.22,-0.27,0.12,0.11,,3.64,-0.06,0.0,2.96,0.25,-1.38,0.13,,-0.08,,29253,14452.0,14801.0,4.5,36200,522887,3.1,16.7
13195,"Madison, GA",2018,0.01,-0.01,0.11,0.06,2.96,1.12,-0.08,-0.09,0.21,0.02,,3.03,-0.15,-0.03,5.6,0.24,0.46,0.51,0.28,0.07,,29653,14644.0,15009.0,3.7,36983,553252,5.8,18.0
13195,"Madison, GA",2019,0.07,,0.11,,-4.32,0.02,0.04,1.13,-0.23,0.11,,-4.869999999999999,0.83,-0.09,-5.41,1.22,-1.56,1.45,,0.26,,29925,14783.0,15142.0,3.3,38382,522031,-5.6,18.5
13195,"Madison, GA",2020,0.11,,-0.09999999999999999,-0.21,-4.32,-0.7,0.05,-1.02,-0.41,-0.26,-0.04,-4.869999999999999,-0.23,-0.26,-8.86,-0.22,1.25,-0.08,,0.26,,30276,14958.0,15318.0,5.3,39237,473666,-9.3,19.2
13195,"Madison, GA",2021,,,0.11,0.26,4.29,0.67,0.36,0.16,0.23,0.05,,4.79,0.51,,13.42,0.81,0.53,-0.69,,0.26,-0.22,30891,15230.0,15661.0,3.3,43669,538345,13.7,20.4
13195,"Madison, GA",2022,-0.2,-0.01,-0.03,0.91,4.29,2.63,0.01,0.12,-0.07,0.05,,4.79,0.74,,18.7,1.18,2.2,-0.64,,0.19,-0.03,31447,15521.0,15926.0,3.1,47184,638626,18.6,19.6
13195,"Madison, GA",2023,-0.03,0.01,-0.04,0.08,-4.32,-0.92,0.01,-0.58,-0.06,0.13,,-4.869999999999999,0.4,-0.13,-5.02,0.35,0.74,0.64,,,,32255,15935.0,16320.0,3.0,46890,606226,-5.1,20.2
13197,"Marion, GA",2002,0.13,0.02,0.0,,-1.32,,,0.21,0.17,0.02,,2.21,-2.43,,-6.69,0.09,0.42,0.32,-0.01,0.04,-0.03,7400,,,4.7,19921,198934,-6.5,
13197,"Marion, GA",2003,,,0.01,,-0.17,0.66,,,0.46,0.02,,-0.12,,,-2.79,-0.03,,0.28,,-0.23,-0.05,7521,,,5.6,20468,194309,-2.3,
13197,"Marion, GA",2004,,,,,0.67,-0.15,-0.16,,-0.56,,,0.89,-2.43,,-4.32,0.04,,-0.14,-0.05,0.01,,7637,,,5.5,21004,184826,-4.9,
13197,"Marion, GA",2005,0.09,-0.03,0.11,,2.06,-0.44,1.15,0.13,-0.01,-0.17,,0.6,-2.43,,-0.48,0.22,0.39,0.04,-0.09,0.0,-0.03,7818,,,5.3,21870,183916,-0.5,
13197,"Marion, GA",2006,0.09,-0.03,,-0.19,-3.24,-0.04,,0.1,-0.56,,,-3.24,,,-14.38,-0.21,-1.02,-0.6,0.28,0.01,-0.01,8089,,,4.5,20208,156432,-14.9,
13197,"Marion, GA",2007,-0.16,0.01,0.0,0.18,1.02,0.5,,,-0.53,-0.01,-0.14,0.61,,0.02,-3.55,0.11,,-0.84,0.11,-0.07,-0.05,8255,,,4.7,20921,150046,-4.1,
13197,"Marion, GA",2008,,,0.0,0.27,4.29,-1.16,,,-1.54,-0.34,,3.73,,,0.64,0.25,,0.39,-0.1,0.0,-0.01,8357,,,6.3,22021,148705,-0.9,
13197,"Marion, GA",2009,0.05,-0.02,-0.03,,-2.09,-0.82,-1.39,0.23,0.01,-0.33,,-2.75,0.71,-0.06,-3.46,0.2,0.51,0.13,,0.0,,8561,,,10.0,20873,143571,-3.5,
13197,"Marion, GA",2010,-0.11,0.01,0.03,,-4.1,1.78,1.43,-0.21,-0.53,-0.02,0.25,-4.36,-2.43,,-3.44,-0.07,0.71,0.57,,0.0,0.01,8741,4297.0,4444.0,10.5,20194,137862,-4.0,6.8
13197,"Marion, GA",2011,,,0.0,-0.17,-1.6,-1.1,,0.51,-0.44,-0.28,0.26,-2.64,,0.01,-1.59,-0.17,2.25,0.32,0.07,-0.02,-0.02,8699,4277.0,4422.0,10.3,22159,135059,-2.0,6.3
13197,"Marion, GA",2012,-0.35,0.01,0.01,0.11,4.29,-1.03,1.84,,-0.27,-0.04,-0.12,4.79,-1.14,-0.28,8.63,0.12,,-0.27,-0.02,-0.01,0.0,8672,4257.0,4415.0,9.8,23109,146344,8.4,8.4
13197,"Marion, GA",2013,-0.08,-0.02,0.0,,-0.77,0.54,-0.36,0.21,-0.59,0.07,0.05,-0.25,-1.68,-0.28,5.32,0.17,5.42,-0.06,,,-0.01,8581,4224.0,4357.0,8.8,25288,153254,4.7,10.6
13197,"Marion, GA",2014,0.0,0.0,0.01,0.13,-1.65,0.24,-1.76,0.56,-0.26,0.44,-0.17,-1.43,-2.22,,-10.08,0.12,-4.765000000000001,-0.56,,,,8636,4245.0,4391.0,7.7,25772,137401,-10.3,13.4
13197,"Marion, GA",2015,0.04,0.01,0.0,0.01,0.75,1.44,,-0.92,-0.64,0.03,0.02,1.01,,0.11,-5.58,0.02,-0.86,0.14,0.11,0.0,0.18,8561,4254.0,4307.0,8.5,27395,128856,-6.2,12.2
13197,"Marion, GA",2016,-0.21,-0.01,,,-4.32,-0.66,,-0.84,-0.78,,,-3.72,,,-10.2,0.15,-0.07,-0.42,,,0.16,8490,4221.0,4269.0,7.1,28170,114706,-11.0,11.1
13197,"Marion, GA",2017,-0.02,-0.02,0.11,,-0.53,-0.56,,-0.57,0.28,-0.29,,0.21,,,-0.66,0.59,-0.89,0.15,,,0.16,8438,4158.0,4280.0,5.8,30034,114269,-0.4,12.5
13197,"Marion, GA",2018,-0.03,0.0,-0.09999999999999999,-0.45,-1.46,,,0.94,-0.63,-0.3,0.06,-1.81,,-0.04,2.12,-0.29,4.53,0.8,0.24,0.0,-0.02,8392,4113.0,4279.0,5.0,31995,115978,1.5,13.1
13197,"Marion, GA",2019,0.48,0.0,0.11,-0.34,-0.49,,-0.51,0.9,-1.01,0.27,,0.4,,,-5.64,-0.24,,-0.72,-0.5,0.02,-0.03,8413,4165.0,4248.0,4.3,32741,108266,-6.6,13.4
13197,"Marion, GA",2020,-0.15,0.0,-0.09999999999999999,,0.33,,2.97,,-0.88,-0.11,,2.11,,0.07,9.9,-0.31,5.42,0.29,-0.13,-0.02,0.03,7528,3720.0,3808.0,5.1,35477,118030,9.0,13.4
13197,"Marion, GA",2021,0.46,0.0,-0.09999999999999999,,-0.13,,-2.87,-0.14,1.05,0.1,,0.5,,-0.35,-6.23,0.3,-4.765000000000001,1.01,,0.0,0.08,7431,3668.0,3763.0,3.6,40048,111921,-5.2,14.3
13197,"Marion, GA",2022,0.15,0.0,,,2.27,,0.39,-0.2,0.81,,0.0,-1.34,,,-0.48,0.0,,-0.06,,0.0,0.26,7464,3691.0,3773.0,3.5,38561,112282,0.3,12.2
13197,"Marion, GA",2023,0.01,0.0,0.11,0.09,-2.89,,1.49,-0.19,-0.49,0.13,,-4.44,,,-1.78,0.17,,0.61,0.05,0.0,0.37,7485,3692.0,3793.0,3.5,39386,109737,-2.3,13.6
13199,"Meriwether, GA",2002,,,0.04,-0.11,-0.21,-1.36,,0.08,0.3,0.02,0.02,-0.21,,0.2,-2.81,,0.22,0.41,,0.08,-0.01,22726,,,6.0,20940,513194,-2.5,
13199,"Meriwether, GA",2003,0.06,0.0,,0.06,0.52,1.85,-1.0,-0.64,0.44,0.26,0.01,0.52,-1.95,-0.04,0.66,0.0,0.06,-0.09,,-0.04,,22615,,,6.4,22018,518805,1.1,
13199,"Meriwether, GA",2004,-0.13,-0.04,0.11,-0.03,0.76,-1.07,-2.39,-0.5,-0.8,0.24,0.13,0.76,-0.67,-0.01,-3.98,0.0,-0.39,-0.39,0.16,0.08,0.1,22563,,,6.6,22659,494015,-4.8,
13199,"Meriwether, GA",2005,,,,-0.01,1.22,-0.45,,1.15,-0.11,-0.33,0.03,1.22,,-0.12,0.36,-0.08,0.23,-1.78,,-0.04,,22587,,,7.2,23280,495260,0.3,
13199,"Meriwether, GA",2006,0.17,-0.02,0.11,-0.1,0.98,-0.35,-0.52,0.16,-1.05,-0.4,0.03,0.98,-1.95,-0.31,-3.08,-0.02,0.26,-0.74,,-0.04,,22694,,,6.4,23581,474842,-4.1,
13199,"Meriwether, GA",2007,-0.32,0.01,-0.09,0.0,-1.27,-1.36,3.29,-0.51,-1.12,-0.02,0.01,-1.27,-2.01,-0.27,-1.02,0.0,1.7,-0.69,0.42,-0.06,0.11,22506,,,5.9,25111,464677,-2.1,
13199,"Meriwether, GA",2008,,,,0.13,-0.74,-0.27,-0.79,0.49,-1.36,0.44,0.05,-0.74,0.84,0.28,4.6,0.13,3.43,0.13,-0.15,0.01,0.93,22632,,,8.7,26225,479768,3.2,
13199,"Meriwether, GA",2009,,,,0.04,0.57,1.48,-1.08,1.45,-0.32,-0.37,-0.09,0.57,1.47,0.15,3.44,-0.1,0.12,0.03,,0.05,,22446,,,13.8,26421,494742,3.1,
13199,"Meriwether, GA",2010,,,-0.02,0.04,0.66,1.01,1.13,-0.42,0.12,0.13,0.05,0.66,1.86,0.04,6.79,-0.06,1.35,0.21,0.18,-0.23,,21817,10404.0,11413.0,13.6,27669,528896,6.9,9.7
13199,"Meriwether, GA",2011,,,,-0.02,-0.6,-2.21,0.57,0.56,-0.03,-0.04,0.12,-0.6,1.16,-0.13,1.18,-0.05,0.01,-0.03,0.63,0.13,1.3,21596,10323.0,11273.0,13.1,28937,535006,1.2,9.2
13199,"Meriwether, GA",2012,-0.05,-0.01,-0.05,-0.17,-0.12,0.18,,-0.32,0.58,-0.5,0.24,-0.12,,-0.45,-3.88,-0.15,-4.63,-0.26,,-0.09,,21331,10198.0,11133.0,11.8,28672,517354,-3.3,9.8
13199,"Meriwether, GA",2013,0.06,-0.03,-0.09999999999999999,0.12,-1.04,-2.0,-0.2,-0.23,-1.65,-0.12,-0.01,-1.04,-2.1,-0.23,-3.01,0.14,-0.94,-0.31,-0.22,0.08,1.7400000000000002,21214,10187.0,11027.0,10.7,28849,493269,-4.7,8.9
13199,"Meriwether, GA",2014,,,,0.14,0.16,0.3,-1.28,,-2.26,0.91,-0.12,0.16,-1.13,0.08,3.09,0.14,,-0.52,0.59,-0.02,1.7400000000000002,21201,10169.0,11032.0,9.8,30505,497387,0.8,9.3
13199,"Meriwether, GA",2015,,,-0.09999999999999999,0.05,-0.04,0.62,-0.2,,-1.58,1.29,,-0.04,-1.0,0.0,5.3,0.07,,-0.02,-0.02,0.05,1.7400000000000002,21167,10167.0,11000.0,8.1,31263,515881,3.7,9.3
13199,"Meriwether, GA",2016,-0.08,-0.02,-0.05,,-0.44,1.51,3.29,-1.16,-0.88,-0.11,,-0.44,1.28,0.03,8.62,,-2.2,-0.1,,0.14,1.7400000000000002,21052,10094.0,10958.0,7.2,32565,555825,7.7,10.1
13199,"Meriwether, GA",2017,-0.01,-0.03,-0.04,,0.09,-0.14,3.29,-0.62,-0.2,0.18,,0.09,-0.4,0.0,12.98,,1.55,0.17,,-0.11,1.7400000000000002,21011,10074.0,10937.0,6.2,33527,626854,12.8,10.7
13199,"Meriwether, GA",2018,0.26,0.0,0.0,0.15,0.38,1.2,1.46,-0.33,-0.58,0.19,-0.02,0.38,-1.03,0.12,-2.2,0.11,-0.72,0.06,0.37,0.05,-1.5500000000000005,21061,10104.0,10957.0,5.3,34988,609449,-2.8,11.5
13199,"Meriwether, GA",2019,-0.05,-0.01,0.0,0.17,-0.36,0.15,-2.83,0.24,-0.31,0.31,0.0,-0.36,1.14,-0.07,-0.95,0.19,0.22,0.3,-0.57,0.13,0.27,21112,10116.0,10996.0,4.9,36793,601796,-1.3,10.4
13199,"Meriwether, GA",2020,-0.22,,-0.05,0.16,0.73,-0.99,-0.95,0.3,-0.88,-0.3,,0.73,0.85,-0.16,-2.57,0.17,-2.28,0.25,-0.41,0.06,0.47,20619,9892.0,10727.0,9.1,40521,581052,-3.4,10.8
13199,"Meriwether, GA",2021,,,0.04,0.06,-0.15,1.01,1.1,-0.85,0.06,-0.14,,-0.15,-0.08,-0.02,5.13,0.27,3.03,-0.16,0.04,-0.11,0.91,20733,9981.0,10752.0,5.5,44139,611232,5.2,11.8
13199,"Meriwether, GA",2022,0.11,0.04,-0.01,0.05,-0.58,3.14,1.45,-0.05,-0.17,0.09,0.0,-0.58,-1.57,0.11,3.53,0.18,-0.04,-0.04,0.26,-0.07,0.52,20892,10006.0,10886.0,4.1,44563,631781,3.4,13.1
13199,"Meriwether, GA",2023,0.07,0.02,0.03,0.15,-0.02,-0.4,1.17,-0.02,-0.12,0.23,0.03,-0.02,1.22,-0.16,2.92,0.38,0.94,0.5,,0.02,,20964,10006.0,10958.0,4.1,46981,649474,2.8,13.0
13201,"Miller, GA",2002,-0.06,0.07,0.0,0.0,4.29,-0.28,0.04,0.41,0.72,-0.12,,4.79,0.0,0.04,9.85,0.28,-0.64,-0.09,-0.02,,1.14,6336,,,4.4,25526,196260,10.6,
13201,"Miller, GA",2003,-0.24,0.02,0.02,0.08,-2.32,,,-0.92,2.14,0.0,0.07,-2.32,0.01,-0.07,-3.52,-0.19,-0.51,-0.22,0.31,-0.01,0.36,6206,,,4.9,26581,193546,-1.4,
13201,"Miller, GA",2004,-0.06,0.01,-0.01,0.0,,,0.07,0.62,-0.21,0.13,-0.02,,0.05,-0.26,-4.94,-0.16,-0.19,-0.51,0.32,-0.02,0.93,6135,,,4.2,27577,183580,-5.1,
13201,"Miller, GA",2005,0.11,-0.05,,0.06,,0.67,0.05,0.54,-0.08,0.05,0.19,,,-0.13,5.65,-0.16,-0.34,-0.06,0.16,,-0.64,6096,,,3.7,28591,193819,5.6,
13201,"Miller, GA",2006,-0.02,-0.03,0.01,-0.06,2.94,-0.94,0.0,0.74,0.17,,-0.17,2.94,-0.19,0.11,3.35,-0.72,0.8,0.07,-0.29,,0.5,6104,,,3.6,28656,200637,3.5,
13201,"Miller, GA",2007,-0.14,-0.09,,-0.01,,2.16,0.08,0.02,-1.37,,,,,-0.22,-9.8,-0.36,-0.18,-0.07,-0.34,,-0.02,6124,,,4.4,28756,178226,-11.2,
13201,"Miller, GA",2008,-0.11,-0.02,0.11,0.17,1.6,-3.11,0.16,1.71,-2.3699999999999997,0.11,0.08,1.6,-0.01,0.1,2.26,0.09,0.79,0.07,0.45,0.0,0.25,6158,,,5.1,30172,177801,-0.2,
13201,"Miller, GA",2009,-0.2,0.04,-0.04,0.63,-0.88,0.63,0.05,2.16,0.06,-0.21,0.03,-0.88,0.2,-0.38,1.26,0.39,-0.35,-0.07,0.48,0.0,-0.61,6131,,,8.7,30154,180137,1.3,
13201,"Miller, GA",2010,0.19,0.18000000000000002,-0.01,0.52,,0.19,0.46,-1.16,-0.29,-0.06,-0.08,,,0.01,2.0,0.62,-0.27,1.11,0.22,0.0,0.54,6133,2933.0,3200.0,10.3,30570,183215,1.7,9.4
13201,"Miller, GA",2011,0.09,-0.02,-0.09999999999999999,0.27,4.29,-0.49,0.0,0.68,0.52,0.03,0.04,4.79,0.04,0.14,11.14,0.38,2.75,0.45,0.07,0.0,-0.1,6072,2908.0,3164.0,9.1,34101,204593,11.7,11.3
13201,"Miller, GA",2012,-0.11,0.07,,0.2,-4.32,1.1,-0.34,0.18,-0.8,,0.02,-4.869999999999999,0.06,0.02,-6.66,0.34,-1.09,0.17,-0.47,0.0,-0.06,6004,2902.0,3102.0,8.0,33837,189321,-7.5,10.6
13201,"Miller, GA",2013,0.05,-0.09,-0.02,-0.11,-4.32,-0.57,0.1,0.5,2.32,0.23,-0.04,-4.869999999999999,0.0,0.13,-6.31,-0.64,2.08,-0.16,0.21,0.0,0.95,5900,2875.0,3025.0,7.2,34011,183065,-3.3,11.9
13201,"Miller, GA",2014,0.13,-0.01,,-0.59,-4.32,0.19,0.01,2.19,2.32,,-0.06,-4.869999999999999,0.12,-0.11,-12.51,,-1.6,-0.34,0.31,,0.32,5943,2861.0,3082.0,6.3,33935,164524,-10.1,12.3
13201,"Miller, GA",2015,0.07,-0.17,0.01,,4.29,-0.33,0.26,-2.16,1.67,0.2,-0.29,4.79,-0.08,-0.1,2.87,,0.19,0.08,-0.14,,0.41,5847,2787.0,3060.0,5.5,35783,171997,4.5,12.8
13201,"Miller, GA",2016,0.08,-0.04,-0.03,,4.29,-0.84,0.26,,0.97,0.23,-0.06,4.79,-0.15,-0.16,4.21,-0.22,,0.17,0.48,0.0,0.06,5875,2794.0,3081.0,6.1,35958,180905,5.2,11.4
13201,"Miller, GA",2017,-0.02,0.0,0.03,0.07,1.88,-0.2,-0.06,,1.92,0.02,0.01,1.88,-0.08,-0.01,-0.36,-0.1,,-0.27,-0.61,0.0,0.51,5816,2786.0,3030.0,5.0,37847,183728,1.6,11.4
13201,"Miller, GA",2018,-0.21,-0.02,-0.06,,4.29,-0.26,-0.14,-1.05,1.51,0.11,0.0,4.79,-0.05,0.0,8.09,-0.08,0.69,0.23,,,0.37,5646,2704.0,2942.0,4.1,41653,201361,9.6,12.3
13201,"Miller, GA",2019,,,,,3.09,0.4,0.07,0.9,1.83,,0.0,3.09,-0.01,-0.11,3.21,0.14,-0.71,0.22,0.0,0.0,-0.59,5667,2705.0,2962.0,3.8,44597,211523,5.0,14.0
13201,"Miller, GA",2020,,,0.0,,-1.88,0.02,,0.22,2.29,0.09,-0.01,-1.88,,-0.17,-0.95,-0.05,2.1,-0.05,-0.46,0.0,-0.46,5992,2878.0,3114.0,4.5,47676,214350,1.3,18.6
13201,"Miller, GA",2021,-0.06,0.18000000000000002,0.0,-0.05,-2.25,-0.06,,,1.91,0.57,,-2.25,,-0.13,-4.97,0.14,,-0.37,0.37,0.0,,5852,2787.0,3065.0,3.3,52636,207793,-3.1,19.8
13201,"Miller, GA",2022,0.38,0.04,0.04,-0.02,-4.32,-0.04,,-0.46,1.97,0.33,,-4.869999999999999,,0.09,-7.78,0.18,,-0.17,0.02,0.0,,5790,2741.0,3049.0,3.0,52307,195720,-5.8,19.7
13201,"Miller, GA",2023,0.06,0.03,0.0,0.07,-0.39,0.04,-0.14,-0.03,0.68,0.05,0.03,-0.39,0.03,-0.11,1.07,0.15,0.58,0.78,-0.01,0.0,0.02,5790,2700.0,3090.0,3.0,52904,199147,1.8,21.9
13205,"Mitchell, GA",2002,-0.09,,0.01,0.02,-1.23,-0.08,0.43,0.21,0.2,0.08,,-1.23,-2.43,0.08,-5.19,0.05,-0.26,0.33,-0.15,-0.07,-0.15,23698,,,5.8,23039,816112,-5.0,
13205,"Mitchell, GA",2003,0.11,-0.17,0.01,-0.06,1.47,0.48,0.3,-0.31,-0.17,0.27,-0.5900000000000001,1.47,0.44,-0.17,0.63,-0.07,-0.1,0.16,0.06,-0.23,-0.12,23594,,,5.6,23102,819874,0.5,
13205,"Mitchell, GA",2004,,-0.11,0.01,-0.02,0.94,-0.31,0.71,-0.43,-0.51,-0.41,,0.94,2.365,-0.08,-2.98,0.06,-0.1,-0.17,,-0.23,-1.5500000000000005,23520,,,5.8,22615,791259,-3.5,
13205,"Mitchell, GA",2005,0.01,-0.01,-0.02,-0.15,3.65,0.03,-0.14,0.29,0.09,0.08,-0.5900000000000001,3.65,1.85,-0.23,4.47,-0.04,-0.19,-0.32,0.04,0.08,0.17,23363,,,5.6,23754,827275,4.6,
13205,"Mitchell, GA",2006,0.04,-0.01,-0.01,0.12,-0.73,-0.1,-0.66,0.02,-0.12,0.17,-0.48,-0.67,-2.43,-0.08,-6.35,0.09,-0.54,-0.05,-0.11,0.06,-0.32,23579,,,4.9,23257,773688,-6.5,
13205,"Mitchell, GA",2007,-0.27,0.0,-0.03,-0.19,1.61,3.26,-0.14,0.06,-0.19,-0.17,-0.04,1.66,-1.86,-0.11,8.23,-0.27,1.74,-0.23,0.16,0.23,0.39,23974,,,5.2,24988,835917,8.0,
13205,"Mitchell, GA",2008,-0.08,-0.02,0.03,-0.08,-1.32,-1.29,-0.39,0.18,-0.71,-0.15,-0.01,-1.44,-1.06,0.0,-4.36,0.03,-0.54,-0.1,0.19,-0.11,0.39,23840,,,7.0,26035,793586,-5.1,
13205,"Mitchell, GA",2009,-0.05,0.01,0.04,-0.09,4.13,-3.25,-0.71,0.7,-0.28,0.2,-0.05,4.13,1.09,-0.18,2.0,0.06,0.03,-0.25,-0.06,0.26,-0.13,23592,,,10.0,26100,807200,1.7,
13205,"Mitchell, GA",2010,0.04,0.18000000000000002,0.05,0.02,-3.42,-2.16,0.15,-0.16,0.0,-0.36,-0.06,-3.42,-2.4,-0.14,-5.43,0.21,0.82,-0.06,0.1,0.26,0.06,23502,12191.0,11311.0,10.7,25852,763374,-5.4,9.6
13205,"Mitchell, GA",2011,0.08,0.12,0.0,-0.07,-3.61,-0.54,0.18,0.5,-0.13,-0.09,-0.07,-3.61,-0.19,-0.01,-1.94,0.25,0.59,0.28,0.35,0.26,-0.57,23399,12171.0,11228.0,9.8,27508,747566,-2.1,10.7
13205,"Mitchell, GA",2012,0.1,-0.08,0.03,,-2.15,0.12,-0.2,0.41,-0.59,0.2,0.02,-2.15,-1.03,-0.01,-1.69,0.22,-0.11,0.02,0.32,0.16,0.3,23086,12054.0,11032.0,8.7,28609,730569,-2.3,9.6
13205,"Mitchell, GA",2013,,,-0.04,,2.83,-0.51,,-0.13,-0.79,0.16,0.18,2.83,,0.0,1.95,0.33,1.21,0.18,-0.43,-0.23,0.35,22990,12016.0,10974.0,8.5,29077,739106,1.2,9.6
13205,"Mitchell, GA",2014,-0.05,-0.17,-0.02,,-1.05,0.1,0.0,-0.23,-0.23,0.01,0.3,-1.05,1.29,0.04,0.61,0.25,-0.33,-0.22,1.35,-0.23,-0.5,22712,11860.0,10852.0,7.9,29709,741924,0.4,11.1
13205,"Mitchell, GA",2015,-0.08,0.03,0.0,-0.05,3.34,-0.03,0.71,-0.44,0.02,0.14,0.45,3.34,2.365,-0.01,7.43,-0.27,0.44,0.04,-0.23,0.21,-0.31,22449,11670.0,10779.0,6.8,32564,797186,7.4,11.4
13205,"Mitchell, GA",2016,-0.19,0.18000000000000002,-0.02,-0.03,1.2,0.28,0.52,-0.25,-0.4,-0.05,-0.37,1.21,-2.43,-0.05,-2.97,-0.1,-0.98,0.04,-1.2399999999999998,0.26,-0.18,22443,11660.0,10783.0,6.2,32350,770304,-3.4,12.0
13205,"Mitchell, GA",2017,0.08,-0.17,-0.09999999999999999,-0.07,-0.27,-0.03,-0.55,-0.41,-0.05,-0.01,-0.06,-0.27,-2.04,-0.04,-5.3,-0.15,0.7,0.07,,-0.23,,22313,11571.0,10742.0,5.8,33793,729071,-5.4,12.3
13205,"Mitchell, GA",2018,,,-0.05,0.04,0.48,-0.2,-0.58,-0.68,-0.31,0.25,-0.27,0.47,-2.43,-0.03,-2.41,-0.8,1.17,0.38,,0.26,,22156,11498.0,10658.0,5.1,33745,709268,-2.7,11.1
13205,"Mitchell, GA",2019,-0.1,0.0,-0.02,,1.74,1.7,0.1,0.22,-0.56,0.08,0.03,1.74,-1.63,-0.06,3.16,0.08,-1.24,0.04,,0.26,,21846,11292.0,10554.0,4.4,36100,727677,2.6,9.7
13205,"Mitchell, GA",2020,-0.11,0.01,-0.01,-0.08,-1.0,,,-0.08,-0.77,-0.31,0.06,-1.0,-0.17,-0.15,2.98,-0.2,2.1,-0.31,,0.26,,21676,11119.0,10557.0,6.1,40798,743733,2.2,11.7
13205,"Mitchell, GA",2021,,,0.01,0.1,-3.39,,,-0.01,-0.17,0.19,-0.05,-3.39,0.27,-0.1,-3.0,0.34,-1.9,-0.03,,0.26,,21326,10797.0,10529.0,4.7,44957,720102,-3.2,11.7
13205,"Mitchell, GA",2022,0.33,-0.01,0.0,0.08,-0.41,-1.13,0.91,-0.37,0.0,0.52,0.26,-0.4,2.365,-0.17,5.07,0.25,0.69,-0.25,-0.52,0.26,-0.42,21182,10632.0,10550.0,3.8,45403,756658,5.1,12.3
13205,"Mitchell, GA",2023,-0.01,0.0,-0.02,-0.08,-3.73,-0.12,0.89,-0.14,0.01,0.18,0.08,-3.74,-1.92,-0.13,-3.79,0.07,0.45,0.57,,0.26,,20778,10284.0,10494.0,3.5,44877,728036,-3.8,12.9
13207,"Monroe, GA",2002,-0.11,0.01,,-0.02,-0.37,-0.14,,0.11,0.39,,,-0.34,,0.1,-2.53,0.04,0.21,0.01,-0.91,-0.23,,22767,,,4.6,25259,1333186,-2.1,
13207,"Monroe, GA",2003,-0.03,0.04,,,-0.3,2.1,,-0.06,0.2,,,-0.36,,-0.01,5.71,0.35,0.31,-0.09,1.34,0.26,0.06,23499,,,4.0,25327,1412013,5.9,
13207,"Monroe, GA",2004,0.07,0.01,-0.01,,0.41,-0.43,-0.05,-0.15,-0.17,0.37,0.05,0.49,0.24,-0.02,19.22,-0.07,0.34,-0.1,1.35,0.26,0.1,23648,,,4.2,28081,1680995,19.0,
13207,"Monroe, GA",2005,-0.01,0.03,-0.01,0.06,-0.22,-0.58,0.02,0.14,0.2,0.01,0.06,-0.22,0.2,-0.01,-1.17,0.01,0.15,0.37,0.51,-0.23,0.18,24080,,,5.0,29239,1664708,-1.0,
13207,"Monroe, GA",2006,-0.02,0.0,-0.01,0.0,-0.49,-0.07,-0.09,-0.02,-0.35,0.1,,-0.58,-0.11,0.02,0.88,0.01,-0.8,0.13,1.33,0.26,,24924,,,4.5,30001,1673696,0.5,
13207,"Monroe, GA",2007,-0.12,0.08,,0.17,0.06,0.11,0.01,-0.1,-0.11,,,0.44,0.03,0.0,3.1,0.32,1.05,-0.19,-0.66,0.26,,25726,,,4.1,30891,1723748,3.0,
13207,"Monroe, GA",2008,-0.06,-0.01,,0.04,0.21,0.96,,0.05,-0.27,,0.01,-0.61,,0.01,5.88,0.45,0.18,0.04,-1.2399999999999998,0.26,0.06,25969,,,5.8,33380,1820420,5.6,
13207,"Monroe, GA",2009,-0.06,-0.03,-0.04,0.01,0.08,-0.79,-0.07,0.26,0.36,-0.04,,0.09,-0.11,-0.04,-2.71,0.17,-0.28,0.05,-0.56,-0.23,,26233,,,9.1,33092,1777669,-2.3,
13207,"Monroe, GA",2010,0.02,0.03,,-0.01,-0.02,0.2,0.0,-0.14,2.32,,0.01,-0.23,-0.05,-0.05,7.35,0.11,0.29,0.23,-0.14,0.26,0.08,26133,13105.0,13028.0,10.1,33598,1957864,10.1,19.0
13207,"Monroe, GA",2011,0.03,-0.01,,0.31,-0.4,-0.1,,0.07,1.17,,0.03,-0.48,,0.0,7.15,0.09,0.56,-0.02,0.9,0.26,-0.11,26301,13136.0,13165.0,9.6,36416,2120846,8.3,18.3
13207,"Monroe, GA",2012,-0.01,-0.01,0.07,0.16,0.32,-0.69,0.01,0.06,-0.02,-0.07,,0.2,-0.01,0.0,-2.42,0.15,0.29,-0.02,0.96,-0.23,,26336,13171.0,13165.0,8.5,36535,2069099,-2.4,18.7
13207,"Monroe, GA",2013,0.08,-0.01,-0.02,0.31,0.01,-0.07,0.0,-0.15,-0.99,0.03,,0.09,0.06,-0.02,0.77,,0.03,0.01,1.18,-0.23,0.25,26585,13349.0,13236.0,8.0,37038,2064712,-0.2,18.7
13207,"Monroe, GA",2014,0.0,0.0,,-0.02,0.34,-0.02,-0.02,0.02,-0.18,,,0.37,-0.05,0.02,-6.5,,-0.08,0.04,0.32,-0.23,0.36,26637,13392.0,13245.0,6.7,38995,1926790,-6.7,19.8
13207,"Monroe, GA",2015,-0.02,0.01,,0.02,0.12,0.31,0.0,0.14,-0.16,0.03,,0.14,-0.03,0.01,-6.83,-0.06,-0.06,0.08,-0.94,-0.23,,26683,13337.0,13346.0,5.9,41020,1791952,-7.0,21.3
13207,"Monroe, GA",2016,-0.09,-0.01,,0.07,-0.35,0.08,0.0,-0.04,-0.05,,0.04,-0.26,0.14,-0.02,2.28,,0.23,0.42,-1.16,0.26,,26880,13327.0,13553.0,5.2,41465,1831878,2.2,22.2
13207,"Monroe, GA",2017,-0.06,0.0,-0.09999999999999999,0.06,-0.13,0.06,0.01,-0.07,0.31,-0.04,0.02,-0.05,0.07,-0.09,-10.9,,-0.54,0.22,0.88,-0.23,,27153,13477.0,13676.0,4.5,42846,1637949,-10.6,22.7
13207,"Monroe, GA",2018,0.11,0.01,-0.02,0.52,,0.2,-0.02,-0.1,1.02,0.02,0.06,,0.1,0.03,1.65,,-0.06,0.18,0.52,,-0.24,27523,13694.0,13829.0,3.6,44480,1681753,2.7,26.3
13207,"Monroe, GA",2019,-0.02,-0.02,-0.02,0.51,,0.49,0.01,0.08,0.28,-0.05,0.09,,-0.07,0.04,-4.97,0.58,0.73,-0.23,,,,27677,13750.0,13927.0,3.3,46208,1602909,-4.7,26.8
13207,"Monroe, GA",2020,-0.13,-0.01,-0.04,-0.12,,0.15,0.04,0.06,-1.83,0.03,-0.01,,0.06,0.05,-20.01,-0.3,-1.33,0.13,,-0.23,0.13,28059,14160.0,13899.0,5.0,48331,1200373,-25.1,26.6
13207,"Monroe, GA",2021,0.14,0.07,0.08,0.65,,0.42,0.01,-0.12,0.44,0.26,0.0,,0.1,-0.05,13.19,0.8,2.29,0.13,,0.26,0.69,28752,14523.0,14229.0,3.1,53806,1364023,13.6,28.8
13207,"Monroe, GA",2022,0.27,0.02,0.05,0.66,0.86,-0.71,0.02,-0.08,0.44,0.25,-0.02,,0.21,0.19,2.0,0.74,,0.01,,-0.23,0.14,29455,14880.0,14575.0,2.8,54718,1397232,2.4,28.6
13207,"Monroe, GA",2023,0.01,0.01,-0.02,-0.98,-0.84,0.26,0.02,-0.17,0.76,0.28,0.02,-0.74,-0.08,-0.05,-4.8,-0.93,0.28,0.41,-0.33,-0.23,0.02,30616,15506.0,15110.0,2.8,56136,1340806,-4.0,28.7
13209,"Montgomery, GA",2002,-0.3,0.01,-0.09999999999999999,0.08,-0.58,-3.25,-0.35,0.18,1.04,,,-0.58,0.03,,-5.72,0.09,0.2,1.28,-0.17,0.02,-0.02,8532,,,6.9,19500,156587,-4.7,
13209,"Montgomery, GA",2003,0.02,0.01,-0.09999999999999999,0.06,0.14,2.29,0.39,-0.35,0.12,-0.28,-0.01,0.14,-0.03,0.14,3.96,0.14,-0.6,0.84,0.41,-0.01,1.16,8805,,,5.8,20150,162968,4.1,
13209,"Montgomery, GA",2004,-0.04,0.03,0.03,0.05,0.51,-2.01,0.96,-0.78,-1.2,,-0.11,0.85,0.18,0.15,-0.61,0.1,-1.01,0.59,,-0.02,,9040,,,5.5,20559,160024,-1.8,
13209,"Montgomery, GA",2005,0.07,-0.03,-0.09999999999999999,0.14,2.92,-1.48,1.38,1.44,0.44,,-0.01,2.52,0.06,,9.89,1.98,0.86,0.78,,-0.02,,8997,,,5.8,21287,176567,10.3,
13209,"Montgomery, GA",2006,0.02,-0.03,0.06,0.24,4.08,-0.2,1.6,,-0.24,,-0.03,4.08,-0.12,,7.04,1.72,,-0.57,0.07,0.0,-0.01,9165,,,5.1,21923,188568,6.8,
13209,"Montgomery, GA",2007,-0.2,0.01,-0.09999999999999999,0.22,-2.03,-0.23,,-0.48,0.31,-0.03,-0.01,-2.03,,,-5.37,-1.19,1.11,-1.42,,,,9175,,,4.6,23006,179032,-5.1,
13209,"Montgomery, GA",2008,0.39,0.0,0.07,0.16,-4.32,0.0,,2.04,-1.5,0.06,0.0,-4.869999999999999,,,-2.92,-1.38,1.3,0.42,-0.28,,-0.5,9100,,,7.5,23952,171122,-4.4,
13209,"Montgomery, GA",2009,0.42,0.01,-0.09999999999999999,,2.25,0.14,-1.94,2.19,-0.71,0.1,0.0,2.25,-0.08,-0.16,2.34,-1.2,0.83,-0.26,-0.23,0.0,-0.09,9136,,,8.9,24242,173908,1.6,
13209,"Montgomery, GA",2010,0.14,0.0,0.11,0.43,-0.33,0.42,-0.87,-2.22,-0.14,,-0.01,-0.33,-0.2,-0.22,-1.63,0.27,0.01,-0.02,0.57,,0.6,9140,4707.0,4433.0,11.9,24948,170828,-1.8,15.5
13209,"Montgomery, GA",2011,0.02,0.06,-0.09999999999999999,,-4.32,-0.02,-0.79,-0.36,-0.6,,0.0,-4.869999999999999,0.01,,-5.87,-0.51,3.5,-0.26,0.33,0.0,0.29,9027,4642.0,4385.0,13.0,25548,159774,-6.5,15.4
13209,"Montgomery, GA",2012,0.4,0.0,-0.09999999999999999,0.12,-0.74,-0.08,,-1.01,-1.34,-0.21,0.0,-0.74,,,-2.81,0.15,-1.23,-1.78,0.51,,1.7400000000000002,8883,4550.0,4333.0,11.5,26343,153152,-4.1,15.6
13209,"Montgomery, GA",2013,0.08,0.03,0.02,1.12,2.35,0.51,0.63,-2.22,-1.37,0.07,0.0,2.35,0.03,,1.72,1.98,-2.04,-0.08,-0.16,,1.18,8954,4604.0,4350.0,11.3,26505,153678,0.3,15.5
13209,"Montgomery, GA",2014,0.17,0.03,-0.02,0.08,-3.04,0.96,-0.66,-1.32,0.48,0.02,0.0,-3.04,-0.06,,-1.73,0.7,0.75,-0.2,-0.16,,0.94,8978,4642.0,4336.0,10.4,26832,151762,-1.2,14.4
13209,"Montgomery, GA",2015,-0.23,-0.1,-0.09999999999999999,-0.16,4.29,-0.11,-0.54,-0.73,-0.08,0.09,0.0,4.79,0.05,-0.01,9.48,0.81,0.72,-0.1,0.63,0.0,1.7400000000000002,8939,4628.0,4311.0,8.8,29214,166025,9.4,14.6
13209,"Montgomery, GA",2016,-0.04,-0.03,-0.09999999999999999,-0.02,0.85,-2.23,-2.08,-0.98,-0.36,0.07,0.0,0.85,0.01,-0.36,-0.52,-1.66,-1.27,0.06,0.6,0.0,1.7400000000000002,8996,4648.0,4348.0,8.0,29882,164557,-0.9,15.6
13209,"Montgomery, GA",2017,-0.02,-0.01,0.04,,-0.75,1.16,0.03,,-0.47,0.03,0.01,-0.75,-0.04,-0.3,-6.9,-0.03,,0.43,0.77,0.0,-1.5500000000000005,9032,4664.0,4368.0,7.1,30049,152417,-7.4,15.5
13209,"Montgomery, GA",2018,-0.04,0.0,0.11,-0.15,-1.09,0.39,1.49,,0.31,0.08,-0.01,-1.09,-0.01,,-1.17,-0.12,,0.53,-0.26,,-0.37,9157,4727.0,4430.0,6.2,30191,151105,-0.9,14.1
13209,"Montgomery, GA",2019,0.24,0.0,0.06,-0.2,-0.59,-0.55,0.12,0.11,-0.1,0.14,,-0.59,-0.02,-0.02,-2.2,,-0.38,0.18,-0.55,,-1.19,9148,4656.0,4492.0,5.7,31021,147634,-2.3,16.0
13209,"Montgomery, GA",2020,-0.5,0.0,0.11,-0.39,1.44,-1.01,-0.47,-0.28,-0.6,0.02,0.02,1.44,-0.01,,-3.68,,-1.21,0.3,-0.43,,-1.01,8569,4377.0,4192.0,5.8,34898,141319,-4.3,16.5
13209,"Montgomery, GA",2021,0.7700000000000001,0.01,-0.09999999999999999,0.59,-0.73,0.68,-1.37,0.16,0.24,-0.14,,-0.73,0.04,-0.4,-0.07,0.53,1.92,0.03,0.1,,-1.51,8640,4412.0,4228.0,4.6,38661,141561,0.2,17.8
13209,"Montgomery, GA",2022,0.24,-0.01,0.11,-0.07,-2.55,-0.37,0.3,,1.18,0.59,0.03,-2.55,0.01,,-1.83,-0.67,,-0.29,0.21,0.0,-0.16,8656,4398.0,4258.0,4.3,36905,140644,-0.6,19.6
13209,"Montgomery, GA",2023,-0.2,0.0,0.11,0.14,1.96,-0.03,0.52,,0.66,0.07,0.02,1.96,0.01,-0.19,3.44,0.13,,0.92,0.66,,-0.35,8767,4461.0,4306.0,4.3,37828,146407,4.1,20.2
13211,"Morgan, GA",2002,-0.46,0.0,-0.02,-0.3,-2.12,0.43,-0.76,0.31,0.79,0.08,0.26,-2.12,1.26,0.07,0.18,0.25,0.31,0.58,0.09,0.02,-0.11,16244,,,4.2,28085,524329,1.0,
13211,"Morgan, GA",2003,0.58,0.01,0.01,0.01,0.1,1.58,1.16,-1.09,0.23,-0.07,-0.1,0.1,-1.06,-0.09,3.37,0.32,1.2,-0.12,0.04,0.06,0.83,16397,,,4.2,28726,543192,3.6,
13211,"Morgan, GA",2004,,,-0.01,0.21,2.12,0.49,1.11,0.5,-0.06,-0.08,-0.03,2.12,2.31,0.03,5.03,-1.66,0.06,0.06,1.35,0.03,0.36,16604,,,4.2,30601,570202,5.0,
13211,"Morgan, GA",2005,0.7700000000000001,0.02,,0.3,,-0.27,1.1,0.58,0.12,,0.52,,-0.48,0.08,6.32,0.41,-0.16,1.87,1.1,-0.04,0.05,16925,,,4.6,31792,606948,6.4,
13211,"Morgan, GA",2006,-0.01,0.06,0.01,0.29,-1.65,-1.41,-0.66,0.52,0.16,0.06,0.23,-1.65,-2.43,0.11,-4.77,0.14,-1.92,0.31,1.03,0.01,1.18,17316,,,4.3,32848,578962,-4.6,
13211,"Morgan, GA",2007,-0.7000000000000002,0.02,0.06,0.3,1.46,0.36,0.61,-0.08,0.12,0.05,0.21,1.46,0.05,-0.08,3.86,0.19,3.09,-0.42,-1.2399999999999998,-0.01,0.51,17648,,,4.4,34836,602016,4.0,
13211,"Morgan, GA",2008,0.13,0.06,-0.02,-0.15,0.94,-0.79,0.75,0.16,-0.4,0.46,-0.12,0.94,-1.4,-0.13,-3.1,-0.18,-2.6,-0.3,-0.88,-0.01,0.85,17958,,,6.1,35196,580925,-3.5,
13211,"Morgan, GA",2009,0.7700000000000001,0.02,0.04,-0.73,,-0.03,-1.7,0.96,0.22,0.13,-0.16,,0.27,-0.11,-2.3,,1.21,-0.41,-0.68,0.0,-1.13,17921,,,9.9,35401,568819,-2.1,
13211,"Morgan, GA",2010,0.14,0.07,0.0,0.0,-1.33,-0.54,1.99,0.21,0.23,-0.02,-0.03,-1.33,-0.05,0.07,-0.1,-0.99,-0.38,0.1,-0.03,-0.13,0.82,17897,8642.0,9255.0,10.3,33596,569585,0.1,23.8
13211,"Morgan, GA",2011,0.33,-0.01,0.0,0.52,,-0.15,0.28,0.29,-0.17,0.19,0.03,,-0.33,-0.09,-0.56,,0.3,-0.26,-0.27,0.04,1.07,17906,8664.0,9242.0,9.9,35435,565403,-0.7,24.5
13211,"Morgan, GA",2012,-0.7000000000000002,0.0,-0.02,-0.01,,1.21,2.77,0.6,-0.42,0.28,-0.09,,-0.11,0.18,11.58,,4.24,-0.08,-0.28,-0.03,0.63,17807,8625.0,9182.0,8.9,37417,628540,11.2,22.3
13211,"Morgan, GA",2013,0.05,0.09,0.01,-0.2,-0.86,-0.77,0.22,-0.52,-0.81,-0.3,0.16,-0.86,0.45,0.4,0.77,-0.24,-0.08,0.17,0.05,0.0,1.7400000000000002,17681,8567.0,9114.0,8.0,37593,628278,0.0,22.7
13211,"Morgan, GA",2014,0.32,0.07,0.0,1.02,,0.63,-1.7,-0.41,-0.01,-0.03,0.04,,1.38,0.15,7.97,,0.37,-0.17,0.17,-0.05,1.7400000000000002,17894,8642.0,9252.0,6.6,40183,678329,8.0,22.3
13211,"Morgan, GA",2015,0.35,0.01,0.05,-0.39,,0.55,0.0,-0.12,0.46,-0.02,0.29,,2.365,0.27,5.77,,1.49,0.04,-0.14,0.02,1.7400000000000002,17947,8647.0,9300.0,5.6,42666,720626,6.2,22.1
13211,"Morgan, GA",2016,0.16,-0.03,0.02,-0.07,-3.19,-0.02,0.23,-0.13,-0.28,0.11,0.24,-3.19,0.97,-0.07,-0.11,0.31,0.77,0.48,-0.01,0.05,-0.01,18097,8684.0,9413.0,5.0,43939,717824,-0.4,20.8
13211,"Morgan, GA",2017,0.12,-0.09,0.11,-0.24,0.75,0.68,0.99,-0.28,0.28,0.04,-0.02,0.75,1.41,-0.07,4.79,0.18,0.19,0.47,0.16,-0.03,0.18,18374,8825.0,9549.0,4.5,47257,754177,5.1,22.1
13211,"Morgan, GA",2018,-0.12,0.0,,0.3,-1.08,2.82,0.08,0.06,-0.09,,-0.01,-1.08,2.365,-0.19,6.55,,-0.84,0.44,-0.05,0.06,-0.16,18808,9028.0,9780.0,3.6,49170,802843,6.5,20.8
13211,"Morgan, GA",2019,0.11,-0.01,-0.04,-0.39,-0.31,0.2,-0.11,0.13,0.04,0.11,0.67,-0.31,2.365,0.07,10.68,-0.39,2.7,0.0,-0.27,0.01,0.98,19239,9231.0,10008.0,3.2,50821,888945,10.7,20.7
13211,"Morgan, GA",2020,-0.7000000000000002,-0.03,-0.06,-0.15,0.15,-1.13,0.92,0.17,-0.29,-0.01,-0.5900000000000001,0.15,2.365,-0.12,2.11,-0.16,0.07,-0.11,-0.1,0.01,-0.41,20206,9751.0,10455.0,5.2,53512,905136,1.8,24.2
13211,"Morgan, GA",2021,0.7700000000000001,0.01,0.01,0.2,-0.09,0.96,0.04,0.48,0.56,0.31,0.02,-0.09,1.04,0.43,11.37,0.53,0.8,-0.02,0.18,-0.04,1.7400000000000002,20660,10044.0,10616.0,3.2,60541,1013036,11.9,27.2
13211,"Morgan, GA",2022,0.75,0.04,0.01,0.16,3.05,-0.68,0.61,0.5,0.08,0.21,-0.04,3.05,-1.05,-0.01,6.78,0.4,3.99,-0.23,0.09,-0.02,-0.84,21048,10213.0,10835.0,2.8,61293,1082467,6.9,29.9
13211,"Morgan, GA",2023,0.24,0.0,,-0.73,-2.75,0.25,0.8,-0.27,0.25,,0.03,,-2.11,-0.12,-3.63,-0.86,,0.61,-0.03,0.01,-0.6,21537,10472.0,11065.0,2.8,63507,1045856,-3.4,30.1
13213,"Murray, GA",2002,0.04,-0.01,,0.05,-0.73,0.07,0.09,0.29,0.72,,,-0.75,1.54,,5.86,0.18,0.91,0.09,-0.56,0.26,0.01,38167,,,4.4,20723,933578,6.6,
13213,"Murray, GA",2003,0.06,0.0,0.0,0.2,-0.17,1.03,0.18,-0.63,0.51,0.1,,-0.27,-2.26,-0.01,0.52,0.23,0.25,0.69,,0.21,,38998,,,4.1,20897,943278,1.0,
13213,"Murray, GA",2004,-0.33,0.0,0.0,0.22,0.65,-0.99,0.24,-0.3,-0.32,0.07,,-0.41,2.365,0.12,13.71,0.05,0.62,-0.08,,0.26,,39465,,,4.0,21570,1069533,13.4,
13213,"Murray, GA",2005,0.08,0.0,0.0,0.12,-0.07,0.25,0.44,0.11,0.11,0.0,,-0.41,2.365,,8.6,0.09,0.0,0.61,-0.29,-0.23,,39723,,,4.6,22141,1162700,8.7,
13213,"Murray, GA",2006,0.07,0.02,0.0,0.12,-1.01,0.14,0.22,0.03,0.23,0.04,,-0.9,2.365,,2.39,-0.01,0.23,0.21,-0.88,-0.2,,40173,,,4.3,22225,1193209,2.6,
13213,"Murray, GA",2007,,,0.05,0.15,0.6,-0.53,0.38,0.03,-0.29,0.07,0.01,0.66,2.365,-0.42,6.63,0.28,0.32,-0.25,-0.5,0.26,0.81,40138,,,4.6,22846,1268901,6.3,
13213,"Murray, GA",2008,-0.11,-0.03,,-0.5,1.01,-0.29,-0.06,0.36,-0.08,,,1.01,-1.33,-0.21,-1.04,-0.34,1.27,-0.18,,-0.23,,39869,,,7.5,23436,1254588,-1.1,
13213,"Murray, GA",2009,,,-0.04,-0.16,0.33,0.66,-0.56,1.19,-0.04,0.1,-0.01,-0.02,-2.43,-0.14,-3.79,-0.28,-0.58,-0.31,-0.72,0.26,-0.75,39888,,,13.0,22484,1206528,-3.8,
13213,"Murray, GA",2010,0.12,0.03,0.01,0.26,-0.48,-0.41,0.03,-0.56,-0.21,0.2,,-0.5,-2.43,-0.01,-5.66,0.12,1.76,0.34,,-0.05,-0.29,39532,19581.0,19951.0,13.6,23431,1135626,-5.9,6.7
13213,"Murray, GA",2011,0.06,,-0.01,-0.1,-0.88,-0.7,0.28,-0.26,-0.5,0.34,,-1.02,-2.05,-0.02,2.7,0.58,0.14,-0.16,,0.26,-0.35,39363,19483.0,19880.0,13.6,24057,1160557,2.2,7.4
13213,"Murray, GA",2012,0.1,,0.08,0.05,2.03,-0.06,0.17,0.13,-0.44,0.17,,1.8,0.27,-0.01,5.94,0.24,-1.35,-0.23,,0.26,-0.19,39311,19488.0,19823.0,12.6,24697,1224337,5.5,8.3
13213,"Murray, GA",2013,-0.09,,-0.01,0.4,0.43,-0.11,-0.01,-0.11,-1.16,-0.12,,0.38,-0.68,-0.06,-11.24,0.55,-0.2,0.08,0.11,-0.23,-0.26,39173,19285.0,19888.0,11.2,25535,1072553,-12.4,9.6
13213,"Murray, GA",2014,-0.04,0.04,0.01,0.32,1.75,0.98,-0.12,0.03,-0.13,0.08,0.01,1.81,-0.97,0.05,-1.35,0.5,0.11,0.06,0.02,-0.23,-0.59,39212,19382.0,19830.0,9.4,26669,1056698,-1.5,8.6
13213,"Murray, GA",2015,-0.06,-0.02,0.03,0.13,0.96,0.25,-0.06,-0.26,0.06,-0.08,0.07,1.01,-0.29,-0.05,11.72,0.09,-0.15,0.26,-0.05,0.26,-0.32,39426,19449.0,19977.0,7.5,27509,1181173,11.8,10.3
13213,"Murray, GA",2016,-0.15,0.0,0.0,0.87,-0.45,-0.66,-0.05,-0.18,-0.02,0.17,,-0.31,0.78,-0.01,14.03,0.8,0.24,0.37,,0.26,-0.17,39322,19334.0,19988.0,5.9,28161,1346641,14.0,10.9
13213,"Murray, GA",2017,0.0,,-0.06,0.75,0.67,0.26,0.52,-0.26,-0.03,0.06,,0.88,-2.43,0.06,-4.77,0.67,0.23,0.36,0.16,-0.23,-0.21,39761,19531.0,20230.0,5.1,29336,1281985,-4.8,9.6
13213,"Murray, GA",2018,,,-0.03,0.29,0.62,-0.51,0.08,-0.35,0.02,-0.03,-0.05,0.88,-0.96,0.07,-6.24,0.39,-0.2,0.34,0.09,-0.23,0.0,39836,19609.0,20227.0,4.4,30320,1202215,-6.2,9.4
13213,"Murray, GA",2019,-0.07,0.01,-0.01,-0.98,-1.91,0.16,0.21,0.23,0.13,0.01,-0.04,-2.05,-2.43,0.02,2.13,-0.43,0.09,-0.21,,,-0.05,39996,19699.0,20297.0,4.3,31194,1229422,2.3,10.1
13213,"Murray, GA",2020,-0.15,-0.01,-0.01,-0.84,-2.3,0.41,-0.19,0.15,-0.23,-0.02,-0.01,-3.04,-1.89,-0.09,-2.03,-1.01,-1.23,0.07,0.02,0.26,0.03,40012,19826.0,20186.0,6.2,33618,1201617,-2.3,10.6
13213,"Murray, GA",2021,0.19,0.05,0.0,,2.09,0.72,1.01,-0.03,0.22,0.27,,1.58,0.58,-0.07,14.32,,2.16,2.0,0.27,,0.41,39976,19829.0,20147.0,3.6,37345,1376306,14.5,10.2
13213,"Murray, GA",2022,0.15,0.01,0.0,,2.4,-0.61,0.4,-0.07,0.18,-0.09,0.08,2.38,-1.55,0.13,3.76,,,0.23,-0.24,0.26,-0.09,40432,19970.0,20462.0,3.4,38242,1430521,3.9,11.4
13213,"Murray, GA",2023,-0.03,-0.01,0.0,0.16,-1.06,-0.09,0.05,-0.25,-0.06,0.09,,-1.14,-0.34,-0.12,4.64,,0.67,0.88,0.33,,-0.22,41072,20243.0,20829.0,3.4,38846,1496145,4.6,13.7
13215,"Muscogee, GA",2002,-0.03,-0.02,0.0,-0.3,,0.01,,0.61,0.33,0.28,0.67,,,-0.05,3.82,0.25,-0.15,0.3,,0.03,0.11,185139,,,5.5,29416,9288158,4.1,
13215,"Muscogee, GA",2003,0.57,0.0,0.01,0.0,,-0.06,-0.19,0.17,-0.02,1.15,-0.4,,-0.68,-0.12,-0.12,-1.66,0.85,0.18,,0.07,0.21,180838,,,5.3,30847,9275111,-0.1,
13215,"Muscogee, GA",2004,0.14,0.01,0.01,0.09,-0.01,0.05,,0.01,-0.19,0.44,0.23,0.0,,-0.08,1.28,-0.13,0.67,-0.42,0.03,0.0,0.44,185057,,,5.5,31252,9375982,1.1,
13215,"Muscogee, GA",2005,0.13,0.0,0.0,0.1,0.0,-0.45,,0.41,0.83,0.25,0.67,-0.05,,-0.03,0.95,0.31,-0.24,0.14,0.05,0.03,0.8,186543,,,6.1,32421,9542476,1.8,
13215,"Muscogee, GA",2006,0.13,0.0,0.0,0.18,0.01,-0.19,0.32,0.18,0.13,0.25,0.67,0.07,-0.44,-0.11,1.72,-0.73,-1.0,0.21,-0.01,-0.11,0.41,189464,,,5.4,33342,9719368,1.9,
13215,"Muscogee, GA",2007,-0.15,0.0,0.04,0.42,,-0.48,0.9,0.8,-0.05,0.01,0.67,,-0.51,-0.05,4.96,1.11,0.34,-0.59,,-0.05,0.24,184704,,,5.2,34578,10197111,4.9,
13215,"Muscogee, GA",2008,-0.04,-0.02,0.02,0.17,,-0.36,-0.23,0.43,0.39,0.54,-0.5900000000000001,,-0.31,0.05,-3.17,0.01,-0.14,-0.34,,0.01,-0.27,184763,,,6.3,35118,9913776,-2.8,
13215,"Muscogee, GA",2009,-0.14,-0.02,0.03,-0.22,,-0.3,,2.19,1.02,0.19,-0.5900000000000001,,,-0.02,-1.85,-0.44,-0.5,-0.53,,0.08,-0.61,188796,,,9.1,33536,9831577,-0.8,
13215,"Muscogee, GA",2010,0.12,0.01,0.03,-0.19,-0.01,0.34,,-0.49,0.43,0.14,-0.5900000000000001,-0.03,,0.1,1.2,0.24,1.21,0.28,-0.07,-0.05,0.25,191122,91915.0,99207.0,10.0,34784,9992501,1.6,21.6
13215,"Muscogee, GA",2011,0.14,-0.01,0.03,0.12,0.0,-0.11,0.45,1.16,1.64,0.12,-0.5900000000000001,0.0,-0.02,-0.04,0.51,-0.41,0.13,-0.01,0.21,0.01,-0.12,195340,94728.0,100612.0,9.9,36621,10207956,2.2,21.7
13215,"Muscogee, GA",2012,0.13,-0.01,0.02,-0.07,0.0,-0.22,0.59,-0.71,1.62,0.14,-0.5,-0.08,-0.15,-0.11,0.39,0.32,0.99,0.04,-0.04,-0.04,0.02,199077,97321.0,101756.0,9.6,36409,10413275,2.0,22.1
13215,"Muscogee, GA",2013,-0.03,0.0,-0.02,-0.01,0.02,-0.79,0.07,0.03,-0.7,-0.03,0.31,0.03,-0.01,-0.12,-0.59,-0.14,0.14,0.1,-0.17,0.08,-0.02,203370,99979.0,103391.0,9.3,34997,10279472,-1.3,22.6
13215,"Muscogee, GA",2014,0.05,0.01,-0.06,-0.02,-0.02,0.08,0.28,2.16,-1.89,0.15,0.18,-0.06,0.12,0.04,2.51,-0.02,-0.36,0.1,-0.09,0.01,-0.06,200746,98657.0,102089.0,8.5,36135,10343202,0.6,23.7
13215,"Muscogee, GA",2015,0.02,0.0,0.01,-0.04,0.0,-0.3,-0.04,1.42,-0.45,-0.19,-0.31,-0.02,0.0,-0.01,0.95,0.26,-0.38,0.07,0.05,0.04,0.33,198925,97463.0,101462.0,7.6,37996,10394383,0.5,24.1
13215,"Muscogee, GA",2016,-0.16,0.04,0.01,-0.02,0.0,0.3,0.59,-1.06,-0.13,-0.34,-0.04,0.01,-0.31,0.0,-0.33,0.46,-0.3,0.28,0.14,0.01,0.04,196354,95836.0,100518.0,6.4,38733,10346422,-0.5,25.0
13215,"Muscogee, GA",2017,-0.04,-0.02,-0.01,0.18,0.0,0.3,0.24,0.07,0.82,0.02,0.18,0.0,-0.08,0.15,0.72,0.33,-0.29,-0.02,0.08,-0.04,-0.16,193858,94384.0,99474.0,5.6,39941,10506084,1.5,26.0
13215,"Muscogee, GA",2018,0.02,0.0,0.02,0.14,0.01,-0.11,-0.1,0.14,0.29,0.32,-0.33,0.0,-0.17,-0.07,0.36,0.19,0.67,0.02,-0.08,0.05,-0.21,194362,94378.0,99984.0,4.8,40994,10574967,0.7,26.2
13215,"Muscogee, GA",2019,0.08,0.01,0.1,0.01,0.01,-0.33,0.43,0.62,0.49,0.22,-0.12,0.03,-0.13,-0.04,2.04,0.7,0.7,-0.05,-0.05,0.01,-0.13,196074,95225.0,100849.0,4.4,41394,10842518,2.5,25.8
13215,"Muscogee, GA",2020,-0.7,-0.02,-0.06,0.03,0.01,0.11,0.04,0.19,0.52,-0.6,-0.13,0.06,0.04,-0.16,-2.26,-0.07,-1.05,-0.17,-0.02,0.07,0.21,207015,100093.0,106922.0,7.2,44110,10654601,-1.7,27.5
13215,"Muscogee, GA",2021,0.61,0.11,-0.02,0.4,0.01,0.25,-0.29,-2.22,0.67,0.37,0.17,,-0.05,-0.03,0.45,0.89,0.62,0.07,,-0.11,0.25,205094,98874.0,106220.0,4.8,47719,10773034,1.1,27.6
13215,"Muscogee, GA",2022,0.3,0.05,0.01,0.62,-0.01,0.03,0.28,-2.22,-2.3699999999999997,0.11,-0.02,,0.16,0.12,-1.26,0.93,0.89,-0.2,,-0.06,0.16,202658,97390.0,105268.0,4.0,49232,10328763,-4.1,28.4
13215,"Muscogee, GA",2023,0.0,0.01,-0.05,-0.14,0.0,-0.1,0.67,-0.49,1.05,0.55,0.04,0.02,-0.14,-0.11,2.24,0.59,0.91,0.68,-0.23,-0.01,-0.08,201959,96739.0,105220.0,4.0,51442,10668407,3.3,29.7
13217,"Newton, GA",2002,-0.04,0.0,0.0,0.05,-0.05,-0.39,1.14,0.61,1.14,1.11,0.2,-0.17,-0.12,-0.01,3.32,0.35,0.87,0.12,-0.64,0.16,0.11,71102,,,5.0,24331,1991840,4.5,
13217,"Newton, GA",2003,0.18,0.08,0.11,0.09,0.1,0.35,0.34,0.0,0.84,-0.44,0.13,0.08,-0.59,0.11,3.49,,1.83,0.24,,0.07,0.65,75610,,,5.2,24542,2078124,4.3,
13217,"Newton, GA",2004,0.19,0.06,-0.09999999999999999,0.35,0.06,0.63,1.23,-0.6,0.46,0.59,0.42,0.06,1.52,0.31,7.01,,1.25,0.45,,0.13,0.43,80603,,,5.2,25067,2233511,7.5,
13217,"Newton, GA",2005,0.16,0.03,-0.05,-0.1,,-0.4,0.85,0.82,0.78,0.17,0.54,,0.63,-0.16,5.33,,2.22,0.42,0.21,-0.01,0.01,85647,,,5.9,25723,2369986,6.1,
13217,"Newton, GA",2006,0.32,0.01,0.09,-0.1,-0.02,0.12,1.68,0.41,0.48,0.45,0.25,-0.01,-0.54,0.06,1.92,0.36,-1.55,0.38,0.03,0.0,-0.14,90647,,,5.3,26449,2426827,2.4,
13217,"Newton, GA",2007,0.14,0.05,0.07,-0.19,0.03,-1.55,-1.13,0.23,0.46,-0.33,-0.05,-0.02,1.27,0.0,0.69,-0.85,2.56,0.04,0.08,0.04,0.15,95699,,,5.3,26927,2454890,1.2,
13217,"Newton, GA",2008,-0.11,-0.12,0.06,0.0,,-1.08,0.52,-0.43,-0.11,0.34,0.19,,-0.04,0.07,0.75,,1.0,0.0,-0.32,0.05,0.11,98240,,,7.7,27594,2470758,0.6,
13217,"Newton, GA",2009,-0.17,-0.01,-0.09999999999999999,-0.18,,-1.38,-2.87,0.33,0.42,0.23,-0.07,,1.55,-0.27,-6.74,,-1.69,-0.2,-0.07,-0.12,-0.77,99494,,,12.2,26767,2314558,-6.3,
13217,"Newton, GA",2010,-0.01,0.1,-0.09999999999999999,0.03,-0.01,-1.05,0.4,-0.52,-0.04,-0.1,-0.06,-0.01,-1.4,-0.05,-2.02,0.03,0.03,0.37,0.34,0.03,0.23,100128,47703.0,52425.0,12.5,26665,2266889,-2.1,19.4
13217,"Newton, GA",2011,0.21,-0.02,-0.05,0.13,0.01,0.93,1.73,0.2,-0.33,-0.01,0.01,-0.06,1.01,0.0,4.36,0.29,-0.2,-0.17,0.31,0.05,0.14,100446,47803.0,52643.0,12.1,27961,2358184,4.0,19.4
13217,"Newton, GA",2012,0.11,-0.06,0.04,0.29,,,1.03,0.41,-0.37,-0.03,0.25,,-0.87,0.07,2.38,0.24,0.45,0.07,-0.03,0.23,0.14,100965,48038.0,52927.0,10.8,28293,2405525,2.0,19.1
13217,"Newton, GA",2013,0.05,0.0,0.03,0.94,,,-0.29,-0.3,-0.08,-0.03,0.21,,-0.58,0.08,4.78,,3.09,-0.07,0.06,-0.17,0.56,102060,48611.0,53449.0,9.6,29136,2518576,4.7,19.4
13217,"Newton, GA",2014,0.06,0.0,0.05,0.49,-0.02,0.31,0.43,0.07,0.21,-0.08,0.17,-0.02,0.08,0.03,0.77,0.99,-1.99,0.05,-0.21,-0.03,0.85,103470,49282.0,54188.0,8.2,29804,2543352,1.0,19.4
13217,"Newton, GA",2015,0.06,-0.01,0.01,1.02,0.0,-0.1,0.26,-0.13,0.25,0.2,0.49,0.0,1.77,-0.02,5.01,1.68,-0.03,0.39,-0.14,0.05,0.54,104920,49837.0,55083.0,6.9,31197,2677183,5.3,20.2
13217,"Newton, GA",2016,-0.07,0.05,0.03,-0.52,,-0.13,0.31,-0.1,-0.03,-0.03,0.67,,1.04,-0.12,3.49,,0.93,0.55,0.0,0.22,0.68,106529,50432.0,56097.0,6.0,31969,2769785,3.5,19.8
13217,"Newton, GA",2017,-0.02,0.01,0.01,0.8,0.0,1.03,1.67,-0.07,0.16,-0.13,-0.06,0.0,-0.06,-0.07,2.99,1.13,-1.3,0.29,0.15,-0.02,0.44,107903,51001.0,56902.0,5.3,32810,2856886,3.1,19.9
13217,"Newton, GA",2018,0.08,0.0,0.05,0.59,-0.01,1.34,-2.87,0.05,0.2,0.62,0.08,-0.01,-1.15,-0.02,3.93,0.83,2.47,0.37,0.11,0.0,1.7400000000000002,109556,51752.0,57804.0,4.4,33990,2974896,4.1,19.6
13217,"Newton, GA",2019,0.09,-0.02,-0.01,-0.13,0.0,3.26,-0.22,0.15,0.14,0.12,-0.42,0.0,-0.2,-0.02,4.25,0.09,-0.45,0.16,-0.18,0.01,0.52,111894,52754.0,59140.0,4.0,34981,3105531,4.4,19.8
13217,"Newton, GA",2020,-0.33,-0.03,-0.09999999999999999,0.02,,-1.79,-0.43,0.2,-0.4,-0.14,0.23,,0.23,0.03,-0.37,,2.33,0.05,-0.09,0.08,-0.73,112897,53601.0,59296.0,7.0,38557,3081584,-0.8,20.9
13217,"Newton, GA",2021,0.53,0.05,0.0,-0.28,-0.01,-1.41,0.48,-0.06,0.22,0.41,0.38,-0.01,0.81,-0.02,-0.89,0.17,-0.7,0.08,0.25,-0.16,-1.5500000000000005,115356,54564.0,60792.0,4.3,42087,3061090,-0.7,21.7
13217,"Newton, GA",2022,0.46,0.02,0.11,-0.19,0.0,-0.4,0.4,-0.33,0.55,0.44,-0.02,0.0,-0.35,0.08,0.94,,,-0.39,,-0.11,0.2,117970,55714.0,62256.0,3.5,42052,3106703,1.5,22.6
13217,"Newton, GA",2023,0.12,-0.01,0.11,-0.07,0.07,0.11,0.11,-0.39,-0.04,-0.08,0.05,,0.07,-0.15,2.58,0.08,1.44,0.84,,0.1,-0.35,120529,56703.0,63826.0,3.8,43952,3185497,2.5,23.6
13219,"Oconee, GA",2002,-0.43,0.11,0.0,-0.31,-1.32,-0.36,,1.42,0.51,0.14,0.26,-1.32,,0.34,2.3,0.08,0.87,1.42,0.03,0.04,0.46,26501,,,3.1,31890,694285,2.8,
13219,"Oconee, GA",2003,0.04,-0.02,0.11,0.69,0.01,3.26,0.63,-0.01,0.69,0.33,0.15,0.01,-0.06,-0.04,8.49,1.25,1.12,0.18,0.1,0.01,0.25,27334,,,2.8,32387,757987,9.2,
13219,"Oconee, GA",2004,0.19,0.09,0.11,-0.26,1.4,0.14,,-0.18,0.27,1.36,0.16,1.4,,0.19,10.24,0.11,3.25,0.49,1.35,-0.06,0.66,27904,,,3.0,35471,837593,10.5,
13219,"Oconee, GA",2005,0.7700000000000001,-0.11,0.1,0.61,0.3,-1.43,-0.61,1.07,0.58,-0.1,0.14,0.3,0.04,-0.03,9.01,1.98,1.3,1.28,1.27,0.0,0.5,28616,,,3.4,39430,917927,9.6,
13219,"Oconee, GA",2006,0.49,-0.12,0.11,0.15,-1.26,1.25,-0.21,-0.11,0.31,0.78,0.06,-1.26,-0.02,0.26,3.16,0.88,-0.83,-0.35,1.35,-0.01,0.75,29720,,,3.1,42013,949732,3.5,
13219,"Oconee, GA",2007,-0.52,0.04,0.09,,,-2.63,-0.34,-0.05,0.84,-0.31,0.13,,0.04,0.1,-3.66,,0.47,-1.24,1.33,-0.01,0.05,30755,,,3.0,45089,922973,-2.8,
13219,"Oconee, GA",2008,-0.19,-0.07,0.08,0.23,,-0.91,,0.46,-0.15,0.87,0.13,,,0.13,0.71,0.35,0.33,-0.37,,0.02,-0.5,31697,,,4.1,46386,928136,0.6,
13219,"Oconee, GA",2009,-0.3,-0.07,0.11,0.12,,-2.82,,2.19,1.52,0.13,0.67,,,-0.29,2.89,0.33,-0.05,-0.22,,0.0,-1.0,32386,,,6.2,45113,968992,4.4,
13219,"Oconee, GA",2010,0.04,0.11,0.11,-0.05,,-0.14,-0.23,-1.16,-0.28,0.43,-0.5900000000000001,,0.09,-0.08,-3.51,-0.48,-0.49,0.36,,0.0,-0.16,32935,16066.0,16869.0,7.0,45242,932347,-3.8,44.9
13219,"Oconee, GA",2011,-0.14,0.17,0.03,-0.35,,-1.13,-0.06,0.43,-0.32,0.54,0.27,,0.06,-0.12,-4.0,-0.07,-1.03,0.03,,0.0,-0.13,33269,16217.0,17052.0,6.8,46463,892021,-4.3,45.2
13219,"Oconee, GA",2012,0.06,0.18000000000000002,0.11,-0.27,,3.26,0.01,1.28,-0.3,1.5300000000000002,-0.5900000000000001,,-0.11,0.25,14.93,0.68,3.15,0.89,,-0.02,0.97,33521,16351.0,17170.0,6.2,50256,1022506,14.6,44.1
13219,"Oconee, GA",2013,0.35,0.06,0.05,0.23,-3.83,-0.21,0.3,-0.05,-0.47,0.8,-0.08,-3.81,-0.06,0.16,1.4,1.49,0.98,0.26,0.1,0.01,1.05,34084,16650.0,17434.0,5.6,49569,1032004,0.9,43.1
13219,"Oconee, GA",2014,0.52,0.18000000000000002,0.08,0.16,-0.86,0.07,0.21,0.21,-0.16,1.19,-0.03,-0.84,-0.01,0.31,11.24,1.5,3.95,0.31,-0.14,0.0,1.7400000000000002,35077,17177.0,17900.0,5.1,53827,1146260,11.1,44.6
13219,"Oconee, GA",2015,0.51,-0.17,-0.09999999999999999,0.33,,-0.97,0.5,-0.32,0.06,1.1,0.28,,0.07,0.24,7.56,1.93,1.84,0.17,,0.01,1.7400000000000002,35861,17574.0,18287.0,4.5,57860,1233657,7.6,44.9
13219,"Oconee, GA",2016,0.0,-0.04,0.06,0.26,-0.47,0.75,1.05,-0.5,-0.14,0.67,0.11,-0.47,0.03,0.22,4.11,0.82,-0.03,0.83,-0.22,0.02,0.81,36928,18132.0,18796.0,4.2,58465,1282623,4.0,46.6
13219,"Oconee, GA",2017,0.16,-0.04,-0.02,0.05,,0.97,0.67,-0.22,0.28,0.6,-0.02,,0.01,0.33,3.71,0.53,0.2,0.18,,-0.01,0.16,38122,18713.0,19409.0,3.6,62471,1333860,4.0,48.2
13219,"Oconee, GA",2018,0.69,0.06,-0.01,0.24,0.17,2.6,0.23,0.04,0.22,-0.07,-0.05,0.16,0.34,0.36,7.68,0.91,0.78,0.55,0.24,0.01,0.83,39500,19433.0,20067.0,3.1,64607,1439223,7.9,51.1
13219,"Oconee, GA",2019,0.7700000000000001,0.01,0.11,0.18,-0.34,0.58,0.35,1.48,0.21,0.33,0.25,-0.33,0.39,0.01,5.96,1.07,-0.15,0.88,-0.04,-0.01,-0.28,40296,19759.0,20537.0,2.7,66275,1527971,6.2,52.3
13219,"Oconee, GA",2020,-0.53,-0.04,-0.09999999999999999,0.18,,-0.8,0.41,0.17,-0.04,-0.14,0.03,,0.33,-0.38,2.07,1.13,1.37,0.61,,0.02,-0.15,42025,20686.0,21339.0,3.7,70139,1559022,2.0,50.6
13219,"Oconee, GA",2021,0.7700000000000001,0.14,0.09,0.36,,-0.23,0.07,-0.04,0.14,1.41,0.03,,-0.6,0.1,5.78,0.79,2.79,0.29,,-0.03,0.19,43049,21179.0,21870.0,2.3,75826,1651340,5.9,51.6
13219,"Oconee, GA",2022,0.7700000000000001,0.03,0.06,0.18,0.38,0.08,-0.17,0.03,-0.12,0.34,0.3,,0.2,0.44,12.16,1.02,,-0.43,,-0.02,0.18,43676,21458.0,22218.0,2.4,83265,1850094,12.0,53.5
13219,"Oconee, GA",2023,-0.16,0.1,0.05,0.28,0.05,0.2,-0.26,-0.12,-0.08,0.49,0.14,,0.07,-0.25,-1.32,0.31,,0.78,,0.0,-1.5500000000000005,44256,21740.0,22516.0,2.5,87461,1824213,-1.4,54.9
13221,"Oglethorpe, GA",2002,-0.02,0.08,0.0,-0.18,-4.32,1.21,0.05,,1.03,0.07,,-4.869999999999999,0.06,0.3,-9.7,-0.03,,0.24,-1.2399999999999998,0.02,,13152,,,4.2,22709,187943,-8.7,
13221,"Oglethorpe, GA",2003,0.06,-0.13,,0.18,2.1,-0.35,,-0.33,0.5,,,2.13,,,2.47,0.02,0.13,0.49,0.01,0.04,0.16,13369,,,4.1,23161,193531,3.0,
13221,"Oglethorpe, GA",2004,0.07,-0.17,0.01,0.16,4.29,-0.34,0.05,-0.42,-0.99,0.14,,4.79,0.24,,9.4,1.26,-0.85,-0.86,,0.06,,13591,,,4.1,24552,209810,8.4,
13221,"Oglethorpe, GA",2005,,-0.01,-0.06,-0.15,1.28,-0.12,0.18,,-0.25,0.02,0.07,0.02,0.33,,3.38,0.15,,0.73,0.24,-0.04,-0.05,13699,,,4.5,26018,216373,3.1,
13221,"Oglethorpe, GA",2006,0.0,-0.02,0.0,0.24,-4.32,1.18,0.11,-0.19,0.47,-0.07,0.15,-4.869999999999999,0.16,-0.07,-11.83,-0.12,-2.81,-0.16,,0.0,,14030,,,3.7,25188,191796,-11.4,
13221,"Oglethorpe, GA",2007,-0.13,0.0,0.04,0.15,4.29,-1.45,0.53,-0.24,1.16,0.06,-0.18,4.79,0.11,0.0,22.69,-0.47,5.42,-0.59,,-0.03,,14382,,,3.9,27910,238074,24.1,
13221,"Oglethorpe, GA",2008,-0.12,0.0,0.03,0.07,4.29,0.02,-0.14,0.41,-0.97,0.1,-0.09,4.79,0.44,-0.08,5.2,-0.11,-3.77,0.08,-0.32,0.02,-0.11,14663,,,5.3,29019,248135,4.2,
13221,"Oglethorpe, GA",2009,,,0.0,0.22,3.3,2.23,-0.99,0.67,0.33,-0.1,-0.02,3.51,0.97,-0.07,8.97,0.05,3.29,-0.36,0.0,-0.05,-0.29,14784,,,8.5,28231,271226,9.3,
13221,"Oglethorpe, GA",2010,-0.02,0.1,0.01,0.21,-4.32,-0.7,0.18,-0.06,0.08,-0.01,0.03,-4.869999999999999,0.56,0.1,-6.07,0.6,-0.32,-0.08,0.15,0.02,0.04,14891,7381.0,7510.0,9.6,27651,254967,-6.0,11.7
13221,"Oglethorpe, GA",2011,,0.02,-0.03,0.68,-4.32,-1.01,0.02,0.23,-0.08,0.22,,-4.869999999999999,0.42,-0.12,-10.64,0.31,0.02,-0.13,,0.0,-0.01,14700,7323.0,7377.0,9.6,28767,227634,-10.7,14.8
13221,"Oglethorpe, GA",2012,,0.01,0.01,-0.2,4.29,1.33,,-0.1,-0.4,0.19,,4.79,,-0.05,21.39,-0.32,5.42,-0.24,,-0.03,-0.18,14500,7198.0,7302.0,8.4,31672,275426,21.0,18.2
13221,"Oglethorpe, GA",2013,0.01,-0.03,0.0,-0.01,-3.29,0.03,,-0.02,-0.28,0.06,,-2.88,,-0.29,-4.05,-0.08,-0.54,-0.1,,,,14415,7133.0,7282.0,7.5,32353,263498,-4.3,18.0
13221,"Oglethorpe, GA",2014,0.0,0.04,-0.02,-0.3,4.29,1.0,-0.06,0.58,0.13,-0.08,-0.01,4.79,0.03,0.19,15.88,-0.23,2.42,-0.29,-0.13,-0.01,-0.12,14532,7118.0,7414.0,6.7,34724,305707,16.0,18.2
13221,"Oglethorpe, GA",2015,0.01,0.18000000000000002,-0.04,-0.56,1.04,-0.61,0.06,-0.32,-0.2,-0.12,0.0,0.71,0.02,,0.42,-0.52,1.18,-0.06,0.01,,-0.11,14722,7229.0,7493.0,5.6,35441,306394,0.2,17.2
13221,"Oglethorpe, GA",2016,0.0,0.1,-0.02,0.13,-2.82,1.13,1.14,-0.56,-0.51,-0.03,0.0,-2.57,0.31,,1.71,0.09,2.07,0.01,-0.17,,-0.05,14710,7230.0,7480.0,4.9,35643,310075,1.2,16.6
13221,"Oglethorpe, GA",2017,,,0.08,-0.18,0.84,0.43,1.01,-0.24,0.04,0.02,,1.19,0.3,-0.14,0.71,-0.11,-1.22,-0.18,0.11,,-0.03,14851,7324.0,7527.0,4.3,37306,312398,0.7,15.5
13221,"Oglethorpe, GA",2018,-0.04,0.0,0.11,-0.02,4.29,-0.23,1.33,0.01,0.17,-0.02,,4.01,0.12,-0.08,5.1,0.0,0.0,0.09,-0.26,,-0.01,15034,7425.0,7609.0,3.7,37438,328837,5.3,16.9
13221,"Oglethorpe, GA",2019,0.01,0.01,0.02,-0.1,-4.32,0.26,1.0,0.57,-0.24,0.03,,-4.869999999999999,-0.2,0.01,-10.48,-0.05,-2.13,-0.05,,,,15222,7544.0,7678.0,3.3,38353,293575,-10.7,17.1
13221,"Oglethorpe, GA",2020,,,0.04,0.12,-4.32,0.4,-0.57,0.46,-0.28,0.11,0.01,-4.869999999999999,0.0,-0.17,-14.81,0.07,0.77,-0.2,,,-0.06,14867,7376.0,7491.0,4.8,39678,249266,-15.1,19.6
13221,"Oglethorpe, GA",2021,0.08,0.07,0.05,0.67,4.29,1.77,2.02,-0.05,0.41,0.31,,4.79,0.34,0.13,19.87,0.86,0.47,-0.09,0.77,,-0.19,15187,7533.0,7654.0,2.9,44338,299821,20.3,21.3
13221,"Oglethorpe, GA",2022,0.04,-0.02,0.06,0.26,4.29,0.39,0.27,,-0.09,0.2,,4.79,0.53,,17.68,0.21,,-0.04,,,0.28,15532,7686.0,7846.0,2.8,47061,352553,17.6,22.7
13221,"Oglethorpe, GA",2023,0.08,,-0.01,0.09,-4.32,-0.15,0.19,,-0.25,0.15,,-4.869999999999999,0.07,,-6.47,0.12,,0.18,0.1,0.05,-0.31,15788,7837.0,7951.0,2.8,47014,328870,-6.7,24.5
13223,"Paulding, GA",2002,0.34,-0.09,0.01,0.22,-0.07,-1.56,0.59,0.37,1.69,0.32,0.67,-0.07,0.09,0.47,5.46,0.39,1.94,1.33,0.06,0.03,0.34,94561,,,4.1,21805,1490203,7.2,
13223,"Paulding, GA",2003,0.34,0.02,0.01,0.41,-0.06,-1.1,0.02,-0.13,1.3,0.44,0.67,-0.06,0.46,0.18,7.71,0.35,4.19,0.76,0.07,0.01,0.45,100340,,,4.1,21746,1624474,9.0,
13223,"Paulding, GA",2004,0.3,0.03,0.02,0.6,,3.26,0.05,0.25,1.01,0.48,0.67,,0.17,0.18,12.16,,2.32,0.18,0.03,0.0,0.46,106350,,,4.3,24176,1838377,13.2,
13223,"Paulding, GA",2005,0.52,-0.04,0.01,0.29,,0.62,0.36,1.09,1.37,0.5,0.29,,-0.22,0.06,7.25,,2.05,0.96,0.4,-0.01,0.12,113132,,,4.7,26204,1996856,8.6,
13223,"Paulding, GA",2006,0.46,0.01,0.03,0.58,-0.21,-1.97,0.45,0.43,-0.45,0.43,0.67,-0.04,-0.59,0.26,0.75,0.73,-1.96,0.91,0.31,0.0,0.25,122635,,,4.1,27817,2002883,0.3,
13223,"Paulding, GA",2007,0.37,0.18,0.09,0.36,0.02,-0.47,0.42,0.49,1.04,0.32,0.67,0.09,0.01,0.09,6.27,0.51,3.51,-0.65,0.39,0.0,0.24,131172,,,4.1,28856,2149295,7.3,
13223,"Paulding, GA",2008,-0.11,-0.04,0.02,-0.22,0.13,-1.07,0.11,-0.11,-0.01,0.57,-0.5900000000000001,-0.07,-0.32,0.16,-1.02,0.04,1.06,0.5,-0.28,0.0,0.12,137066,,,6.1,30107,2127045,-1.0,
13223,"Paulding, GA",2009,-0.18,-0.05,-0.03,-0.42,0.03,-1.74,-0.21,0.83,1.62,-0.12,-0.58,-0.03,-0.07,-0.1,-1.59,-0.7,2.03,-0.19,-0.13,0.01,-0.34,140761,,,10.1,28923,2127688,0.0,
13223,"Paulding, GA",2010,0.01,0.06,-0.03,0.0,-0.11,-1.95,0.22,-0.75,-0.1,0.11,-0.4,0.0,0.24,0.21,0.45,0.27,1.81,0.45,-0.32,-0.01,0.53,142826,69814.0,73012.0,9.9,28348,2135202,0.4,20.8
13223,"Paulding, GA",2011,0.22,-0.04,0.03,0.22,,-0.43,0.27,0.01,-0.78,0.3,-0.49,,0.07,-0.12,1.2,0.6,0.43,0.31,,0.0,0.4,143606,70242.0,73364.0,9.3,29836,2144172,0.4,22.3
13223,"Paulding, GA",2012,0.28,0.04,0.0,0.24,0.16,2.09,0.14,0.23,-0.11,0.07,-0.19,0.14,0.33,-0.05,11.4,0.54,5.42,0.42,0.27,0.0,0.44,144750,70613.0,74137.0,8.2,30901,2386248,11.3,23.0
13223,"Paulding, GA",2013,0.28,-0.04,0.03,0.18,,-1.38,0.14,-0.13,-0.18,0.76,0.02,,0.04,-0.02,1.98,-0.33,1.92,0.23,,0.0,0.11,146775,71729.0,75046.0,7.2,31286,2429254,1.8,23.4
13223,"Paulding, GA",2014,0.36,0.05,0.01,-0.01,0.02,0.16,0.21,0.13,0.21,0.55,-0.13,0.03,0.0,0.28,1.02,0.09,-1.28,0.36,0.27,0.0,-0.07,148562,72496.0,76066.0,6.2,32752,2459179,1.2,23.3
13223,"Paulding, GA",2015,-0.22,-0.07,0.0,0.02,0.0,2.96,0.69,-0.24,0.4,0.36,-0.03,0.0,0.01,0.6,6.83,0.14,2.19,0.55,0.05,-0.01,-0.14,151691,74049.0,77642.0,5.3,34719,2636859,7.2,23.8
13223,"Paulding, GA",2016,0.06,0.02,-0.01,-0.15,-0.1,1.18,0.23,-0.04,0.09,0.76,0.01,-0.1,-0.11,0.01,2.62,-0.02,0.23,0.85,-0.29,0.01,-0.19,155415,75888.0,79527.0,5.0,36130,2708074,2.7,24.6
13223,"Paulding, GA",2017,-0.04,-0.01,-0.02,0.29,-0.01,0.47,0.29,-0.42,0.57,0.94,0.1,0.01,0.03,-0.07,3.4,0.27,1.52,0.42,0.2,-0.02,-0.26,159642,77827.0,81815.0,4.4,37463,2815589,4.0,24.4
13223,"Paulding, GA",2018,0.11,-0.03,0.03,0.19,-0.03,0.67,0.08,-0.02,0.48,0.61,-0.01,0.08,0.0,-0.09,4.56,0.18,2.27,0.68,0.12,0.02,-0.13,164482,80093.0,84389.0,3.7,38869,2957641,5.0,24.1
13223,"Paulding, GA",2019,0.25,0.01,0.02,0.07,0.01,0.17,0.31,0.29,0.32,0.82,0.61,0.07,0.25,-0.02,5.47,0.18,1.94,0.69,-0.09,0.0,-0.02,169302,82517.0,86785.0,3.2,40438,3129030,5.8,22.6
13223,"Paulding, GA",2020,-0.48,-0.01,-0.04,-0.26,-0.01,0.25,0.06,0.14,0.09,0.11,-0.22,0.06,0.11,-0.05,-0.57,-0.18,-0.55,0.32,0.07,-0.01,-0.14,169576,83075.0,86501.0,5.6,43230,3113990,-0.5,23.9
13223,"Paulding, GA",2021,0.52,0.12,0.01,0.54,,1.43,0.78,0.33,0.37,1.4,-0.1,0.01,0.17,0.08,7.58,1.04,1.03,0.62,,,0.06,173998,85211.0,88787.0,3.2,46912,3361347,7.9,25.9
13223,"Paulding, GA",2022,0.38,0.05,0.03,0.29,0.07,0.19,0.03,-0.21,0.76,1.49,0.1,,0.04,0.14,4.15,0.55,,-0.49,-0.28,0.0,0.07,178885,87451.0,91434.0,2.9,47668,3526509,4.9,26.5
13223,"Paulding, GA",2023,-0.06,-0.02,0.02,0.2,-0.04,0.05,-0.33,-0.03,0.66,0.18,0.06,-0.06,-0.07,-0.19,2.18,0.34,1.47,1.06,-0.03,0.0,-0.21,183535,89565.0,93970.0,3.1,50181,3626648,2.8,27.4
13225,"Peach, GA",2002,,,0.0,-0.04,-0.68,-0.04,0.01,-0.35,0.63,-0.07,-0.07,-0.68,-0.02,0.17,0.12,,0.52,0.4,-0.22,0.0,0.66,24348,,,5.2,23550,805936,0.7,
13225,"Peach, GA",2003,0.21,0.01,,,2.04,0.02,-2.87,-0.28,0.28,,0.01,2.04,-1.43,0.06,-3.65,,0.57,0.75,0.02,,-0.01,24595,,,5.8,24215,778770,-3.4,
13225,"Peach, GA",2004,,,0.01,,0.53,0.68,,-0.28,-0.51,-0.01,-0.05,0.53,,-0.07,-4.27,0.21,0.66,-0.52,0.24,0.0,0.09,24818,,,6.5,25265,741522,-4.8,
13225,"Peach, GA",2005,,,-0.02,0.12,1.22,-0.41,,0.47,-0.26,-0.11,0.08,1.22,,-0.09,-1.1,0.2,0.31,-0.37,0.12,0.0,-0.23,24756,,,6.7,26339,731411,-1.4,
13225,"Peach, GA",2006,,,-0.01,0.03,2.4,0.49,3.29,0.02,-0.47,-0.08,0.11,2.4,0.25,-0.05,10.56,0.03,-1.42,-0.22,-0.2,,0.22,25510,,,5.8,27058,805154,10.1,
13225,"Peach, GA",2007,,,0.0,0.3,-0.61,0.86,-2.87,-0.08,-0.34,-0.12,0.03,-0.61,1.68,0.42,-1.81,0.37,0.72,-0.66,0.05,,0.28,26467,,,5.5,28294,787899,-2.1,
13225,"Peach, GA",2008,-0.18,-0.02,-0.03,0.32,-3.22,-1.8,,-0.1,-0.23,0.52,,-3.22,,0.61,7.25,0.5,1.69,-0.59,1.35,,-0.6,27222,,,7.2,28448,843200,7.0,
13225,"Peach, GA",2009,0.02,0.01,0.0,-0.14,-0.6,1.18,-2.87,0.55,0.7,0.26,,-0.6,-0.8,-0.68,-9.92,-0.45,0.43,-0.41,1.35,,-0.2,27474,,,10.3,28341,765441,-9.2,
13225,"Peach, GA",2010,0.43,0.12,0.0,-0.04,0.7,-0.37,3.29,-0.45,0.48,-0.01,0.0,0.7,-0.9,-0.07,4.2,-0.09,0.74,0.03,-0.89,0.0,0.1,28104,13595.0,14509.0,11.9,28476,801299,4.7,18.0
13225,"Peach, GA",2011,0.18,-0.01,0.0,0.1,0.98,-1.68,2.17,-0.32,0.3,0.05,-0.04,0.98,-0.52,0.03,-1.52,0.1,0.03,0.56,-1.2399999999999998,0.0,0.09,28031,13577.0,14454.0,11.6,30312,791522,-1.2,17.8
13225,"Peach, GA",2012,0.09,-0.01,0.0,0.18,-1.95,-0.06,-1.32,0.21,-0.79,0.0,-0.07,-1.95,-0.77,-0.01,-4.8,0.22,-0.23,-1.78,0.61,0.0,0.28,28012,13655.0,14357.0,11.0,30395,747284,-5.6,18.4
13225,"Peach, GA",2013,0.02,-0.05,,0.26,0.07,-0.5,,0.04,-2.3699999999999997,,0.03,0.07,,0.06,4.29,0.49,-1.22,0.44,0.06,0.0,0.3,27411,13306.0,14105.0,10.6,31275,754996,1.0,19.2
13225,"Peach, GA",2014,0.01,0.03,,0.78,,0.7,,0.33,-0.32,-0.08,0.0,,,0.15,10.5,0.84,0.47,-0.24,-0.2,,-0.04,27391,13225.0,14166.0,9.5,32614,831848,10.2,19.5
13225,"Peach, GA",2015,-0.09,-0.03,0.0,0.15,,0.82,,-0.1,-0.34,-0.11,,,,-0.06,1.02,0.08,0.28,0.28,0.29,,-0.09,27216,13108.0,14108.0,8.0,34433,837502,0.7,20.9
13225,"Peach, GA",2016,-0.06,-0.01,0.0,-0.2,2.29,0.27,2.87,-0.28,-0.65,0.2,-0.01,2.29,-0.08,-0.11,5.76,-0.05,0.94,-0.09,0.03,0.0,-0.14,27111,13017.0,14094.0,6.5,35137,880353,5.1,20.2
13225,"Peach, GA",2017,0.36,-0.02,,-0.21,-1.35,0.11,,-0.04,0.34,0.08,,-1.35,,0.03,-1.61,-0.06,-0.8,0.53,0.15,0.0,-0.64,27179,13084.0,14095.0,5.5,36827,869185,-1.3,20.3
13225,"Peach, GA",2018,,,,0.1,-2.86,,,,0.36,,,-2.86,-0.01,0.06,1.37,0.34,,0.52,,0.0,0.1,27574,13280.0,14294.0,4.9,36616,884192,1.7,19.4
13225,"Peach, GA",2019,-0.1,-0.02,,0.02,2.06,-2.11,2.01,0.44,-0.2,,,2.06,-0.2,-0.01,6.02,0.18,,0.75,,,0.6,27697,13303.0,14394.0,4.0,38290,935592,5.8,20.5
13225,"Peach, GA",2020,-0.6,-0.02,-0.03,0.34,0.47,-0.71,-2.87,-0.04,-0.68,-0.27,0.01,0.47,-0.01,-0.28,-5.72,0.65,,0.99,,,0.26,28042,13531.0,14511.0,5.9,41071,875694,-6.4,22.0
13225,"Peach, GA",2021,,,0.03,0.35,-1.69,,0.73,,-0.04,0.06,0.03,-1.69,,-0.17,5.51,0.52,,2.0,,0.0,0.06,28254,13629.0,14625.0,4.6,44926,923586,5.5,21.7
13225,"Peach, GA",2022,0.36,0.03,-0.01,0.44,-1.4,0.25,2.05,-0.5,0.41,0.22,0.0,-1.4,-0.39,0.13,2.08,0.73,1.47,-0.59,-0.28,0.17,-0.15,28484,13663.0,14821.0,3.7,44579,946571,2.5,22.9
13225,"Peach, GA",2023,0.29,-0.02,0.0,-0.42,-0.01,0.08,0.15,-0.26,0.14,0.2,0.08,0.04,0.88,0.14,2.17,-0.27,0.7,1.21,-1.2399999999999998,-0.01,0.64,28807,13890.0,14917.0,3.7,46062,968450,2.3,24.3
13227,"Pickens, GA",2002,0.13,0.03,0.08,0.16,-1.48,0.57,-0.22,1.27,0.86,0.47,0.18,-0.64,0.24,0.31,5.72,0.88,2.08,0.57,-0.28,0.05,0.01,25258,,,4.2,28622,776057,6.6,
13227,"Pickens, GA",2003,-0.08,-0.01,0.03,0.26,-0.7,-0.2,,-0.26,0.62,0.48,-0.11,-0.71,,0.03,2.67,0.22,2.81,0.5,0.02,0.1,0.31,26209,,,4.4,28747,801624,3.3,
13227,"Pickens, GA",2004,-0.05,0.12,,0.05,1.08,3.26,0.69,-0.94,-0.21,,-0.18,1.57,0.27,0.15,7.79,0.4,1.41,-0.84,0.04,0.18,0.23,26810,,,3.9,31521,862353,7.6,
13227,"Pickens, GA",2005,0.01,0.03,,0.53,-0.44,-1.78,,1.25,0.51,,0.03,-2.55,,0.65,2.07,0.49,1.18,0.9,0.2,-0.08,0.11,27277,,,4.1,32679,884600,2.6,
13227,"Pickens, GA",2006,-0.03,-0.12,,,-1.89,0.35,0.78,0.26,0.32,,0.03,-2.65,-0.3,0.06,0.56,,1.09,0.2,,0.1,0.09,28169,,,3.7,33830,892451,0.9,
13227,"Pickens, GA",2007,-0.05,-0.02,0.09,0.63,0.53,0.23,1.01,0.96,-0.01,0.46,0.04,-0.32,-0.05,0.1,8.57,0.98,4.69,-0.05,0.26,0.02,0.2,29095,,,3.8,35388,968828,8.6,
13227,"Pickens, GA",2008,0.2,-0.01,-0.03,-0.12,1.01,-2.24,-2.13,1.19,-0.29,0.84,0.09,0.19,-0.15,-0.07,-2.52,0.11,0.06,-0.17,-0.27,0.02,-0.16,29531,,,6.1,35647,941594,-2.8,
13227,"Pickens, GA",2009,-0.08,0.0,-0.06,-0.13,,-1.53,-0.64,2.06,0.09,0.31,-0.05,,-0.11,-0.3,-2.61,,0.13,-0.42,-0.11,-0.23,-0.5,29542,,,10.6,34977,917888,-2.5,
13227,"Pickens, GA",2010,-0.04,0.04,-0.04,1.1,,0.08,0.72,-1.41,0.01,0.27,0.09,,0.28,-0.68,-0.37,,0.34,0.22,-0.01,0.02,0.07,29434,14438.0,14996.0,10.8,35634,914531,-0.4,22.0
13227,"Pickens, GA",2011,0.34,0.01,0.0,-0.4,,-1.1,0.92,-1.27,-0.14,0.14,-0.1,,0.23,-0.06,-1.79,,0.5,0.24,0.09,0.06,-0.11,29390,14415.0,14975.0,10.4,37279,896889,-1.9,21.9
13227,"Pickens, GA",2012,0.54,0.01,-0.01,-0.01,1.92,0.68,,0.49,-0.18,0.45,-0.06,1.26,,-0.06,-10.22,0.1,-4.765000000000001,-0.33,0.0,-0.09,-0.27,29258,14365.0,14893.0,8.9,37710,803557,-10.4,22.0
13227,"Pickens, GA",2013,0.05,0.0,-0.02,-0.2,0.42,-0.08,,-0.66,-0.57,1.09,-0.03,2.1,,0.14,4.23,0.02,0.37,0.77,0.06,0.09,0.05,29389,14440.0,14949.0,7.9,38463,833025,3.7,22.5
13227,"Pickens, GA",2014,0.27,0.06,-0.02,0.08,1.19,0.69,1.54,0.28,-0.27,1.5300000000000002,-0.04,1.46,0.73,0.2,9.08,0.29,-0.15,-0.12,-0.2,-0.06,0.34,29807,14659.0,15148.0,6.7,39680,906448,8.8,23.7
13227,"Pickens, GA",2015,-0.04,-0.1,-0.02,-0.13,0.71,0.33,0.77,-0.9,-0.03,1.5300000000000002,0.11,-1.68,1.12,0.01,4.12,0.15,-0.04,0.54,0.04,0.04,0.44,30139,14811.0,15328.0,5.4,41838,943574,4.1,25.1
13227,"Pickens, GA",2016,0.07,0.01,-0.05,-0.14,-0.98,0.23,0.16,-0.61,-0.14,0.13,-0.02,1.48,0.61,0.14,3.29,-0.01,0.63,0.56,0.0,0.24,-0.28,30654,15069.0,15585.0,4.9,44281,973338,3.2,24.8
13227,"Pickens, GA",2017,0.12,0.01,-0.07,0.15,0.37,0.32,-0.33,-0.73,0.13,0.91,-0.06,0.73,0.76,0.05,3.01,0.23,0.91,0.21,0.11,-0.1,-0.08,31542,15482.0,16060.0,4.3,45919,1003906,3.1,24.9
13227,"Pickens, GA",2018,0.2,0.18000000000000002,0.0,-0.72,0.09,0.32,0.33,-0.26,0.23,0.01,-0.09,-0.08,-0.09,0.24,2.19,-0.64,1.05,0.43,-0.07,0.04,-0.07,32039,15713.0,16326.0,3.6,47018,1028163,2.4,23.7
13227,"Pickens, GA",2019,0.08,-0.04,0.02,0.02,-1.14,0.11,-0.13,0.39,0.05,-0.07,-0.09,-1.2,-0.05,0.18,-0.7,0.03,0.36,0.03,-0.06,-0.04,-0.24,32648,15996.0,16652.0,3.1,49057,1021505,-0.6,23.1
13227,"Pickens, GA",2020,-0.45,-0.16,-0.01,-0.15,-0.77,0.74,0.48,-0.09,-0.23,-0.77,-0.04,-1.51,-0.32,-0.01,-4.28,-0.47,-2.09,0.44,-0.07,0.15,-0.09,33347,16511.0,16836.0,4.8,51501,975482,-4.5,22.7
13227,"Pickens, GA",2021,0.58,0.12,0.0,,,2.01,0.34,-0.15,0.3,0.52,0.06,,0.67,0.0,8.46,,2.54,0.07,0.19,-0.16,-0.09,34035,16865.0,17170.0,2.8,58192,1060955,8.8,24.5
13227,"Pickens, GA",2022,0.28,0.1,0.0,0.24,2.28,-1.03,0.09,-0.31,-0.1,0.39,0.09,1.48,-0.13,0.21,4.65,,,-0.02,,-0.05,0.08,34817,17318.0,17499.0,2.6,60575,1109169,4.5,24.3
13227,"Pickens, GA",2023,,,0.01,0.05,-2.65,0.65,-0.84,0.14,0.2,0.76,0.04,-2.89,-0.3,-0.04,-0.22,,,0.69,-0.05,0.26,0.0,35975,17815.0,18160.0,2.8,63367,1108981,0.0,24.9
13229,"Pierce, GA",2002,0.03,,0.02,0.12,-4.03,-0.36,-0.28,0.36,0.66,-0.15,,-4.03,-0.42,0.15,-1.95,0.28,0.33,0.31,,0.08,0.24,15995,,,4.7,21777,331181,-1.3,
13229,"Pierce, GA",2003,0.2,,0.04,0.19,1.8,-1.11,0.02,-0.75,-0.04,0.06,,1.8,0.06,0.5,0.89,0.25,-0.48,-0.63,,-0.17,1.49,16278,,,4.3,22893,334025,0.9,
13229,"Pierce, GA",2004,0.16,-0.17,0.11,-0.06,-2.58,-0.99,0.8,-1.16,-0.64,0.58,-0.5900000000000001,-2.58,0.18,-0.02,-0.84,-0.03,-0.78,0.01,1.35,-0.01,1.7400000000000002,16755,,,4.3,22838,329080,-1.5,
13229,"Pierce, GA",2005,0.7700000000000001,-0.03,-0.09,0.02,1.35,0.43,,1.32,0.72,-0.08,-0.1,1.35,,0.14,5.54,-0.01,-0.21,-0.29,-0.11,-0.01,1.32,17179,,,4.7,23354,349694,6.3,
13229,"Pierce, GA",2006,-0.46,-0.13,-0.07,0.19,-0.23,-0.6,,0.11,-0.28,-0.17,-0.06,-0.23,,-0.46,1.62,0.17,2.06,0.19,-0.13,0.02,1.34,17502,,,4.2,24001,354407,1.3,
13229,"Pierce, GA",2007,-0.2,0.06,,0.15,0.96,0.41,0.66,0.11,0.19,,0.06,0.96,-0.24,0.03,1.79,0.24,1.15,-0.6,-0.84,0.01,-0.2,17933,,,4.0,25351,361424,2.0,
13229,"Pierce, GA",2008,-0.08,-0.03,0.11,0.05,2.87,-0.19,0.22,2.19,-0.23,-0.12,0.05,2.87,0.21,-0.09,5.12,0.51,-0.77,0.04,-1.12,0.0,-0.37,18210,,,5.5,27171,379104,4.9,
13229,"Pierce, GA",2009,-0.08,-0.02,0.08,,0.49,0.64,-0.93,-2.22,1.57,0.15,0.01,0.49,0.38,-0.27,-2.11,-0.27,2.8,0.13,-0.56,0.01,-1.5500000000000005,18564,,,9.4,28256,377064,-0.5,
13229,"Pierce, GA",2010,-0.08,0.18000000000000002,0.0,0.04,-1.48,-0.39,1.67,-1.01,0.27,-0.29,-0.02,-1.48,-0.45,-0.08,-2.96,0.12,-2.03,0.36,0.39,-0.05,0.18,18813,9222.0,9591.0,10.3,28680,366901,-2.7,8.8
13229,"Pierce, GA",2011,0.11,0.02,-0.09999999999999999,0.45,-2.44,-0.98,,0.08,-0.46,0.05,-0.04,-2.44,,-0.19,-3.08,0.49,1.39,0.42,-0.47,-0.01,-0.3,18769,9233.0,9536.0,10.5,29516,353901,-3.5,11.4
13229,"Pierce, GA",2012,0.0,,-0.07,0.1,-1.5,-0.45,3.29,0.01,-0.46,0.15,,-1.5,-0.58,0.11,2.08,0.25,-0.11,-0.17,,0.0,0.68,18902,9336.0,9566.0,9.3,29113,359616,1.6,10.1
13229,"Pierce, GA",2013,0.21,-0.04,0.02,0.23,3.09,-0.12,-0.49,-0.36,-0.83,1.23,0.16,3.09,0.42,-0.52,7.62,0.46,1.76,0.23,0.08,0.0,1.49,19015,9363.0,9652.0,8.5,29511,384050,6.8,11.8
13229,"Pierce, GA",2014,0.34,,,,-3.54,-0.16,,0.42,-0.06,,,-3.54,,0.16,-1.92,0.16,0.26,0.56,-0.02,0.0,1.06,19004,9386.0,9618.0,7.5,30212,376447,-2.0,12.7
13229,"Pierce, GA",2015,0.3,,-0.01,-0.2,2.67,0.33,-0.94,-0.41,0.05,0.03,,2.67,0.44,0.02,4.54,-0.36,-0.28,0.76,,0.0,1.4,19089,9437.0,9652.0,6.3,32126,393754,4.6,14.2
13229,"Pierce, GA",2016,0.08,0.0,-0.04,0.12,-0.68,0.48,1.0,-0.67,0.16,0.18,0.4,-0.68,-0.09,0.65,3.19,0.19,-1.29,0.43,0.12,0.0,1.7400000000000002,19116,9469.0,9647.0,5.7,33310,406927,3.3,12.9
13229,"Pierce, GA",2017,-0.06,,0.02,0.15,0.7,-0.56,1.33,-0.51,0.3,0.63,-0.32,0.7,-1.57,0.06,0.97,0.15,0.27,0.48,,0.0,-0.04,19200,9508.0,9692.0,4.9,34665,412112,1.3,12.7
13229,"Pierce, GA",2018,,,0.0,-0.24,-0.8,1.77,1.04,-0.29,-0.61,0.07,-0.33,-0.8,-0.01,0.21,1.28,-0.28,0.0,0.55,0.07,0.0,-0.68,19398,9625.0,9773.0,4.1,35176,414882,0.7,11.9
13229,"Pierce, GA",2019,-0.08,0.02,-0.01,,1.72,-0.92,-0.5,0.79,-0.47,-0.6,-0.1,1.72,0.01,0.06,-0.25,,-0.67,0.53,,0.04,-0.54,19443,9639.0,9804.0,3.8,36817,411871,-0.7,12.6
13229,"Pierce, GA",2020,-0.24,-0.05,-0.03,,0.6,0.3,3.29,0.08,-0.3,-0.83,,0.6,0.02,-0.22,6.93,,-1.07,1.08,-0.01,0.03,1.7400000000000002,19746,9906.0,9840.0,4.8,40096,439168,6.6,13.4
13229,"Pierce, GA",2021,,,-0.02,,-2.57,0.66,1.44,0.34,0.4,0.5,0.02,-2.57,0.05,-0.19,1.72,0.11,0.62,0.77,0.67,0.01,-0.47,19978,9948.0,10030.0,3.3,42709,448468,2.1,15.5
13229,"Pierce, GA",2022,,,,0.0,0.64,0.12,0.03,-0.37,0.68,,0.0,0.7,0.02,0.14,1.6,0.57,1.2,-0.85,-0.51,0.11,0.86,20176,10091.0,10085.0,3.1,41894,458723,2.3,17.0
13229,"Pierce, GA",2023,0.13,-0.01,0.04,0.05,1.15,-0.31,1.63,0.01,0.03,0.26,0.01,1.17,-0.04,-0.13,4.48,0.14,0.38,1.17,0.36,-0.04,-0.3,20443,10240.0,10203.0,3.3,42832,479419,4.5,18.3
13231,"Pike, GA",2002,0.03,0.04,0.11,1.02,-2.34,2.18,-0.12,-0.05,1.53,0.06,0.09,-2.34,0.3,0.47,3.0,1.33,0.3,0.19,,0.01,,14445,,,5.2,23565,217424,4.5,
13231,"Pike, GA",2003,0.03,0.18000000000000002,0.08,0.83,,,-0.19,-0.85,0.44,0.48,,,2.365,,4.56,0.39,0.62,-0.58,0.02,0.07,0.35,14881,,,5.2,23880,228312,5.0,
13231,"Pike, GA",2004,-0.02,0.14,0.02,-0.08,-0.04,0.24,0.07,-0.41,-0.45,0.11,-0.29,-0.04,2.365,0.09,8.13,-0.6,0.11,0.03,1.02,0.03,-0.38,15474,,,4.9,25454,245860,7.7,
13231,"Pike, GA",2005,0.37,-0.17,-0.05,0.24,,,-0.28,0.4,0.71,0.01,,,-2.43,,-6.23,0.35,0.96,0.16,0.13,-0.03,0.36,15908,,,5.6,26805,232297,-5.5,
13231,"Pike, GA",2006,0.68,-0.17,0.06,-0.51,-0.77,3.26,-0.13,0.16,0.01,-0.03,0.04,-0.77,-2.43,-0.17,-2.94,0.07,-4.05,0.04,,0.1,,16590,,,4.5,27782,225504,-2.9,
13231,"Pike, GA",2007,,,0.11,0.28,-0.1,0.67,0.05,-1.32,0.93,-0.03,0.08,0.06,2.0,-0.15,7.25,1.98,3.67,-0.62,,0.12,,17220,,,4.3,28749,243951,8.2,
13231,"Pike, GA",2008,-0.28,-0.08,,-0.26,0.05,-3.25,1.65,0.37,-0.48,0.55,,1.57,-0.1,-0.19,1.75,0.11,1.91,0.71,,0.02,0.27,17619,,,6.7,29653,247052,1.3,
13231,"Pike, GA",2009,0.13,0.06,-0.08,-0.28,-0.11,-2.82,0.17,1.28,0.17,0.21,0.1,-0.68,-1.44,0.21,-3.09,-0.56,-0.69,1.38,0.12,0.03,-0.53,17721,,,10.9,29259,239850,-2.9,
13231,"Pike, GA",2010,0.11,0.18000000000000002,,0.22,-0.13,1.04,3.07,-0.81,-0.56,0.3,,0.02,-0.54,0.26,5.4,-0.18,1.26,0.39,,-0.17,0.2,17929,8769.0,9160.0,10.5,28633,251458,4.8,15.7
13231,"Pike, GA",2011,,,-0.07,-0.28,-0.03,0.36,3.29,0.4,-0.7,0.21,0.13,-0.01,0.44,0.48,8.88,-0.22,1.95,0.15,0.14,0.12,0.97,17792,8720.0,9072.0,10.0,30785,272017,8.2,15.6
13231,"Pike, GA",2012,0.16,,0.05,0.12,0.28,1.85,0.83,0.56,-0.38,0.44,,0.21,0.44,-0.03,8.32,0.16,2.4,0.35,,-0.07,0.85,17780,8712.0,9068.0,9.1,31450,293617,7.9,16.6
13231,"Pike, GA",2013,0.12,-0.12,,0.42,0.21,-2.41,,-0.21,-0.35,,0.2,0.27,,-0.16,0.41,0.59,0.1,0.25,0.69,0.1,0.26,17784,8769.0,9015.0,8.4,31970,293775,0.1,17.0
13231,"Pike, GA",2014,0.14,0.12,,0.1,0.64,0.39,-0.02,0.38,0.66,,0.13,0.8,-0.37,-0.04,-0.67,0.17,-2.34,-0.09,-0.14,-0.01,0.11,17774,8764.0,9010.0,7.1,33496,293758,0.0,17.3
13231,"Pike, GA",2015,-0.03,,0.03,-0.04,0.9,1.08,-0.17,-0.6,0.75,0.09,,0.87,-0.52,-0.03,0.2,-0.03,0.1,0.16,,0.11,-0.14,17935,8839.0,9096.0,5.8,35043,296539,0.9,16.0
13231,"Pike, GA",2016,-0.14,-0.11,0.06,0.26,-1.03,2.61,-0.12,-0.3,-0.36,0.47,-0.15,-1.01,-0.26,-0.06,3.44,0.58,2.24,0.17,-0.48,0.22,-0.26,17916,8790.0,9126.0,5.4,37650,305672,3.1,15.3
13231,"Pike, GA",2017,-0.03,-0.14,-0.07,0.14,0.68,2.43,1.08,-0.24,0.37,0.3,-0.06,0.89,0.24,-0.56,2.83,0.29,-0.54,0.07,-0.33,-0.23,-0.22,18213,8955.0,9258.0,4.7,38558,315454,3.2,16.5
13231,"Pike, GA",2018,0.04,-0.02,0.05,0.0,-0.26,-0.54,1.42,-0.26,0.08,-0.08,0.02,-0.46,-0.15,0.29,1.01,0.36,0.33,0.33,-0.08,-0.23,0.17,18622,9160.0,9462.0,3.8,40314,318885,1.1,15.9
13231,"Pike, GA",2019,0.2,-0.03,,-0.47,-0.55,1.96,1.17,0.54,-0.18,-0.36,,-0.33,0.42,0.27,6.24,-0.19,2.74,0.59,-0.36,-0.23,-0.1,18953,9266.0,9687.0,3.3,42223,338216,6.1,17.1
13231,"Pike, GA",2020,,,-0.09999999999999999,,0.04,2.81,-2.39,0.25,-0.67,-0.25,,0.26,-0.07,0.14,-1.97,0.17,-3.96,0.58,,-0.04,0.55,18943,9357.0,9586.0,5.1,44542,329298,-2.6,19.5
13231,"Pike, GA",2021,0.53,0.01,0.01,0.64,0.08,2.59,0.69,0.42,0.32,0.25,0.13,0.48,-0.04,0.15,6.84,1.15,1.37,-0.89,,,0.17,19545,9588.0,9957.0,2.9,49110,352887,7.2,20.4
13231,"Pike, GA",2022,,,0.02,,1.09,-0.68,0.84,0.02,0.81,-0.62,0.08,0.86,-0.05,0.36,2.97,0.16,1.98,-0.19,0.03,,-0.19,19936,9749.0,10187.0,2.9,50567,366209,3.8,20.2
13231,"Pike, GA",2023,0.11,-0.01,,-0.01,-0.98,-1.19,1.15,-0.73,0.47,0.49,0.04,-0.83,-0.11,-0.03,0.38,0.14,,0.76,,-0.01,0.16,20422,10031.0,10391.0,2.8,52786,369342,0.9,21.4
13233,"Polk, GA",2002,0.03,0.01,0.02,0.03,-0.62,-1.27,,0.15,1.36,-0.22,0.67,-0.7,,0.2,2.41,0.14,0.18,0.42,,,,39109,,,5.3,21353,1018438,3.8,
13233,"Polk, GA",2003,,,-0.03,-0.15,,0.42,-0.03,-0.6,0.35,0.07,,,-0.63,0.25,1.37,-0.23,0.49,0.56,0.21,,0.13,39246,,,4.7,21987,1035892,1.7,
13233,"Polk, GA",2004,,,,0.05,0.38,0.41,1.73,-0.59,-2.07,,0.67,0.32,0.01,0.65,3.84,0.49,0.17,-0.79,-0.03,0.13,0.04,39564,,,4.9,23175,1054270,1.8,
13233,"Polk, GA",2005,0.08,0.0,,0.84,0.39,-0.37,1.56,0.24,-0.77,,0.67,0.22,0.08,-0.31,5.41,0.84,0.48,0.03,0.56,0.09,-0.11,39860,,,5.0,23463,1103155,4.6,
13233,"Polk, GA",2006,0.01,-0.02,,-0.35,-0.75,0.01,2.14,0.12,0.9,,-0.1,-0.74,-0.73,-0.24,0.46,-0.37,-0.04,0.07,0.22,0.21,0.27,40372,,,4.4,24552,1118178,1.4,
13233,"Polk, GA",2007,0.05,0.0,0.03,0.23,0.47,0.22,0.35,0.09,-0.37,-0.07,-0.5900000000000001,0.49,-0.12,0.02,-0.12,-0.13,0.42,-0.19,-0.57,0.13,0.04,40789,,,4.5,25811,1112681,-0.5,
13233,"Polk, GA",2008,0.0,-0.02,0.0,0.49,0.38,-1.9,0.43,0.16,-0.95,-0.04,0.67,0.27,-1.55,0.08,0.75,0.55,0.8,-0.22,-0.33,-0.18,-0.02,41407,,,6.5,26022,1110424,-0.2,
13233,"Polk, GA",2009,-0.13,0.0,-0.01,-0.14,-0.31,-0.22,-2.87,0.51,-0.1,0.22,-0.18,-0.52,-0.1,-0.2,-3.92,-0.26,0.12,-0.02,0.06,0.13,-0.25,41386,,,10.8,25469,1065799,-4.0,
13233,"Polk, GA",2010,0.05,0.05,-0.01,0.53,-0.55,-0.08,3.29,-0.67,-0.45,-0.04,-0.5900000000000001,-0.6,-0.99,-0.33,-0.89,0.56,2.03,0.1,-0.18,0.26,0.16,41537,20565.0,20972.0,11.9,25836,1051465,-1.3,11.4
13233,"Polk, GA",2011,0.12,-0.02,,0.07,-0.55,-0.27,1.92,0.13,-0.05,,0.67,-0.49,-0.04,-0.26,1.68,-0.05,-1.08,-0.15,-0.17,0.26,0.12,41277,20351.0,20926.0,11.4,26577,1068525,1.6,11.2
13233,"Polk, GA",2012,0.15,-0.01,,0.16,0.82,-1.9,2.93,0.05,-0.25,,0.67,0.78,-0.88,-0.39,1.26,0.01,-1.32,-0.42,0.27,0.08,0.11,41097,20239.0,20858.0,9.8,26739,1079372,1.0,11.4
13233,"Polk, GA",2013,0.02,-0.04,,-0.38,0.27,0.66,-0.39,-0.4,-0.43,,-0.5900000000000001,0.36,0.53,-0.01,-1.04,-0.45,-0.66,0.34,0.16,-0.23,0.84,40972,20070.0,20902.0,8.8,26741,1063507,-1.5,13.1
13233,"Polk, GA",2014,0.1,0.0,0.01,-0.24,0.83,0.04,1.19,0.61,-0.27,0.57,-0.5900000000000001,0.81,0.15,-0.06,4.36,-0.2,1.3,-0.03,0.07,0.15,0.51,40876,20050.0,20826.0,7.8,28150,1107037,4.1,12.7
13233,"Polk, GA",2015,0.07,-0.01,-0.02,0.13,0.44,1.29,-1.35,0.04,0.22,0.46,,0.37,0.69,0.01,1.92,0.22,-0.75,1.94,0.61,,0.25,41209,20186.0,21023.0,6.7,29458,1130784,2.1,13.1
13233,"Polk, GA",2016,0.01,-0.01,0.0,0.15,-0.06,-0.13,2.51,-0.92,-0.2,0.17,-0.22,-0.04,0.29,-0.41,4.81,0.2,2.05,0.37,-0.34,0.26,0.13,41584,20529.0,21055.0,5.9,30585,1182908,4.6,13.0
13233,"Polk, GA",2017,0.12,-0.05,0.05,0.06,0.35,-0.58,1.79,-0.19,-0.12,0.4,-0.13,0.4,-0.43,0.02,-0.97,0.05,-2.95,0.25,0.18,-0.23,0.81,41842,20613.0,21229.0,5.0,30844,1170049,-1.1,12.7
13233,"Polk, GA",2018,-0.03,0.01,-0.07,-0.46,,-0.13,1.85,-0.01,0.45,0.28,0.0,,-1.04,-0.26,1.25,-0.48,0.19,0.18,-0.13,,0.08,42373,20863.0,21510.0,4.0,32071,1189925,1.7,12.2
13233,"Polk, GA",2019,0.05,0.01,0.01,0.02,-0.61,0.08,3.29,0.35,0.18,-0.07,0.0,-0.57,-1.26,0.05,5.56,0.1,0.49,0.01,,,,42616,20806.0,21810.0,3.6,33342,1258307,5.7,13.7
13233,"Polk, GA",2020,-0.3,0.0,-0.01,-0.31,-0.13,0.03,-0.39,-0.37,-0.03,0.1,0.03,0.02,-0.86,-0.36,-3.1,-0.17,-0.41,-0.03,0.46,-0.23,-0.28,42922,21135.0,21787.0,5.7,36134,1218896,-3.1,12.7
13233,"Polk, GA",2021,0.3,0.03,,0.35,,0.87,0.96,-0.11,0.45,,0.13,,0.44,-0.18,3.34,0.24,0.88,0.18,0.26,-0.23,-0.47,43322,21214.0,22108.0,3.5,39380,1265064,3.8,13.2
13233,"Polk, GA",2022,0.24,0.04,,0.02,0.22,-0.07,-0.12,0.05,0.4,,0.0,0.14,0.76,0.13,2.92,0.06,,-0.43,0.0,0.26,0.42,43706,21458.0,22248.0,3.0,40471,1307160,3.3,14.4
13233,"Polk, GA",2023,0.07,-0.01,-0.01,0.1,0.28,-0.35,2.04,-0.01,0.0,0.43,0.01,0.23,-0.55,-0.27,3.85,,0.54,0.96,,-0.05,0.35,44363,21773.0,22590.0,3.3,41831,1357462,3.8,14.5
13235,"Pulaski, GA",2002,,,0.01,,-0.91,-0.16,,0.13,-0.24,0.5,0.67,-0.91,,0.11,-0.1,,-0.68,0.14,0.42,0.15,0.51,10168,,,5.7,23754,266380,-0.3,
13235,"Pulaski, GA",2003,,,-0.02,0.11,,-0.75,0.11,-0.34,-0.21,0.84,0.67,,2.14,-0.09,11.2,-0.09,0.3,0.09,,,,10351,,,4.4,25234,295665,11.0,
13235,"Pulaski, GA",2004,,,,0.25,,-2.94,-0.22,-0.39,-1.11,,-0.28,,-0.09,-0.11,-8.4,-0.4,-0.58,-1.09,0.9,,0.21,10646,,,4.5,24087,267561,-9.5,
13235,"Pulaski, GA",2005,0.57,-0.17,-0.02,-0.26,4.29,,,0.84,-0.37,0.37,0.27,4.39,-0.43,-0.24,3.21,0.44,-0.32,-1.43,,0.01,,10890,,,5.6,23830,275157,2.8,
13235,"Pulaski, GA",2006,0.46,-0.17,0.08,0.06,1.87,-1.55,-0.04,0.64,-0.39,-0.42,0.2,1.87,0.28,-0.2,2.3,0.68,-0.68,-0.37,0.39,-0.03,1.36,11183,,,4.5,24131,280405,1.9,
13235,"Pulaski, GA",2007,-0.24,0.14,0.01,0.05,-4.32,0.13,-0.09,-0.12,-0.5,-0.26,-0.27,-4.869999999999999,-0.06,-0.03,-4.43,0.27,0.71,-0.6,-0.14,-0.06,1.7400000000000002,11445,,,4.0,23992,266574,-4.9,
13235,"Pulaski, GA",2008,-0.35,-0.07,0.11,0.32,,0.3,,0.14,-0.79,-0.05,0.56,,-0.24,0.18,-1.09,0.6,0.77,0.25,-0.75,0.08,1.36,11638,,,5.4,24086,261557,-1.9,
13235,"Pulaski, GA",2009,-0.7000000000000002,-0.07,0.11,0.06,,0.07,,1.46,-0.71,-1.2700000000000002,-0.08,,-0.13,-0.19,-4.05,-0.78,0.64,0.38,-0.25,-0.06,-1.5500000000000005,11903,,,7.8,22286,249101,-4.8,
13235,"Pulaski, GA",2010,0.07,0.18000000000000002,0.03,0.37,-0.48,-0.31,-0.15,-0.93,0.03,-0.08,0.51,-0.48,-0.11,-0.22,-1.21,0.21,-0.23,0.36,0.03,-0.09,-0.28,11989,5184.0,6805.0,9.1,22824,246151,-1.2,5.6
13235,"Pulaski, GA",2011,0.07,0.12,-0.07,0.11,4.29,-0.25,0.01,,-0.03,-0.36,0.3,4.79,1.73,0.05,10.47,0.06,,-0.22,0.14,-0.04,-0.34,11855,5139.0,6716.0,9.5,25505,271867,10.4,7.3
13235,"Pulaski, GA",2012,0.03,-0.17,0.1,-0.14,-3.3,-0.29,-0.02,0.42,-0.2,-0.3,0.14,-3.3,0.27,0.12,6.0,-0.3,5.42,0.11,-0.06,-0.06,0.38,11716,5020.0,6696.0,8.9,26461,287624,5.8,7.8
13235,"Pulaski, GA",2013,-0.08,-0.17,-0.09999999999999999,-0.24,2.96,,0.0,-0.32,-0.71,0.24,-0.59,2.96,,0.01,3.08,-0.42,0.84,0.13,0.1,0.12,0.14,11578,4954.0,6624.0,8.8,26805,294446,2.4,9.6
13235,"Pulaski, GA",2014,0.12,,-0.03,-0.26,-4.32,-0.17,0.01,,-0.38,1.5300000000000002,,-4.65,-0.36,0.11,-5.23,-0.28,,-0.25,-0.12,0.03,1.02,11520,4934.0,6586.0,7.9,27318,277926,-5.6,11.0
13235,"Pulaski, GA",2015,-0.03,0.1,-0.06,-0.01,3.1,,-0.01,,-0.4,0.3,,3.1,,0.1,7.16,-0.18,,0.13,,-0.01,0.66,11409,4894.0,6515.0,6.7,29092,296720,6.8,12.1
13235,"Pulaski, GA",2016,-0.01,0.11,-0.05,-0.1,2.69,-0.06,0.05,-0.11,-0.83,0.31,0.14,2.69,-1.68,0.18,0.93,-0.21,-1.17,0.54,0.05,0.07,0.08,11296,4882.0,6414.0,5.9,30413,297017,0.1,11.8
13235,"Pulaski, GA",2017,-0.28,-0.17,,0.11,-1.69,,0.0,-0.94,-0.02,,,-1.69,,-0.22,-1.1,0.03,1.13,0.41,,-0.07,-0.41,11197,4804.0,6393.0,5.2,32656,293692,-1.1,12.6
13235,"Pulaski, GA",2018,0.09,-0.05,0.0,0.04,-0.64,-0.01,0.06,-1.03,-0.09,0.37,0.67,-0.64,0.96,-0.11,2.37,-0.03,-0.49,0.35,-0.06,-0.23,0.24,11079,4768.0,6311.0,4.2,34073,300395,2.3,12.4
13235,"Pulaski, GA",2019,0.1,0.0,0.0,-0.07,0.76,-0.05,0.0,-0.16,-0.72,0.07,,0.76,-0.88,-0.33,-3.47,0.05,,0.39,0.1,-0.22,-0.2,11161,4792.0,6369.0,3.9,35017,287808,-4.2,13.2
13235,"Pulaski, GA",2020,-0.43,,0.0,0.55,-2.83,,0.01,-0.02,-1.02,-1.2700000000000002,0.24,-2.83,,-0.28,-4.71,0.54,,-0.02,-0.05,-0.03,-1.13,9874,4185.0,5689.0,4.7,37418,271311,-5.7,13.1
13235,"Pulaski, GA",2021,0.41,,0.0,0.32,1.01,2.82,0.04,,-0.6,0.34,,1.01,2.06,-0.01,6.89,1.06,,-0.08,0.39,0.0,-0.33,9572,4156.0,5416.0,3.7,42601,288375,6.3,12.5
13235,"Pulaski, GA",2022,0.39,0.08,0.0,-0.22,2.51,,,-0.58,-0.59,0.91,,2.51,-0.75,0.11,-6.28,-0.02,,-0.51,-0.24,0.0,-0.94,9953,4188.0,5765.0,3.3,40972,268581,-6.9,12.9
13235,"Pulaski, GA",2023,-0.16,0.0,0.0,-0.71,-2.9,0.75,,-0.21,-0.33,1.5300000000000002,,-2.9,,,-0.07,-0.59,,0.93,0.07,0.03,-0.18,10114,4298.0,5816.0,3.4,41152,267523,-0.4,12.0
13237,"Putnam, GA",2002,0.05,0.04,0.0,0.02,-0.64,-0.55,-1.21,0.23,0.5,0.2,0.01,-0.64,-0.21,0.11,2.02,0.08,0.59,1.94,0.26,0.26,-1.38,19366,,,4.5,25599,961795,2.5,
13237,"Putnam, GA",2003,0.07,0.02,0.01,-0.05,0.05,-0.13,-1.26,-0.19,-0.14,0.1,-0.17,0.05,0.1,-0.05,-3.07,-0.03,0.38,1.05,-0.62,-0.23,-0.02,19494,,,4.4,26046,930965,-3.2,
13237,"Putnam, GA",2004,0.13,0.06,0.01,0.06,0.53,-1.4,0.26,-0.05,1.77,0.14,-0.18,0.53,0.48,0.08,3.41,0.18,0.92,-0.21,,0.26,,19810,,,4.4,26816,979197,5.2,
13237,"Putnam, GA",2005,0.3,-0.05,0.01,-0.02,-0.11,1.67,2.52,0.38,0.21,-0.05,0.11,-0.11,0.35,0.06,14.93,0.1,0.45,1.37,0.19,0.26,0.17,20012,,,5.4,28960,1127501,15.1,
13237,"Putnam, GA",2006,0.11,-0.05,0.02,0.07,-0.81,0.49,0.15,0.14,-0.09,0.16,0.07,-0.81,-0.01,0.23,4.7,0.34,0.5,-0.46,-0.07,0.26,0.32,20368,,,4.5,30693,1179533,4.6,
13237,"Putnam, GA",2007,-0.03,0.03,0.0,0.08,0.59,0.92,-0.65,0.09,0.32,-0.09,,0.59,0.8,-0.22,-2.86,,-1.73,-1.23,-0.32,-0.23,,20800,,,4.4,31889,1149575,-2.5,
13237,"Putnam, GA",2008,-0.15,0.02,0.04,0.0,0.05,-1.4,-0.93,0.21,0.28,0.08,,0.05,-0.58,-0.02,1.23,,0.86,-1.14,0.15,0.26,,21075,,,7.2,31551,1166907,1.5,
13237,"Putnam, GA",2009,0.07,0.04,0.01,-0.05,-0.59,-1.73,-1.91,0.41,0.0,0.07,-0.04,-0.59,0.21,-0.2,-19.35,-0.19,0.91,-0.24,-0.74,-0.23,-0.4,21179,,,11.0,30999,941141,-19.3,
13237,"Putnam, GA",2010,-0.08,0.0,-0.06,0.1,-0.19,-1.82,-0.38,-0.5,0.03,-0.21,-0.06,-0.19,-0.41,0.23,-5.27,-0.05,-0.51,0.08,0.16,-0.23,-0.12,21192,10314.0,10878.0,12.8,31246,891783,-5.2,18.8
13237,"Putnam, GA",2011,0.15,0.0,-0.02,,-0.04,-0.08,-0.7,0.17,-0.57,0.07,-0.02,-0.04,-0.76,-0.17,2.62,-0.11,0.85,-1.08,-0.83,0.26,-0.18,21242,10284.0,10958.0,12.8,32549,910101,2.1,18.9
13237,"Putnam, GA",2012,-0.13,-0.09,,0.2,0.17,0.02,0.01,0.1,-0.5,-0.03,0.03,0.17,-0.54,0.05,-20.01,,1.38,-1.78,1.17,-0.23,-0.13,21135,10238.0,10897.0,11.3,33502,680719,-25.2,18.8
13237,"Putnam, GA",2013,0.2,0.07,0.06,0.22,0.75,0.47,0.88,-0.19,-0.62,0.12,-0.04,0.75,0.13,-0.13,5.02,0.24,-1.1,0.52,-1.2399999999999998,0.26,0.14,21280,10370.0,10910.0,10.3,34310,710635,4.4,18.7
13237,"Putnam, GA",2014,0.26,0.06,-0.02,0.0,1.16,0.43,0.11,0.28,-0.37,0.04,0.0,1.16,-0.16,-0.05,-0.03,0.08,0.08,0.12,0.96,-0.23,-0.01,21142,10268.0,10874.0,9.1,36299,707792,-0.4,18.1
13237,"Putnam, GA",2015,0.13,0.02,,-0.27,-1.2,0.09,0.15,-0.66,-0.29,0.03,,-1.2,-0.03,-0.1,-20.01,-0.11,0.38,0.69,-1.2399999999999998,-0.23,,21310,10372.0,10938.0,8.2,37704,556658,-21.4,17.5
13237,"Putnam, GA",2016,0.09,-0.17,-0.02,0.13,-0.59,1.35,-0.07,-0.71,-0.63,0.18,-0.13,-0.59,0.18,0.11,-4.88,0.39,1.92,0.48,-0.23,-0.23,0.28,21502,10460.0,11042.0,6.6,39153,525983,-5.5,18.3
13237,"Putnam, GA",2017,0.33,-0.03,,0.45,0.11,-0.11,0.79,-0.41,1.09,-0.16,,0.11,0.04,0.04,-0.39,0.53,-1.04,0.14,-0.53,-0.23,,21676,10556.0,11120.0,5.4,41272,529671,0.7,21.4
13237,"Putnam, GA",2018,0.22,0.02,,0.35,0.01,0.66,-0.5,-0.57,-0.69,0.07,0.01,0.01,-0.23,0.06,0.83,,0.23,0.5,-0.15,0.0,0.58,21749,10580.0,11169.0,4.6,44139,530379,0.1,22.2
13237,"Putnam, GA",2019,-0.02,0.04,-0.02,0.1,0.1,1.44,-0.34,0.5,-0.44,0.26,,0.1,-0.32,0.07,4.56,,2.99,-0.7,0.0,-0.02,,22083,10671.0,11412.0,4.1,45147,552200,4.1,23.4
13237,"Putnam, GA",2020,-0.7000000000000002,-0.02,-0.02,1.05,0.38,0.11,-0.19,-0.06,-0.7,-0.14,-0.08,0.38,0.27,-0.14,-4.64,1.3,-4.765000000000001,0.08,-0.45,,,22166,10722.0,11444.0,5.9,49042,522730,-5.3,23.5
13237,"Putnam, GA",2021,0.45,0.08,,0.89,-0.07,1.43,-0.13,0.02,0.35,-0.08,,-0.07,-0.2,0.07,11.66,1.98,5.27,0.19,1.35,,0.0,22614,10916.0,11698.0,3.7,53333,585544,12.0,25.9
13237,"Putnam, GA",2022,0.16,0.03,,0.13,1.02,-0.76,0.17,-0.57,0.66,0.68,,1.02,0.02,0.47,3.1,1.08,1.67,-0.35,-0.25,-0.15,-0.15,22928,11078.0,11850.0,3.3,56375,607546,3.8,25.6
13237,"Putnam, GA",2023,0.12,0.18000000000000002,-0.02,0.48,-0.37,-0.11,0.12,-0.18,0.07,0.45,0.1,-0.37,0.02,-0.17,1.31,1.03,0.21,0.68,-1.03,0.01,0.04,23183,11215.0,11968.0,3.6,58653,615927,1.4,28.3
13239,"Quitman, GA",2002,-0.01,0.05,,0.04,4.29,0.11,2.79,-1.33,1.6,0.04,0.0,4.79,-0.04,0.12,22.69,0.12,1.45,,1.35,0.0,0.62,2547,,,6.3,23857,48816,24.9,
13239,"Quitman, GA",2003,0.26,-0.15,0.08,0.13,-0.35,1.26,0.9,-0.28,1.37,-0.02,0.0,-0.35,0.04,,3.78,0.07,-0.5,0.19,,0.05,,2478,,,5.2,24986,51330,5.1,
13239,"Quitman, GA",2004,-0.7000000000000002,0.05,-0.09999999999999999,-0.41,-1.76,,0.37,-0.89,-0.65,-0.32,0.0,-1.76,,-0.07,-19.03,,-2.12,-1.78,,0.01,-1.5500000000000005,2457,,,6.2,22282,41231,-19.7,
13239,"Quitman, GA",2005,0.0,-0.03,-0.09999999999999999,-0.08,2.38,-1.67,1.92,-0.45,0.38,-0.3,,2.38,-0.58,-0.34,8.65,,1.13,,,-0.06,1.35,2519,,,6.1,22034,44956,9.0,
13239,"Quitman, GA",2006,0.34,-0.06,-0.09999999999999999,,,,,0.77,-1.97,-0.05,,,-0.01,,-2.13,-0.3,-0.98,-0.3,-1.2399999999999998,0.0,0.16,2545,,,5.1,21490,43116,-4.1,
13239,"Quitman, GA",2007,-0.7000000000000002,-0.01,0.02,-0.02,,1.21,,0.36,-0.65,0.0,,,-0.01,,-0.77,-0.02,5.42,-1.78,1.35,0.0,-1.5500000000000005,2529,,,5.4,21665,42507,-1.4,
13239,"Quitman, GA",2008,-0.06,0.0,,-0.2,,,1.18,0.39,-0.91,0.07,0.05,,-0.01,0.54,-1.33,-0.11,-2.41,,,0.0,,2547,,,8.8,21541,41558,-2.2,
13239,"Quitman, GA",2009,-0.25,0.01,0.0,0.0,1.05,-3.07,0.14,1.05,1.26,-0.01,,1.05,-0.01,0.12,-1.57,,0.22,,-1.2399999999999998,0.0,0.3,2497,,,11.9,22808,41430,-0.3,
13239,"Quitman, GA",2010,0.15,0.07,-0.01,0.03,-0.13,0.27,-1.98,-0.67,2.32,0.02,-0.02,-0.13,-0.05,-0.04,0.51,0.03,2.5,0.89,-0.34,0.0,-0.18,2512,1194.0,1318.0,10.0,23235,42841,3.4,7.4
13239,"Quitman, GA",2011,0.09,0.0,-0.01,0.04,-4.32,,,0.37,-1.3,-0.02,0.01,-4.869999999999999,0.0,0.01,-2.71,0.06,0.82,,,0.0,-0.15,2454,1166.0,1288.0,10.0,24153,41125,-4.0,7.6
13239,"Quitman, GA",2012,-0.07,0.13,0.02,0.05,-1.36,,,0.24,-0.8,-0.01,0.0,-1.36,-0.01,-0.21,4.21,0.02,5.42,1.21,,0.0,,2407,1158.0,1249.0,9.4,24285,42526,3.4,5.6
13239,"Quitman, GA",2013,-0.1,-0.03,0.01,0.01,-3.22,,,-0.26,-1.23,0.03,0.0,-3.22,0.34,,5.73,,5.42,0.76,1.35,0.0,0.01,2368,1136.0,1232.0,8.1,26056,44437,4.5,3.2
13239,"Quitman, GA",2014,0.01,-0.01,0.02,0.12,-1.85,-0.01,0.48,0.23,0.71,-0.01,0.0,-1.85,0.25,0.17,-8.7,0.1,-4.765000000000001,-0.32,0.44,0.0,0.01,2287,1126.0,1161.0,8.4,26657,40887,-8.0,7.2
13239,"Quitman, GA",2015,-0.07,-0.15,0.03,-0.07,-1.43,0.21,-0.92,0.21,0.4,-0.04,0.0,-1.43,2.365,0.18,2.65,-0.07,0.57,-0.99,-0.11,0.0,0.0,2277,1118.0,1159.0,6.9,27769,42134,3.0,6.7
13239,"Quitman, GA",2016,0.07,-0.02,0.0,,,,0.04,-2.22,-0.44,0.12,0.02,,,,10.36,-0.01,0.37,,-1.2399999999999998,0.0,-0.02,2323,1124.0,1199.0,8.3,27930,46313,9.9,8.6
13239,"Quitman, GA",2017,0.0,-0.02,0.01,-0.1,,-0.75,,-0.7,1.09,0.0,0.02,,-2.43,,-15.74,,-0.89,,0.1,0.0,0.0,2334,1123.0,1211.0,6.7,28881,39526,-14.7,8.3
13239,"Quitman, GA",2018,-0.17,0.0,-0.04,-0.03,-1.23,-0.16,0.53,-0.27,-1.16,0.05,-0.01,-1.23,-0.1,-0.07,5.79,-0.01,4.87,,,0.18,0.0,2254,1109.0,1145.0,6.3,31237,41356,4.6,9.1
13239,"Quitman, GA",2019,-0.21,0.04,0.01,0.04,,0.55,-1.73,-0.06,-1.21,-0.05,0.01,,,,-10.73,,,-1.43,-1.2399999999999998,-0.16,0.0,2300,1119.0,1181.0,5.9,32584,36415,-11.9,7.1
13239,"Quitman, GA",2020,-0.03,0.05,-0.01,0.0,,2.08,1.08,0.16,-1.98,0.02,0.01,,,0.03,9.44,,,-0.44,-0.71,-0.02,0.0,2224,1067.0,1157.0,7.2,39840,39134,7.5,11.5
13239,"Quitman, GA",2021,0.34,0.06,0.05,0.14,,3.26,0.87,0.0,0.11,,0.0,-3.15,0.74,0.04,-5.16,,-4.765000000000001,-0.48,1.13,0.0,0.0,2239,1081.0,1158.0,5.4,38421,37156,-5.1,9.1
13239,"Quitman, GA",2022,0.03,-0.09,0.04,,-0.64,-3.25,-1.58,-0.04,-1.4,,0.1,-0.64,0.08,0.65,-12.23,,,-0.29,-1.2399999999999998,0.0,0.1,2254,1090.0,1164.0,5.6,38170,32092,-13.6,10.9
13239,"Quitman, GA",2023,-0.08,0.0,0.0,0.14,-0.15,-0.02,,-0.1,0.33,-0.08,0.03,,0.68,-0.11,-0.73,-0.29,-1.05,0.66,1.04,0.0,0.02,2278,1095.0,1183.0,5.9,39745,31965,-0.4,9.0
13241,"Rabun, GA",2002,-0.21,0.08,-0.02,0.06,-0.45,-0.24,0.29,0.26,0.18,-0.24,0.14,-0.48,0.05,0.16,0.82,-0.19,0.83,0.41,-0.01,0.11,-0.11,15458,,,4.2,23569,510829,1.0,
13241,"Rabun, GA",2003,-0.02,0.15,-0.09999999999999999,0.1,0.06,2.71,-0.03,-1.34,0.73,1.3,-0.23,0.1,-2.25,-0.06,2.27,0.23,1.28,1.19,0.03,0.26,-1.0,15691,,,3.7,24685,526142,3.0,
13241,"Rabun, GA",2004,0.7700000000000001,0.18000000000000002,0.0,0.08,0.25,0.79,0.8,0.28,-0.02,0.71,-0.31,0.28,2.365,0.25,6.2,-0.32,0.3,-0.33,0.04,0.11,-0.08,15757,,,3.7,26994,558644,6.2,
13241,"Rabun, GA",2005,0.58,0.13,-0.09999999999999999,0.12,0.3,-1.98,0.43,1.65,0.22,1.19,0.12,0.08,1.15,0.11,6.03,0.16,1.67,0.77,0.01,0.05,0.13,15934,,,4.6,28660,593526,6.2,
13241,"Rabun, GA",2006,0.24,-0.17,-0.06,0.06,-0.02,0.77,0.23,0.62,0.15,-0.66,0.12,-0.11,-2.43,0.01,-3.43,0.09,-0.12,0.07,0.04,-0.23,-0.26,16090,,,5.5,29211,574050,-3.3,
13241,"Rabun, GA",2007,-0.55,0.18000000000000002,-0.06,0.04,-0.25,1.61,0.08,-0.01,-0.04,0.23,0.17,-0.4,-2.43,-0.28,-0.87,0.23,3.42,-0.12,-0.04,-0.19,-0.1,16306,,,5.9,30032,568782,-0.9,
13241,"Rabun, GA",2008,-0.29,-0.17,0.11,-0.16,-0.08,-3.25,-0.32,0.64,-1.6,-0.25,-0.05,-0.16,2.365,-0.34,-3.36,-0.25,-1.52,0.08,-0.04,0.15,-0.07,16359,,,6.5,29990,540563,-5.0,
13241,"Rabun, GA",2009,-0.17,0.1,,0.18,0.42,-3.25,-0.26,2.19,-0.45,-0.38,-0.13,0.33,0.1,-0.19,-0.85,-0.11,1.2,-0.1,,0.26,-0.17,16295,,,10.4,29284,533550,-1.3,
13241,"Rabun, GA",2010,-0.14,0.18000000000000002,-0.09999999999999999,0.41,-0.43,3.26,0.16,-1.97,0.15,-0.02,-0.13,-0.36,-2.43,-0.2,6.63,0.26,4.59,0.38,0.08,,,16276,8034.0,8242.0,11.7,29748,569696,6.8,24.7
13241,"Rabun, GA",2011,-0.11,-0.17,,0.03,-0.58,-1.22,0.3,-0.06,1.37,0.11,-0.09,-0.65,-2.43,-0.01,-9.34,0.21,-2.28,0.09,,,,16257,8011.0,8246.0,12.2,30718,524313,-8.0,24.2
13241,"Rabun, GA",2012,0.03,0.08,-0.02,0.36,0.69,-3.25,,-0.34,0.95,0.16,0.06,0.64,,-0.1,-5.46,0.51,-1.38,-0.53,-0.05,0.21,-0.03,16303,8006.0,8297.0,11.3,32162,500673,-4.5,25.9
13241,"Rabun, GA",2013,-0.16,-0.04,,-0.67,-0.83,3.26,0.23,-1.26,-2.29,1.5300000000000002,0.17,-0.85,0.32,0.13,4.57,-0.96,0.28,0.97,,0.26,,16184,7961.0,8223.0,9.8,32707,512041,2.3,26.6
13241,"Rabun, GA",2014,-0.12,-0.04,0.09,,-0.41,0.14,-0.93,-0.3,-0.65,-0.05,-0.01,-0.39,1.27,0.28,-1.52,-0.02,0.33,-0.78,0.03,-0.23,0.06,16159,7962.0,8197.0,8.2,34204,500933,-2.2,25.8
13241,"Rabun, GA",2015,0.11,0.07,-0.09999999999999999,-0.36,0.08,0.64,-0.37,-0.98,0.16,-0.18,0.09,0.01,0.86,0.34,3.7,-0.34,2.96,0.4,-0.06,0.13,0.12,16224,7959.0,8265.0,6.8,36698,520276,3.9,25.9
13241,"Rabun, GA",2016,0.08,-0.02,0.1,0.48,0.0,0.43,0.43,-1.15,-0.2,0.64,0.05,-0.02,0.33,-0.02,1.76,0.53,-0.57,0.78,0.0,0.22,-0.05,16493,8104.0,8389.0,6.1,39107,528424,1.6,26.3
13241,"Rabun, GA",2017,0.3,0.08,0.01,-0.08,-0.1,-0.53,0.02,-0.85,0.21,0.36,0.0,-0.07,-0.62,-0.05,0.84,0.18,1.54,0.48,0.03,-0.03,-0.01,16560,8127.0,8433.0,5.1,40998,533998,1.1,25.3
13241,"Rabun, GA",2018,0.7700000000000001,0.18000000000000002,0.02,-0.05,0.04,1.01,-0.46,-0.54,-0.01,0.25,-0.05,0.06,0.66,0.11,-2.16,0.21,-4.765000000000001,0.39,-0.01,0.02,0.14,16853,8279.0,8574.0,4.1,41014,522387,-2.2,24.8
13241,"Rabun, GA",2019,0.11,0.18000000000000002,-0.01,0.17,0.03,0.07,-0.29,0.44,-0.03,-0.5,-0.06,0.15,1.44,-0.07,9.48,,4.82,1.94,,0.26,,17116,8375.0,8741.0,3.8,42770,571753,9.4,24.2
13241,"Rabun, GA",2020,-0.7000000000000002,-0.1,-0.08,0.14,0.01,0.52,-0.18,0.54,-0.22,-0.4,-0.06,0.19,-0.05,-0.19,-4.87,,-4.765000000000001,0.04,,-0.03,0.69,16913,8320.0,8593.0,5.5,45603,542675,-5.1,28.4
13241,"Rabun, GA",2021,0.7700000000000001,0.18000000000000002,0.11,0.34,-0.01,3.26,-0.04,-0.2,0.44,0.28,0.1,0.05,0.76,-0.02,11.56,0.99,4.2,0.2,0.06,-0.23,0.05,17119,8418.0,8701.0,3.3,51221,607782,12.0,26.1
13241,"Rabun, GA",2022,0.7700000000000001,0.14,0.04,,0.02,-2.86,0.0,-0.7,0.2,0.28,,-0.08,0.29,0.24,-0.68,0.66,1.56,-0.97,,-0.05,-0.06,17292,8574.0,8718.0,3.1,51594,604812,-0.5,28.0
13241,"Rabun, GA",2023,-0.13,-0.04,-0.05,,0.14,-0.5,-0.09,0.09,-0.02,-0.16,,0.02,-0.94,-0.01,0.18,-0.12,-0.01,1.37,,0.26,-0.07,17525,8674.0,8851.0,3.2,54148,605814,0.2,29.9
13243,"Randolph, GA",2002,-0.19,0.0,-0.09999999999999999,0.59,4.29,0.42,-0.42,-0.05,1.94,0.12,0.05,4.79,0.02,0.06,11.06,1.06,-0.82,-0.15,0.54,0.12,1.41,7747,,,8.9,21413,242279,13.0,
13243,"Randolph, GA",2003,0.24,0.04,0.01,-0.98,-3.4,-0.76,-0.71,-0.38,1.24,0.01,-0.05,-3.4,2.365,-0.17,-2.38,-1.4,-0.1,0.02,0.22,0.04,0.09,7699,,,7.4,21797,239507,-1.1,
13243,"Randolph, GA",2004,0.05,0.18000000000000002,0.11,,-4.32,0.94,-0.87,-0.52,-1.98,0.0,,-4.869999999999999,2.365,,-3.44,-0.74,-0.56,-0.24,-0.11,0.09,-0.97,7726,,,7.2,21648,226523,-5.4,
13243,"Randolph, GA",2005,-0.06,-0.17,-0.09999999999999999,-0.45,1.92,0.57,-1.04,0.5,-0.09,0.18,-0.3,1.92,-2.43,-0.13,-13.11,-0.48,0.03,0.17,0.06,-0.23,0.1,7707,,,7.5,21956,196636,-13.2,
13243,"Randolph, GA",2006,-0.51,-0.11,-0.09,-0.32,4.29,-1.09,-1.19,-0.11,-0.31,0.02,-0.02,4.79,0.72,0.04,3.17,-0.33,-0.48,0.3,0.39,0.05,0.01,7786,,,6.4,22917,202251,2.9,
13243,"Randolph, GA",2007,-0.44,0.06,-0.09999999999999999,0.0,-4.03,0.31,0.13,-0.06,-2.3699999999999997,0.45,0.0,-4.03,2.365,0.14,3.34,-0.01,3.29,-0.18,0.32,-0.03,0.11,7758,,,6.5,23868,202426,0.1,
13243,"Randolph, GA",2008,-0.07,-0.07,0.11,0.02,,,0.55,0.24,-0.3,0.49,0.01,,1.39,0.25,2.67,-0.08,-1.06,-0.08,0.26,-0.07,-0.18,7645,,,8.6,25741,207218,2.4,
13243,"Randolph, GA",2009,-0.1,0.01,0.02,-0.13,,-0.34,,0.93,-1.63,-0.5,,,2.365,,2.9,-0.1,0.26,-0.17,0.06,-0.06,-0.46,7736,,,12.1,24772,209844,1.3,
13243,"Randolph, GA",2010,0.05,0.05,-0.09999999999999999,0.23,-4.07,,,-0.51,0.04,-0.09,,-4.07,-2.43,,-3.88,0.2,1.07,0.29,-0.75,-0.06,0.35,7668,3527.0,4141.0,12.0,25472,201777,-3.8,13.1
13243,"Randolph, GA",2011,0.04,0.01,-0.09999999999999999,,4.29,-1.03,-0.21,0.29,-0.48,-0.06,0.0,4.79,-1.5,-0.35,3.04,-0.23,0.27,0.13,0.07,-0.04,0.04,7570,3485.0,4085.0,12.5,27350,206958,2.6,14.8
13243,"Randolph, GA",2012,0.02,0.06,-0.09999999999999999,-0.11,0.6,-0.13,-0.31,0.49,-1.76,0.02,0.0,0.6,-2.43,-0.2,0.61,-0.27,2.88,0.29,0.09,0.0,0.18,7310,3399.0,3911.0,12.3,28594,204560,-1.2,14.4
13243,"Randolph, GA",2013,-0.07,-0.01,-0.09999999999999999,0.02,-1.71,-1.36,-0.72,0.17,-0.89,0.13,0.06,-1.71,-1.76,-0.31,0.23,0.08,3.22,0.45,,0.01,,7202,3329.0,3873.0,10.3,28982,203209,-0.7,17.4
13243,"Randolph, GA",2014,0.13,-0.02,-0.09999999999999999,0.03,-4.32,-0.02,0.43,0.2,-0.39,0.21,-0.03,-4.869999999999999,2.365,0.13,0.39,0.02,-4.26,-0.16,0.09,-0.01,0.54,7315,3378.0,3937.0,9.8,27241,203221,0.0,14.8
13243,"Randolph, GA",2015,-0.06,-0.07,-0.09999999999999999,0.05,2.78,0.14,0.55,,-0.24,-0.11,0.02,2.78,-2.43,0.14,-0.23,0.05,,-0.43,0.34,0.01,0.3,7153,3285.0,3868.0,9.2,29265,202266,-0.5,14.7
13243,"Randolph, GA",2016,-0.02,-0.03,-0.01,0.0,-1.13,,,-0.28,-0.88,0.18,,-1.13,-2.43,,-5.8,0.04,0.12,0.38,-0.24,0.08,0.26,7150,3260.0,3890.0,7.4,29657,188762,-6.7,13.4
13243,"Randolph, GA",2017,0.15,-0.02,0.11,-0.11,0.2,,,-0.56,-0.08,0.13,,0.2,-2.43,,-6.21,-0.25,-0.38,0.36,-0.38,-0.23,0.31,6974,3187.0,3787.0,5.6,31559,176900,-6.3,12.1
13243,"Randolph, GA",2018,,,0.11,-0.17,-1.07,,,,-0.28,0.13,-0.03,-1.07,0.76,-0.39,0.98,-0.14,,0.61,-0.54,-0.03,0.4,6826,3123.0,3703.0,4.9,32877,178135,0.7,11.7
13243,"Randolph, GA",2019,0.04,0.01,0.11,-0.03,2.88,,,,-0.28,0.06,0.02,2.88,2.12,-0.3,0.79,-0.1,-4.23,-0.27,0.21,0.0,,6806,3129.0,3677.0,4.3,35438,179045,0.5,10.3
13243,"Randolph, GA",2020,-0.36,0.0,-0.09999999999999999,0.22,2.44,-0.14,-0.55,0.0,-2.07,-0.2,-0.01,2.44,0.35,-0.17,2.79,0.32,,-0.31,0.15,,-0.98,6364,2936.0,3428.0,5.2,40426,180341,0.7,12.3
13243,"Randolph, GA",2021,0.3,0.02,0.11,0.07,-0.56,0.52,1.13,,-2.3699999999999997,1.02,0.07,-0.56,1.02,0.25,0.63,0.2,,0.03,-0.27,0.11,-1.11,6262,2883.0,3379.0,4.5,43582,172477,-4.4,12.4
13243,"Randolph, GA",2022,0.03,-0.03,0.1,-0.1,-4.32,-0.18,-0.19,-0.8,-0.38,0.45,0.06,-4.869999999999999,1.34,-0.07,5.8,-0.18,,-0.17,1.15,,-0.18,6155,2844.0,3311.0,3.9,43105,181820,5.4,12.4
13243,"Randolph, GA",2023,0.03,0.0,-0.09,0.06,0.58,0.02,0.0,,0.43,0.48,0.05,0.58,-2.12,-0.13,-0.15,0.03,,0.81,-0.27,-0.18,-0.36,6113,2849.0,3264.0,3.6,45285,182321,0.3,15.0
13245,"Richmond, GA",2002,0.02,0.03,0.06,-0.18,-0.01,-0.21,0.13,0.14,0.61,0.27,0.33,0.02,0.14,0.05,0.73,0.06,-0.31,0.12,0.01,0.04,-0.18,198670,,,5.5,25436,10617806,1.3,
13245,"Richmond, GA",2003,0.11,0.0,-0.01,0.21,0.0,0.72,-1.07,-0.15,1.17,0.48,0.32,0.03,0.32,-0.01,1.88,0.36,0.2,0.07,0.01,-0.02,0.54,196958,,,5.4,26533,10942319,3.1,
13245,"Richmond, GA",2004,0.15,-0.01,-0.02,0.13,0.01,-0.33,0.34,-0.13,0.22,0.76,0.4,0.0,-0.34,-0.05,1.73,-0.21,0.61,-0.14,0.19,0.01,0.51,196883,,,5.9,27618,11156155,2.0,
13245,"Richmond, GA",2005,0.08,0.03,-0.02,0.16,0.02,-0.2,-1.05,0.36,1.13,-0.1,0.51,-0.04,-1.87,0.0,-1.89,0.14,-0.15,-0.17,0.13,-0.02,0.47,195837,,,6.8,28030,11071726,-0.8,
13245,"Richmond, GA",2006,0.02,-0.02,-0.03,-0.25,0.03,-0.47,0.19,0.13,0.52,-0.35,0.34,-0.01,0.08,0.07,-0.76,-0.15,-0.78,-0.03,-0.04,0.0,0.31,196449,,,6.3,28722,11044736,-0.2,
13245,"Richmond, GA",2007,-0.18,0.02,0.01,-0.13,0.03,0.87,0.26,0.02,-0.01,0.07,0.66,-0.06,1.07,0.03,2.43,-0.17,-0.07,-0.34,-0.15,-0.01,0.42,196483,,,6.1,29600,11311892,2.4,
13245,"Richmond, GA",2008,-0.08,0.02,0.0,0.13,0.03,-0.38,0.27,0.09,-0.03,0.5,-0.53,0.03,-0.8,0.02,-0.27,1.24,-0.07,-0.36,0.03,0.02,-0.28,198423,,,7.3,29597,11277824,-0.3,
13245,"Richmond, GA",2009,-0.11,0.05,0.03,0.06,0.05,-0.15,-0.28,0.89,1.67,0.02,-0.51,0.01,-0.41,-0.15,-0.89,0.18,0.77,-0.49,-0.23,-0.03,-0.45,198489,,,10.1,29784,11365733,0.8,
13245,"Richmond, GA",2010,0.02,0.02,0.06,0.29,0.0,0.3,-0.36,-0.45,0.41,0.09,0.28,0.02,-0.32,-0.06,0.55,0.4,0.44,-0.03,0.02,0.04,0.07,201122,97380.0,103742.0,10.9,30491,11475501,1.0,20.3
13245,"Richmond, GA",2011,0.0,0.02,0.01,-0.1,0.03,-0.41,-0.11,0.1,0.58,0.27,0.52,0.01,-0.45,0.02,-0.01,0.31,-0.4,0.02,0.01,0.09,-0.02,200618,97039.0,103579.0,11.0,32099,11540421,0.6,19.7
13245,"Richmond, GA",2012,-0.01,0.02,-0.08,-0.15,0.0,-0.28,0.21,0.22,-0.23,0.32,0.39,-0.01,-0.93,0.01,-0.21,-0.14,-0.11,0.11,0.01,0.0,0.08,201827,98099.0,103728.0,10.4,30947,11490157,-0.4,19.8
13245,"Richmond, GA",2013,0.1,0.18000000000000002,-0.04,0.51,-0.03,-0.29,0.17,-0.01,-0.17,-0.2,0.07,-0.02,-0.14,0.04,1.35,0.64,0.52,0.36,0.02,-0.01,-0.05,201457,97871.0,103586.0,9.8,30818,11625998,1.2,20.5
13245,"Richmond, GA",2014,0.31,-0.15,-0.02,0.18,-0.01,0.17,0.15,0.18,0.51,0.1,0.23,-0.02,-0.16,0.13,1.38,0.28,0.01,0.16,-0.03,-0.03,0.07,201448,97837.0,103611.0,8.7,31935,11844786,1.9,20.4
13245,"Richmond, GA",2015,0.04,0.03,0.0,0.02,-0.02,0.38,-0.05,-0.12,0.9,0.47,0.26,-0.02,0.63,-0.01,3.36,0.14,0.93,0.27,0.23,0.02,0.16,201639,97921.0,103718.0,7.5,33599,12349623,4.3,20.4
13245,"Richmond, GA",2016,-0.03,0.07,0.0,0.07,-0.04,-0.5,0.13,-0.27,0.48,0.04,-0.01,-0.03,-0.32,-0.07,-0.98,-0.01,-0.09,0.19,-0.02,0.03,-0.09,202179,98232.0,103947.0,6.8,33801,12288037,-0.5,21.0
13245,"Richmond, GA",2017,0.03,0.09,-0.03,0.27,-0.02,0.04,0.67,-0.44,0.89,-0.12,-0.37,0.01,-0.87,-0.07,-1.35,0.32,-0.39,0.03,0.04,-0.01,-0.28,201965,98108.0,103857.0,6.0,35347,12231397,-0.5,21.0
13245,"Richmond, GA",2018,0.1,0.12,0.02,0.45,-0.11,0.05,0.18,-0.16,-0.96,0.31,-0.07,-0.12,-0.53,0.03,1.67,0.65,1.2,0.14,-0.01,-0.03,-0.22,202027,97924.0,104103.0,5.2,36368,12318900,0.7,21.3
13245,"Richmond, GA",2019,-0.28,-0.06,0.0,-0.28,0.0,-0.43,0.92,0.1,0.35,0.53,0.08,0.0,-0.64,-0.03,-0.35,-0.19,-0.32,0.01,0.02,0.03,-0.12,202639,98401.0,104238.0,4.7,37599,12319326,0.0,21.4
13245,"Richmond, GA",2020,-0.55,-0.17,-0.01,-0.43,0.01,0.13,0.22,-0.13,0.34,-0.3,-0.32,0.04,-0.22,-0.19,-2.09,-0.31,-0.36,-0.11,0.15,0.05,0.06,206557,100048.0,106509.0,7.5,41200,12104550,-1.7,22.5
13245,"Richmond, GA",2021,0.42,0.15,0.06,0.48,0.0,0.15,0.39,0.16,0.35,0.39,0.07,-0.01,0.31,-0.04,4.41,1.17,1.07,0.01,0.23,-0.04,-0.1,205331,99149.0,106182.0,5.2,43648,12680818,4.8,22.6
13245,"Richmond, GA",2022,0.41,0.18000000000000002,0.05,0.26,0.0,-0.13,-0.32,-0.07,-0.78,0.54,0.17,-0.04,0.03,0.02,3.02,0.78,1.58,-0.2,0.07,-0.02,-0.08,206510,100038.0,106472.0,4.3,43788,12965550,2.2,23.6
13245,"Richmond, GA",2023,-0.01,0.0,0.02,-0.19,0.0,-0.18,0.68,-0.2,0.2,0.12,0.2,-0.05,-0.13,0.07,1.19,-0.24,0.58,0.41,-0.06,0.01,-0.02,205646,98984.0,106662.0,4.7,45441,13146409,1.4,24.1
13247,"Rockdale, GA",2002,0.08,-0.03,0.03,0.02,0.03,-0.54,-1.72,0.27,1.25,0.47,-0.21,0.02,0.16,-0.03,0.1,0.49,0.39,0.18,0.07,0.02,0.46,73158,,,4.8,28938,3411748,1.3,
13247,"Rockdale, GA",2003,0.06,0.03,0.01,0.0,0.02,-0.66,-0.29,-0.25,0.22,0.13,-0.5900000000000001,0.02,-0.3,0.04,-0.89,0.33,1.38,0.69,0.28,0.0,0.01,74860,,,4.9,29233,3388788,-0.7,
13247,"Rockdale, GA",2004,0.07,0.0,0.02,1.0,-0.02,0.38,0.25,-0.13,-0.3,0.46,-0.5900000000000001,0.0,1.08,-0.02,2.02,1.05,1.18,-0.44,-0.13,0.0,-0.33,76577,,,5.0,29289,3447010,1.7,
13247,"Rockdale, GA",2005,0.02,-0.06,-0.02,0.36,-0.02,-1.17,-0.99,0.56,-0.2,-0.06,-0.5900000000000001,-0.04,-1.18,0.02,-2.66,0.56,0.9,0.29,-0.2,-0.03,-0.19,78086,,,5.8,29195,3348349,-2.9,
13247,"Rockdale, GA",2006,0.05,-0.04,0.06,0.3,0.1,-0.39,-2.46,0.34,0.12,0.26,-0.5900000000000001,0.14,-1.0,-0.06,-5.05,0.58,-1.69,0.03,1.35,0.02,-1.5500000000000005,79911,,,5.0,29800,3183187,-4.9,
13247,"Rockdale, GA",2007,-0.11,0.04,0.11,-0.29,-0.1,-0.03,-0.29,-0.08,0.19,0.32,-0.5900000000000001,-0.09,-0.19,-0.06,-0.71,0.64,1.2,-0.71,0.9,0.07,-0.52,82146,,,5.0,30226,3166512,-0.5,
13247,"Rockdale, GA",2008,-0.28,-0.09,-0.01,-0.72,0.01,-0.96,-0.65,0.42,-0.26,0.23,0.67,-0.05,-1.39,-0.12,0.27,-0.3,1.04,0.14,1.35,0.05,-0.02,83558,,,7.1,30059,3166843,0.0,
13247,"Rockdale, GA",2009,-0.38,0.01,-0.06,-0.26,0.18,-0.7,-1.08,0.84,0.83,0.22,0.67,0.14,0.55,-0.16,-1.85,-0.13,-1.3,0.03,0.23,-0.03,-0.98,84625,,,11.1,29744,3134437,-1.0,
13247,"Rockdale, GA",2010,-0.09,0.1,-0.03,0.37,-0.06,1.48,1.51,-0.08,0.08,-0.02,0.67,-0.07,-0.19,-0.05,5.52,-0.01,0.27,0.04,0.59,0.03,0.61,85359,40608.0,44751.0,11.2,29900,3310052,5.6,23.6
13247,"Rockdale, GA",2011,-0.08,-0.04,0.05,0.17,-0.02,-0.23,0.59,0.53,0.08,0.08,0.67,-0.01,0.34,-0.09,2.75,-1.4,0.17,-0.6,-0.01,0.02,0.12,85423,40496.0,44927.0,11.0,31193,3403823,2.8,23.7
13247,"Rockdale, GA",2012,-0.06,-0.05,0.03,-0.16,0.04,0.03,0.33,0.4,-0.22,0.04,0.67,0.03,0.07,-0.08,0.23,-0.22,-2.07,-0.74,0.34,-0.02,0.71,85453,40508.0,44945.0,10.0,30426,3404090,0.0,25.0
13247,"Rockdale, GA",2013,-0.1,-0.02,-0.01,0.21,-0.19,-0.55,3.29,0.15,-0.42,-0.04,0.67,-0.2,0.28,0.01,4.22,0.21,2.34,0.01,-1.2399999999999998,0.03,-0.14,86522,40869.0,45653.0,9.1,30189,3533503,3.8,26.0
13247,"Rockdale, GA",2014,0.23,0.0,0.01,0.01,-0.03,-0.12,1.33,0.16,0.03,0.0,0.0,-0.07,0.84,0.05,0.88,0.0,-0.96,-0.19,-0.11,0.0,-0.28,87222,41243.0,45979.0,7.9,31180,3565628,0.9,25.4
13247,"Rockdale, GA",2015,0.03,-0.02,-0.04,0.54,0.01,0.65,1.7,-0.22,0.39,0.49,0.67,0.04,2.365,-0.02,7.51,0.58,0.44,0.43,0.0,0.0,-0.19,88424,41727.0,46697.0,6.6,32402,3847472,7.9,25.5
13247,"Rockdale, GA",2016,-0.02,-0.04,-0.01,-0.12,-0.02,0.43,-2.87,-0.05,0.05,0.48,-0.29,-0.06,0.88,-0.04,-2.41,-0.21,1.3,0.4,-0.06,0.05,0.2,88995,42014.0,46981.0,5.9,32909,3756549,-2.4,26.0
13247,"Rockdale, GA",2017,-0.04,-0.03,-0.05,0.05,,,0.87,-0.33,0.26,0.01,-0.5900000000000001,,0.96,0.14,1.35,0.13,0.66,0.29,0.0,-0.05,0.14,89800,42347.0,47453.0,5.3,33217,3816812,1.6,25.8
13247,"Rockdale, GA",2018,0.05,-0.01,0.01,0.06,-0.01,0.27,-1.35,-0.06,0.0,0.46,-0.49,-0.01,0.29,0.06,3.1,0.27,3.02,0.43,0.11,0.06,-0.02,90402,42477.0,47925.0,4.4,34128,3935088,3.1,26.5
13247,"Rockdale, GA",2019,0.04,-0.01,0.02,0.08,0.0,-0.16,-0.1,0.26,-0.03,-0.21,-0.07,0.0,-1.52,0.0,-1.25,0.42,-0.61,0.4,-0.11,0.02,0.37,90639,42567.0,48072.0,4.0,35448,3884844,-1.3,26.3
13247,"Rockdale, GA",2020,-0.53,-0.03,-0.05,0.13,0.01,1.19,-0.55,1.27,-0.24,-0.21,0.02,0.01,-0.2,-0.19,3.54,0.22,1.37,0.53,0.22,0.04,0.44,93617,44084.0,49533.0,7.5,39171,4013229,3.3,27.2
13247,"Rockdale, GA",2021,0.42,0.04,0.1,0.36,,,1.78,0.87,0.27,0.59,0.67,,0.8,0.02,7.95,0.82,0.4,0.12,0.25,-0.05,0.16,93899,44034.0,49865.0,4.6,42060,4343201,8.2,27.9
13247,"Rockdale, GA",2022,0.24,0.0,0.01,-0.04,-0.01,-0.71,-1.07,-1.47,0.63,0.46,-0.27,0.0,0.8,0.12,-1.12,0.75,0.59,-0.42,-0.19,-0.04,0.07,95016,44452.0,50564.0,3.6,41751,4321646,-0.5,28.1
13247,"Rockdale, GA",2023,0.05,0.01,-0.02,0.0,0.02,,-0.57,-0.92,0.19,0.79,0.07,,-0.57,-0.1,-0.55,0.26,-0.1,0.64,0.48,0.01,-0.33,96263,45141.0,51122.0,3.8,43568,4306313,-0.4,29.1
13249,"Schley, GA",2002,0.03,0.18000000000000002,0.0,,0.54,-0.02,-0.99,2.19,1.18,0.52,0.15,0.54,0.56,-0.1,5.66,0.03,0.3,-0.23,,0.13,,3920,,,4.8,21883,125109,6.8,
13249,"Schley, GA",2003,0.17,,0.0,,-1.69,-0.03,2.2,-2.22,0.63,0.35,-0.32,-1.69,-1.13,,-3.37,,0.45,0.23,0.01,-0.23,-0.1,3976,,,5.6,22609,121675,-2.7,
13249,"Schley, GA",2004,0.08,-0.17,-0.04,-0.16,0.57,-1.41,3.29,-0.09,-0.24,-0.05,-0.5900000000000001,0.57,-2.43,0.2,4.01,-0.28,-0.38,-0.96,0.2,-0.13,0.88,4070,,,5.9,23314,126269,3.8,
13249,"Schley, GA",2005,-0.11,-0.08,0.0,0.04,,,1.3,2.19,2.32,,-0.03,,-0.17,,6.85,-0.02,1.86,-0.2,-0.03,0.0,0.41,4270,,,6.7,24632,139535,10.5,
13249,"Schley, GA",2006,-0.02,-0.07,,,-2.73,-0.96,3.29,0.83,0.37,0.34,0.03,-2.73,0.42,0.47,7.05,,-0.46,0.42,-0.2,0.0,,4374,,,5.6,25263,149887,7.4,
13249,"Schley, GA",2007,-0.05,,0.11,0.08,,,-1.06,0.03,-0.07,-0.43,0.0,,2.365,-0.17,7.19,,-0.11,0.05,-0.14,0.0,0.27,4601,,,5.9,26249,160563,7.1,
13249,"Schley, GA",2008,0.01,-0.01,0.01,-0.05,,,-1.71,1.6,-0.45,-0.02,-0.01,,-0.78,0.03,2.63,,0.5,0.46,-0.17,,0.16,4835,,,6.8,26458,164074,2.2,
13249,"Schley, GA",2009,0.04,0.11,-0.02,0.08,-0.37,0.31,-2.87,2.19,0.83,-0.15,0.0,-0.37,1.19,-0.11,-4.99,0.03,0.39,-0.01,0.35,0.0,-0.67,4954,,,12.7,24380,157249,-4.2,
13249,"Schley, GA",2010,0.13,0.18000000000000002,0.0,0.21,,,-2.87,-1.61,0.06,-0.33,0.01,,0.98,-0.11,-4.19,,1.34,-0.01,-0.65,,0.05,5020,2415.0,2605.0,11.9,25229,150754,-4.1,8.7
13249,"Schley, GA",2011,0.01,,-0.06,0.21,-4.32,-0.26,1.4,-0.73,-0.55,-0.18,0.01,-4.52,-1.4,0.21,-4.15,,0.98,-0.22,,0.0,,5043,2423.0,2620.0,11.2,25817,143671,-4.7,11.3
13249,"Schley, GA",2012,0.0,-0.11,-0.09999999999999999,0.08,,,0.2,-2.22,-0.28,-0.19,-0.07,,-2.43,0.04,-10.05,-0.1,-0.46,,0.15,0.0,,5023,2425.0,2598.0,10.2,27155,128825,-10.3,13.4
13249,"Schley, GA",2013,0.01,-0.17,0.0,0.02,,,-2.87,-0.96,-0.39,-0.36,0.01,,-0.69,-0.47,-4.68,-0.03,2.0,-0.36,1.35,0.0,0.13,5095,2437.0,2658.0,9.2,27474,122292,-5.1,14.2
13249,"Schley, GA",2014,-0.05,-0.06,0.02,-0.2,,,-2.87,0.79,0.25,-0.18,-0.01,,-0.65,-0.03,-7.41,,-3.75,-0.24,0.67,0.0,,5189,2448.0,2741.0,7.6,29200,113529,-7.2,14.1
13249,"Schley, GA",2015,-0.06,,-0.02,-0.35,1.8,2.25,-2.87,0.46,0.56,-0.16,0.01,1.8,-1.0,-0.31,-2.87,-0.26,1.43,,,0.0,,5208,2472.0,2736.0,6.8,31285,110905,-2.3,14.7
13249,"Schley, GA",2016,-0.12,,0.0,-0.1,-0.34,0.6,-2.87,-2.11,0.18,0.02,-0.01,-0.34,2.23,-0.22,-5.01,,-0.57,-0.86,0.98,0.0,-1.06,5179,2464.0,2715.0,6.3,31141,105548,-4.8,14.9
13249,"Schley, GA",2017,,,0.02,-0.03,1.64,-1.8,-2.47,-0.74,0.23,-0.07,0.0,1.64,2.365,0.05,1.36,0.1,0.36,0.33,0.47,0.0,-0.53,5236,2488.0,2748.0,5.5,33063,107229,1.6,13.7
13249,"Schley, GA",2018,0.23,0.01,0.05,0.06,-0.28,-0.13,0.24,-0.5,-0.62,0.14,0.02,-0.28,2.365,0.09,10.65,0.21,3.6,0.73,0.94,0.0,0.11,5212,2467.0,2745.0,4.6,35637,117982,10.0,12.9
13249,"Schley, GA",2019,0.29,0.05,0.01,0.06,-2.05,-0.65,0.0,0.55,0.42,-0.12,0.03,-2.05,-1.71,-0.05,-7.34,0.15,,0.32,-1.2399999999999998,,0.34,5254,2508.0,2746.0,3.9,36518,109812,-6.9,13.3
13249,"Schley, GA",2020,-0.22,0.04,-0.03,0.09,-1.36,0.1,-0.77,-0.72,-0.8,-0.04,0.0,-1.36,0.74,-0.27,2.2,0.12,,-0.21,1.35,,-0.2,4538,2199.0,2339.0,4.4,40072,111345,1.4,12.1
13249,"Schley, GA",2021,0.11,-0.09,-0.06,0.04,,0.66,1.11,-0.21,0.35,0.07,0.0,1.16,0.53,-0.12,-3.67,0.08,-4.765000000000001,,0.97,0.0,,4488,2170.0,2318.0,3.7,45008,107649,-3.3,15.3
13249,"Schley, GA",2022,0.22,0.0,,0.05,1.64,1.22,0.97,,0.49,-0.48,0.09,1.64,0.25,0.38,2.54,-0.06,1.67,,-1.2399999999999998,0.0,,4503,2188.0,2315.0,3.7,44323,110901,3.0,18.0
13249,"Schley, GA",2023,-0.1,0.0,0.02,0.24,0.73,0.09,1.67,0.06,0.4,0.03,0.04,0.73,-0.78,-0.05,2.44,0.28,-0.25,0.41,0.16,0.0,0.11,4534,2216.0,2318.0,3.1,45658,114050,2.8,19.0
13251,"Screven, GA",2002,-0.13,,0.11,,-1.42,-0.91,1.13,0.41,0.67,0.05,0.29,-1.42,0.86,,2.32,0.15,0.34,-0.03,0.18,0.02,-0.08,15226,,,5.5,19120,325105,3.0,
13251,"Screven, GA",2003,0.09,,-0.03,,4.29,1.25,1.01,-0.26,0.32,0.22,-0.15,4.41,0.63,0.03,7.7,-0.03,-0.11,0.28,0.36,,0.01,15040,,,5.5,20175,351182,8.0,
13251,"Screven, GA",2004,0.08,0.1,-0.09999999999999999,,-2.68,-0.02,-1.33,-0.38,-0.79,0.16,-0.4,-2.68,1.95,,-1.48,0.39,-0.94,-0.11,0.81,,0.23,15047,,,5.2,20579,343221,-2.3,
13251,"Screven, GA",2005,-0.01,-0.1,-0.09999999999999999,-0.03,2.68,-1.24,-0.15,1.04,0.18,0.03,-0.36,2.68,2.365,-0.04,5.47,-0.14,0.77,0.53,-0.17,-0.01,-0.03,15065,,,5.5,20850,362632,5.7,
13251,"Screven, GA",2006,0.07,-0.08,0.03,,2.12,0.25,1.08,0.19,-0.5,-0.17,0.67,2.12,0.59,0.11,5.49,-0.15,0.49,0.22,-0.08,0.0,0.13,14884,,,4.8,21549,380736,5.0,
13251,"Screven, GA",2007,0.04,0.01,-0.04,,-3.36,0.05,0.79,0.08,-0.42,-0.1,0.67,-3.36,-0.13,-0.21,-1.87,0.18,0.07,-0.3,-0.07,0.0,0.09,14865,,,4.9,22536,372037,-2.3,
13251,"Screven, GA",2008,0.01,-0.01,0.07,0.01,-4.02,0.88,-0.98,0.31,-0.78,-0.38,0.32,-4.02,0.55,,-2.2,0.23,1.65,-0.25,-0.38,,-0.08,14843,,,8.0,23235,360942,-3.0,
13251,"Screven, GA",2009,-0.11,,0.11,0.03,3.17,0.15,-2.87,1.47,0.0,-0.12,,3.17,-2.43,-0.06,-3.52,-0.01,-0.54,-1.05,0.31,,-0.15,14905,,,14.2,23916,348243,-3.5,
13251,"Screven, GA",2010,0.03,0.03,-0.09999999999999999,0.07,-2.24,-0.72,2.29,-0.88,-0.96,-0.07,-0.15,-2.24,-0.54,0.0,-1.06,-0.23,0.44,0.57,0.28,0.0,0.28,14499,7078.0,7421.0,16.8,24914,341204,-2.0,11.4
13251,"Screven, GA",2011,0.2,-0.02,-0.09999999999999999,0.27,3.27,-0.43,2.43,0.25,0.12,-0.1,0.03,3.27,0.77,-0.06,7.43,0.13,1.97,-0.36,0.23,0.0,-0.1,14403,7055.0,7348.0,15.5,27629,366944,7.5,11.9
13251,"Screven, GA",2012,0.05,0.06,-0.09999999999999999,0.06,-1.45,0.0,-0.93,0.33,0.3,-0.1,-0.12,-1.45,0.64,-0.06,4.15,0.01,5.42,-0.29,0.21,0.0,-0.07,14170,6933.0,7237.0,13.6,29101,383298,4.5,11.7
13251,"Screven, GA",2013,-0.12,,-0.09999999999999999,0.04,-3.43,-0.41,,-0.32,-0.77,-0.07,,-3.43,,-0.01,-3.56,0.21,-0.62,-0.05,0.51,0.0,,14145,6951.0,7194.0,12.5,29062,366703,-4.3,13.0
13251,"Screven, GA",2014,-0.01,0.07,-0.06,0.0,-4.32,-0.18,0.23,0.53,-0.13,-0.05,,-4.869999999999999,0.28,0.07,-7.18,-0.06,-0.46,0.06,-0.41,,-0.11,14001,6821.0,7180.0,10.1,29315,339923,-7.3,13.0
13251,"Screven, GA",2015,-0.01,-0.06,0.09,-0.08,0.04,0.23,0.82,-0.65,-0.17,-0.19,0.39,0.04,-1.48,-0.01,-1.12,0.19,-0.59,0.08,0.07,,,14060,6894.0,7166.0,8.4,30169,335543,-1.3,13.3
13251,"Screven, GA",2016,-0.09,0.0,0.05,-0.03,1.6,0.1,0.1,-0.6,-0.17,-0.04,,1.6,-0.99,-0.05,0.36,0.24,1.05,0.41,-0.62,,-0.27,14015,6903.0,7112.0,6.7,31115,336194,0.2,14.4
13251,"Screven, GA",2017,0.05,-0.05,-0.02,0.12,-0.03,0.7,-0.48,-0.61,0.23,-0.08,-0.38,-0.03,0.67,-0.07,0.13,0.3,-0.46,0.48,0.25,0.0,-0.14,13953,6898.0,7055.0,5.6,32518,337397,0.4,14.7
13251,"Screven, GA",2018,-0.02,-0.02,0.07,0.14,0.16,0.93,-1.18,-0.53,-0.14,0.03,-0.01,0.16,-0.61,-0.03,-1.21,0.04,-0.48,0.31,0.02,0.0,0.11,13960,6905.0,7055.0,4.8,33379,332845,-1.3,14.2
13251,"Screven, GA",2019,0.08,0.0,-0.02,0.01,-2.03,-1.35,-0.88,0.53,-0.2,-0.07,0.62,-2.03,0.2,-0.43,-2.51,0.0,1.5,-0.16,-0.48,0.0,-0.03,13945,6897.0,7048.0,4.9,34305,323830,-2.7,15.4
13251,"Screven, GA",2020,-0.25,-0.03,0.01,-0.16,0.81,0.53,-0.13,,-1.4,-0.07,-0.03,0.81,-1.61,0.01,-5.34,-0.6,,-0.17,0.16,0.0,0.11,14079,6882.0,7197.0,7.1,37682,301998,-6.7,14.6
13251,"Screven, GA",2021,0.25,0.02,0.04,0.09,1.26,0.6,0.61,,0.26,0.03,0.29,1.26,1.14,-0.23,8.38,0.15,,0.5,0.33,0.0,-0.01,14067,6844.0,7223.0,4.8,40788,328066,8.6,14.7
13251,"Screven, GA",2022,-0.07,-0.02,-0.09999999999999999,0.3,-1.8,-0.46,-0.47,-0.56,-0.56,0.54,-0.02,-1.8,-0.77,0.33,-5.73,0.38,-2.2,-0.75,-0.11,0.0,0.46,13977,6844.0,7133.0,3.9,41260,307427,-6.3,15.7
13251,"Screven, GA",2023,0.0,,0.0,0.08,-0.52,-0.11,-1.13,0.81,0.04,0.6,,-0.52,-2.43,-0.21,-2.04,0.25,-0.78,0.99,0.43,,0.26,14204,6927.0,7277.0,4.5,42295,301279,-2.0,14.7
13253,"Seminole, GA",2002,-0.13,0.07,0.0,0.0,0.6,-1.24,-1.06,0.0,0.41,-0.54,0.31,0.55,-0.17,0.25,-1.56,0.12,-0.09,0.24,-0.17,0.03,0.27,9210,,,5.7,24001,255369,-1.2,
13253,"Seminole, GA",2003,-0.02,-0.17,0.0,0.2,0.2,1.66,0.08,-0.75,0.12,0.05,-0.5900000000000001,0.04,-0.41,-0.17,0.22,0.11,-0.66,0.49,0.33,0.06,0.37,9033,,,5.4,24816,256253,0.3,
13253,"Seminole, GA",2004,-0.28,,0.02,0.33,-3.02,-1.19,-2.18,-1.14,-0.66,0.41,,-3.02,-0.34,0.37,-10.15,0.31,-0.69,-0.39,,0.09,-0.29,9065,,,5.6,23610,228543,-10.8,
13253,"Seminole, GA",2005,0.01,-0.07,0.01,,3.46,,,1.21,-0.09,0.41,0.03,3.46,0.09,0.02,4.28,-0.1,0.51,0.67,0.28,-0.17,-0.09,8905,,,5.6,24854,238113,4.2,
13253,"Seminole, GA",2006,0.3,-0.01,0.0,,4.29,,,0.39,-0.15,0.43,0.08,4.79,-0.11,-0.2,5.7,-0.26,1.03,-0.03,-0.26,0.03,0.01,8869,,,5.1,25196,251339,5.6,
13253,"Seminole, GA",2007,0.15,0.01,0.02,,,1.64,-0.16,-0.44,-0.61,-0.07,0.13,,,0.14,-3.38,0.33,0.24,-0.6,-0.17,0.06,0.3,8800,,,5.5,25800,241328,-4.0,
13253,"Seminole, GA",2008,0.2,0.12,0.11,1.12,,,0.63,0.82,-1.23,0.56,0.31,,1.45,0.1,9.32,1.09,1.51,0.07,-0.09,0.18,0.31,8827,,,7.5,27876,260836,8.1,
13253,"Seminole, GA",2009,0.03,,0.11,0.26,4.29,-0.83,-0.53,1.91,0.35,0.42,,4.49,2.2,,9.6,-0.24,0.62,-0.36,0.25,0.03,0.74,8760,,,10.8,30082,286789,9.9,
13253,"Seminole, GA",2010,0.04,0.18000000000000002,0.11,-0.02,-4.32,,,-0.26,0.29,-0.15,,-4.869999999999999,0.61,,-5.12,-0.09,-0.66,-0.48,0.52,-0.18,0.41,8727,4132.0,4595.0,12.4,31164,272928,-4.8,10.3
13253,"Seminole, GA",2011,-0.36,-0.17,0.11,-0.37,4.29,0.06,0.98,1.07,0.07,-0.19,0.33,4.79,2.365,0.0,17.79,-0.45,1.14,-0.07,0.96,0.16,0.3,8766,4182.0,4584.0,12.5,35473,321664,17.9,10.9
13253,"Seminole, GA",2012,0.45,0.18000000000000002,0.11,-0.46,-4.32,,1.09,0.57,-0.45,-0.6,,-4.869999999999999,,-0.14,2.61,-0.38,-2.28,-0.11,,0.01,0.63,8869,4241.0,4628.0,10.7,39125,328589,2.2,11.9
13253,"Seminole, GA",2013,0.07,-0.17,-0.06,0.51,-0.66,,,-0.24,-0.28,0.19,-0.11,-0.66,-0.7,-0.05,0.57,0.43,1.65,0.13,-0.1,0.12,0.06,8844,4230.0,4614.0,10.2,38632,329553,0.3,12.2
13253,"Seminole, GA",2014,0.26,-0.17,-0.09999999999999999,0.49,-4.32,-0.02,0.78,-0.36,-0.11,-0.29,-0.12,-4.869999999999999,1.19,0.0,-11.13,0.66,-0.28,-0.06,-0.49,-0.12,-0.45,8596,4097.0,4499.0,9.5,37765,292488,-11.2,15.1
13253,"Seminole, GA",2015,0.08,-0.17,0.11,0.21,4.29,0.23,1.15,-0.37,-0.01,-0.62,0.33,4.48,-2.43,-0.04,-2.29,0.4,-0.15,0.86,-0.35,0.0,-1.5500000000000005,8559,4089.0,4470.0,8.2,36995,285752,-2.3,15.1
13253,"Seminole, GA",2016,-0.01,-0.17,-0.09999999999999999,-0.63,0.02,-0.31,3.19,-0.95,-0.53,0.1,0.19,0.02,-2.43,-0.21,-1.75,0.14,-1.97,2.0,-0.15,0.26,-0.51,8424,4021.0,4403.0,7.7,36495,279252,-2.3,14.9
13253,"Seminole, GA",2017,0.12,-0.17,0.03,-0.5,2.43,-0.06,0.95,-0.43,0.03,0.15,0.42,2.43,-2.43,0.01,2.1,-0.65,1.12,0.84,0.86,-0.14,-0.49,8249,3923.0,4326.0,6.4,36992,285219,2.1,15.1
13253,"Seminole, GA",2018,0.16,-0.04,-0.09999999999999999,-0.21,-0.28,-0.3,-2.49,-1.39,0.11,0.78,-0.42,-0.28,1.0,-0.1,-0.99,-0.37,0.07,0.08,1.35,0.12,1.7400000000000002,8266,3933.0,4333.0,5.3,37011,282716,-0.9,14.4
13253,"Seminole, GA",2019,0.09,0.18000000000000002,-0.09999999999999999,-0.19,4.29,0.31,-0.83,0.87,-0.02,0.46,0.26,4.79,2.11,-0.3,8.5,-0.07,-1.75,0.42,-1.12,-0.07,-0.26,8090,3865.0,4225.0,4.4,40683,306693,8.5,16.2
13253,"Seminole, GA",2020,-0.7000000000000002,0.18000000000000002,-0.09999999999999999,0.01,-1.49,-0.23,-0.74,-0.17,-0.76,-0.25,-0.03,-1.49,1.09,0.55,0.77,-0.05,2.44,0.1,-0.37,0.07,0.17,9133,4406.0,4727.0,4.9,45054,306719,0.0,15.4
13253,"Seminole, GA",2021,0.3,0.18000000000000002,0.11,0.12,2.6,,,-0.61,0.17,0.09,-0.5900000000000001,2.6,-2.43,-0.49,-3.68,0.18,-2.03,-1.78,0.65,-0.23,-0.76,9166,4379.0,4787.0,3.7,47235,295975,-3.5,15.8
13253,"Seminole, GA",2022,0.58,-0.17,-0.09999999999999999,-0.02,-4.32,,,-0.95,0.07,-0.13,0.49,-4.869999999999999,1.0,-0.57,-5.7,0.3,0.63,-0.39,-0.56,-0.16,-0.21,9129,4384.0,4745.0,3.7,45171,279322,-5.6,17.0
13253,"Seminole, GA",2023,0.13,0.08,-0.01,0.06,3.05,,,,0.16,-0.17,,3.05,0.39,0.0,6.18,0.48,0.38,0.96,0.21,-0.11,0.38,9080,4324.0,4756.0,3.9,47396,297046,6.3,15.8
13255,"Spalding, GA",2002,0.03,-0.01,-0.07,-0.03,-0.05,0.62,3.13,0.03,0.7,0.24,0.3,-0.04,1.04,0.18,3.63,0.06,0.4,0.02,-0.1,0.01,-1.5500000000000005,59699,,,6.2,24321,2056096,4.3,
13255,"Spalding, GA",2003,0.13,0.0,-0.01,0.16,,,-0.9,-0.45,0.3,0.41,0.02,,-2.43,-0.11,-0.2,-0.03,0.94,0.68,0.15,0.01,0.25,60222,,,6.3,24688,2058167,0.1,
13255,"Spalding, GA",2004,0.26,0.03,0.0,0.91,0.01,-1.88,1.11,-0.46,0.01,0.98,-0.11,0.02,2.365,-0.55,4.79,0.97,1.33,-0.4,0.15,0.0,0.66,60588,,,6.1,25537,2156955,4.8,
13255,"Spalding, GA",2005,0.16,0.05,-0.05,-0.01,-0.01,-0.23,0.82,0.27,1.1,0.45,0.08,-0.07,-1.39,-0.1,1.07,-0.28,1.01,-0.12,0.04,-0.01,0.45,61091,,,7.2,25895,2203710,2.2,
13255,"Spalding, GA",2006,0.07,0.05,0.04,0.11,-0.02,-0.12,2.05,0.03,-0.04,0.21,-0.13,-0.23,-2.43,-0.06,0.23,0.25,0.46,0.08,0.02,-0.02,0.06,61971,,,6.3,26511,2208031,0.2,
13255,"Spalding, GA",2007,-0.21,0.05,-0.03,0.09,,,-0.03,-0.09,-0.21,-0.13,0.03,,0.12,0.01,-0.55,0.32,0.13,-0.59,0.01,-0.04,0.28,62682,,,5.7,27206,2191245,-0.8,
13255,"Spalding, GA",2008,-0.16,-0.01,0.07,-0.27,,,-0.1,0.14,-0.84,0.68,-0.07,,-0.84,-0.2,1.17,,2.43,-0.37,,-0.01,0.53,63651,,,8.7,27337,2198385,0.3,
13255,"Spalding, GA",2009,-0.2,0.04,0.06,-0.57,0.0,-0.84,0.91,0.81,-0.09,-0.37,-0.04,0.0,-0.27,-0.01,-2.0,-0.83,-0.17,-0.55,-0.07,0.0,-0.47,64135,,,14.2,27071,2152376,-2.1,
13255,"Spalding, GA",2010,0.06,0.04,-0.01,0.5,-0.01,0.22,0.76,-0.36,0.4,-0.16,0.05,-0.07,-0.42,-0.02,1.28,0.4,0.86,0.01,-0.06,0.0,-0.02,64096,31041.0,33055.0,14.7,27897,2188498,1.7,13.6
13255,"Spalding, GA",2011,0.01,-0.04,0.02,0.31,0.0,0.01,-0.25,0.28,-0.38,0.29,-0.09,0.04,0.52,-0.13,-0.21,0.36,-1.11,-0.02,0.08,0.0,-0.18,64045,31026.0,33019.0,13.7,29526,2175387,-0.6,14.0
13255,"Spalding, GA",2012,-0.05,-0.05,-0.04,-0.02,0.01,0.73,1.93,0.28,-0.43,0.33,-0.18,0.02,-0.55,-0.09,-2.91,0.17,-4.71,-0.21,0.17,0.0,-0.66,63693,30887.0,32806.0,12.3,29290,2102744,-3.3,15.6
13255,"Spalding, GA",2013,-0.02,0.02,-0.09999999999999999,-0.24,0.0,-1.32,-1.11,-0.18,-0.3,0.21,0.08,0.0,0.02,-0.01,-4.45,-0.58,0.12,0.03,0.22,0.0,-1.5500000000000005,63521,30729.0,32792.0,11.4,29486,2002964,-4.7,14.8
13255,"Spalding, GA",2014,,,0.0,0.03,0.0,0.32,-2.11,0.07,0.0,-0.29,-0.06,0.0,-0.24,0.08,-2.88,0.03,-1.03,0.17,-0.05,0.0,0.18,63703,30695.0,33008.0,9.5,30426,1945208,-2.9,15.2
13255,"Spalding, GA",2015,,,0.0,0.8,0.04,1.28,0.78,-0.32,0.13,0.56,0.15,0.02,0.09,-0.17,4.15,0.9,-0.23,0.4,0.16,0.0,0.4,63826,30704.0,33122.0,8.2,31627,2028295,4.3,15.9
13255,"Spalding, GA",2016,0.13,0.05,-0.03,0.08,0.0,-0.27,-2.28,-0.36,-0.19,0.22,-0.09,0.01,0.22,0.03,-0.95,0.0,0.94,0.42,-0.03,0.04,0.04,64523,31103.0,33420.0,6.8,32695,2005065,-1.1,15.4
13255,"Spalding, GA",2017,0.59,0.06,-0.05,0.46,0.05,0.06,-0.36,-0.22,0.8,0.04,-0.14,0.05,0.76,0.03,0.87,0.65,-0.8,0.28,-0.06,0.07,-0.09,65348,31430.0,33918.0,5.7,33025,2038521,1.7,16.2
13255,"Spalding, GA",2018,-0.53,-0.06,0.02,0.46,-0.01,-0.06,-0.05,-0.03,-0.04,0.43,-0.01,-0.07,-0.58,0.02,0.63,0.52,0.5,0.28,-0.21,-0.02,0.49,66092,31722.0,34370.0,4.6,34078,2050588,0.6,16.4
13255,"Spalding, GA",2019,-0.04,-0.14,0.03,-0.45,0.01,0.2,-0.18,0.21,0.26,0.14,0.03,0.01,-0.99,-0.07,1.37,0.09,1.53,0.14,0.05,0.03,0.32,66835,32054.0,34781.0,4.1,35716,2083948,1.6,17.8
13255,"Spalding, GA",2020,-0.48,-0.17,-0.02,0.5,0.07,0.11,-0.24,-0.07,-0.93,-0.17,-0.05,0.07,-0.3,-0.19,-3.23,0.1,-2.51,0.31,0.26,-0.03,0.17,67465,32354.0,35111.0,7.4,38499,1997238,-4.2,18.1
13255,"Spalding, GA",2021,0.56,0.07,0.01,-0.95,-0.01,1.17,0.94,-0.11,1.65,0.09,0.05,-0.01,1.68,0.07,6.99,1.29,0.9,0.51,0.37,-0.01,-0.59,67698,32180.0,35518.0,4.5,43034,2169807,8.6,18.6
13255,"Spalding, GA",2022,0.5,0.11,0.01,0.26,0.04,-0.63,1.61,-0.24,0.44,1.5300000000000002,0.01,0.04,-0.35,0.02,4.44,1.28,0.8,-0.43,-0.1,0.01,-0.02,69015,32866.0,36149.0,3.4,42870,2275602,4.9,18.3
13255,"Spalding, GA",2023,-0.04,-0.09,0.0,,-0.04,-0.04,0.43,-0.2,-0.2,0.85,0.04,-0.04,-0.11,-0.17,0.43,-0.75,0.13,0.9,-0.06,0.02,-0.46,69992,33147.0,36845.0,3.6,44742,2280849,0.2,17.9
13257,"Stephens, GA",2002,,,-0.09,0.26,-0.96,-0.14,-2.87,0.31,0.11,0.15,0.12,-0.92,-0.34,0.06,-4.04,-0.92,-0.24,0.33,0.17,0.07,0.4,25625,,,5.1,22843,832943,-3.9,
13257,"Stephens, GA",2003,0.02,0.13,,,-0.77,0.81,-0.88,-0.17,-0.09,0.63,0.23,-0.8,-1.21,0.01,-0.5,,0.88,0.12,,0.18,0.21,25432,,,5.9,22841,828089,-0.6,
13257,"Stephens, GA",2004,0.07,0.05,-0.03,-0.09,0.23,-2.01,0.33,-0.76,-0.16,0.39,0.43,0.21,0.02,-0.01,0.37,0.04,0.76,0.36,0.07,-0.02,0.48,25314,,,6.2,23558,829806,0.2,
13257,"Stephens, GA",2005,0.08,-0.08,-0.03,0.2,-0.17,0.83,-0.07,0.1,0.24,0.51,0.44,-0.2,0.33,0.22,3.33,0.24,0.99,-0.07,0.0,0.05,0.0,25332,,,5.8,24031,859458,3.6,
13257,"Stephens, GA",2006,0.07,0.14,0.07,-0.07,-1.74,-1.86,0.06,0.06,-0.22,0.41,0.29,-1.76,-0.39,0.0,-2.65,0.86,-0.6,-0.07,-0.12,-0.2,0.41,25488,,,4.9,25026,834863,-2.9,
13257,"Stephens, GA",2007,-0.24,0.18,0.02,0.14,-0.04,0.08,1.05,0.06,0.29,0.06,0.26,-0.06,0.17,-0.15,3.02,-0.81,2.81,-0.81,0.07,-0.05,0.39,25620,,,4.9,26260,862485,3.3,
13257,"Stephens, GA",2008,-0.12,0.02,0.05,0.0,,,0.01,0.12,-0.6,0.92,0.02,,-0.53,-0.08,0.48,0.68,0.38,-0.19,-0.17,0.01,0.16,26004,,,6.3,27214,861512,-0.1,
13257,"Stephens, GA",2009,-0.09,-0.08,0.11,-0.31,,,-2.2,1.18,0.68,-0.78,-0.22,,-1.75,-0.3,-4.28,-0.63,1.39,-0.35,-0.08,0.22,-0.7,26069,,,10.6,27381,830464,-3.6,
13257,"Stephens, GA",2010,-0.04,0.04,-0.09999999999999999,0.38,,,1.37,-0.81,0.23,-1.13,-0.05,,-1.05,0.18,4.46,0.79,2.93,-0.57,-0.01,-0.05,0.44,26124,12498.0,13626.0,12.2,28208,869424,4.7,13.3
13257,"Stephens, GA",2011,-0.03,-0.09,-0.09999999999999999,0.96,0.0,-2.4,0.52,0.41,-0.24,0.18,-0.32,-0.09,-0.76,-0.05,-4.42,1.32,-2.33,-0.2,-0.01,-0.04,-0.39,25763,12315.0,13448.0,11.8,29378,828929,-4.7,14.2
13257,"Stephens, GA",2012,0.08,0.18000000000000002,-0.09,0.01,2.19,-0.9,-0.2,0.03,-0.46,0.15,-0.39,2.14,-0.24,-0.01,-3.67,0.0,-3.76,-0.08,-0.09,-0.07,-0.46,25721,12261.0,13460.0,10.3,30117,794758,-4.1,14.7
13257,"Stephens, GA",2013,-0.04,0.13,-0.09999999999999999,0.29,0.77,0.48,0.35,-0.72,-0.76,0.58,0.32,0.8,0.96,-0.03,1.3,0.23,-1.93,0.4,0.19,0.26,-0.61,25571,12202.0,13369.0,9.1,31375,799033,0.5,14.2
13257,"Stephens, GA",2014,0.08,0.04,0.0,-0.01,3.29,0.14,1.47,0.08,-0.79,0.76,0.52,3.45,1.57,-0.01,9.93,0.59,1.17,0.36,0.27,-0.23,-0.3,25429,12189.0,13240.0,7.7,33904,872076,9.1,15.7
13257,"Stephens, GA",2015,-0.04,-0.17,-0.01,0.66,0.78,0.34,0.65,-0.44,-0.55,1.16,0.67,0.81,1.39,0.1,4.24,0.97,-1.37,0.16,0.17,-0.01,-0.21,25475,12184.0,13291.0,6.6,35711,904268,3.7,16.2
13257,"Stephens, GA",2016,0.02,-0.12,-0.02,-0.98,-0.81,-0.16,1.1,-0.29,-0.27,0.1,0.37,-0.85,0.53,-0.28,-3.09,-1.66,0.09,0.45,-0.03,0.0,-0.51,25680,12282.0,13398.0,5.6,34660,873875,-3.4,17.6
13257,"Stephens, GA",2017,-0.05,0.01,-0.01,-0.22,0.85,0.5,0.99,-0.23,-0.14,-0.89,0.26,0.84,-0.39,-0.07,0.36,-0.23,-0.03,0.1,0.09,-0.11,-0.42,25785,12388.0,13397.0,5.0,35839,875761,0.2,19.6
13257,"Stephens, GA",2018,0.03,-0.02,0.1,0.18,0.59,-0.49,0.37,-0.4,-0.39,-1.2700000000000002,-0.55,0.57,0.78,0.48,1.85,1.12,1.12,0.3,-0.03,0.17,0.03,26083,12515.0,13568.0,4.4,35901,888605,1.5,22.1
13257,"Stephens, GA",2019,-0.13,-0.04,,-0.01,,,3.29,-0.09,0.31,-0.04,-0.09,,0.7,0.07,2.11,0.01,-0.35,0.13,,-0.04,0.1,26017,12544.0,13473.0,3.8,36180,910106,2.4,21.0
13257,"Stephens, GA",2020,-0.33,-0.12,-0.07,-0.23,-2.13,-0.36,0.04,-0.1,-0.66,-0.25,0.27,-2.05,-0.71,-0.2,1.53,0.18,5.15,0.05,-0.06,0.1,0.0,26816,13018.0,13798.0,6.1,39374,917959,0.9,18.0
13257,"Stephens, GA",2021,0.3,0.16,,0.31,1.75,0.13,2.12,-0.09,-0.72,-0.22,0.67,1.78,0.76,-0.24,5.17,1.11,-2.41,-0.01,0.03,,0.1,26769,12994.0,13775.0,4.2,43644,958769,4.4,16.3
13257,"Stephens, GA",2022,0.26,0.03,,-0.15,3.36,0.17,1.0,-0.23,0.01,0.14,-0.01,3.33,0.13,-0.15,6.51,0.92,1.45,-0.29,-0.15,,-0.05,26724,13000.0,13724.0,3.5,45412,1021294,6.5,16.0
13257,"Stephens, GA",2023,0.08,0.04,0.05,0.4,-3.17,-0.18,-0.33,0.1,0.45,0.24,0.08,-3.21,-1.27,-0.1,-6.26,0.54,,0.84,,-0.02,-0.04,27255,13217.0,14038.0,3.5,46093,962013,-5.8,14.9
13259,"Stewart, GA",2002,-0.19,0.11,0.0,,,,,0.57,0.37,0.23,,,0.01,,-3.56,0.06,-0.36,-0.11,0.25,0.04,0.21,5424,,,6.2,20757,94930,-3.2,
13259,"Stewart, GA",2003,,,0.04,0.2,-3.1,,,-0.11,-0.59,0.73,-0.5900000000000001,-3.1,0.11,-0.05,2.39,-0.03,-0.54,-0.56,1.02,0.02,0.63,5472,,,7.2,20304,96636,1.8,
13259,"Stewart, GA",2004,-0.12,0.18000000000000002,0.01,0.22,-2.71,,,0.01,-1.14,0.96,,-2.71,-0.14,,15.26,0.05,-0.22,-0.38,0.24,0.02,-0.11,5534,,,10.6,19862,110279,14.1,
13259,"Stewart, GA",2005,0.18,-0.03,-0.02,-0.14,,-3.25,,0.39,0.96,-0.56,-0.09,,-0.04,-0.26,-20.01,-0.2,0.26,0.05,,-0.04,,5595,,,9.2,19637,79040,-28.3,
13259,"Stewart, GA",2006,-0.12,-0.17,-0.05,1.12,-0.56,,,-0.97,-1.57,-1.2700000000000002,-0.09,-0.56,-0.2,-0.68,1.08,1.98,-0.69,0.72,-0.23,0.03,0.42,5627,,,6.5,19333,78657,-0.5,
13259,"Stewart, GA",2007,0.32,-0.02,-0.05,1.12,-2.2,2.55,-1.01,,2.32,0.34,-0.04,-2.2,-0.06,-0.1,18.15,1.98,,-0.43,0.15,-0.16,0.0,5691,,,6.3,19873,95373,21.3,
13259,"Stewart, GA",2008,-0.34,-0.01,0.0,1.12,,,,0.41,2.32,1.3,-0.01,,0.05,0.62,2.35,1.98,-1.35,-0.8,-0.12,0.02,0.05,5814,,,8.0,20094,100987,5.9,
13259,"Stewart, GA",2009,-0.22,-0.09,0.01,-0.98,,,,0.72,2.14,1.5300000000000002,0.0,,0.15,0.07,2.58,-1.66,0.05,-0.37,1.21,-0.06,-0.45,5968,,,10.6,18291,105751,4.7,
13259,"Stewart, GA",2010,-0.1,0.18000000000000002,0.05,-0.61,-1.18,,,-0.56,0.74,0.88,,-1.18,-0.01,-0.27,0.13,-0.51,2.57,-0.84,0.6,-0.02,,6099,3729.0,2370.0,10.1,19572,106672,0.9,11.0
13259,"Stewart, GA",2011,-0.09,0.0,-0.01,,,,-0.17,,-0.39,0.28,0.01,,,-0.68,-3.38,0.04,,-0.57,-0.33,0.0,0.02,6065,3750.0,2315.0,9.5,21262,102640,-3.8,12.0
13259,"Stewart, GA",2012,-0.32,0.06,-0.01,1.12,,,-0.06,-0.18,-1.33,0.52,0.0,,0.07,-0.68,1.18,1.98,0.7,-0.64,-0.67,0.0,0.18,6106,3800.0,2306.0,9.0,21083,102484,-0.2,8.3
13259,"Stewart, GA",2013,-0.14,-0.17,-0.04,0.58,,,0.05,-0.37,-0.29,0.77,-0.03,,0.23,0.17,4.71,0.49,2.1,0.01,-0.19,0.0,0.04,5555,3290.0,2265.0,8.6,24102,107012,4.4,10.0
13259,"Stewart, GA",2014,-0.09,0.06,0.01,0.49,,-0.04,-0.03,0.22,1.45,0.66,-0.02,,,0.2,-5.91,0.47,-4.03,-0.1,-0.03,0.0,-0.13,5882,3660.0,2222.0,7.5,23161,102242,-4.5,9.7
13259,"Stewart, GA",2015,0.18,,0.01,-0.98,3.62,,-0.03,-0.27,-0.07,1.5300000000000002,,3.62,,0.11,3.49,-1.66,0.1,0.0,-0.49,0.0,0.1,5969,3787.0,2182.0,7.0,23393,105739,3.4,10.8
13259,"Stewart, GA",2016,-0.01,-0.14,-0.02,-0.98,1.82,,-0.03,-2.22,0.43,1.5300000000000002,,1.82,,0.01,-0.33,-1.61,0.08,0.03,-0.06,0.04,,6129,3991.0,2138.0,8.3,24064,105843,0.1,10.4
13259,"Stewart, GA",2017,0.12,-0.03,0.0,1.12,0.18,,0.0,-0.12,2.11,1.5300000000000002,,0.18,,0.13,6.01,1.98,-0.63,0.68,,-0.15,,6329,4178.0,2151.0,7.6,24812,114440,8.1,12.4
13259,"Stewart, GA",2018,0.04,-0.17,0.0,1.12,-0.72,,,0.11,-0.33,,,-0.72,0.18,0.04,8.32,1.98,1.96,0.52,0.73,-0.07,,6434,4363.0,2071.0,6.3,26293,123588,8.0,11.2
13259,"Stewart, GA",2019,-0.06,,0.0,1.12,1.46,,,-0.04,0.23,1.5300000000000002,0.0,1.46,-0.02,0.07,6.78,,,-0.15,,,0.01,6649,4569.0,2080.0,5.7,27794,132261,7.0,12.2
13259,"Stewart, GA",2020,-0.1,0.01,0.01,-0.98,-0.67,,,0.01,-0.38,1.5300000000000002,,-0.67,-0.21,-0.3,1.84,-1.62,,-0.42,,,-0.01,5294,3588.0,1706.0,8.6,30903,134187,1.5,13.6
13259,"Stewart, GA",2021,0.23,0.01,0.0,,-1.95,,,0.05,-0.15,1.21,0.05,-1.95,0.09,-0.26,-1.63,,-2.96,0.19,,0.25,-0.08,4913,3211.0,1702.0,6.1,34013,131791,-1.8,15.4
13259,"Stewart, GA",2022,0.02,0.03,0.01,1.12,-0.42,,0.01,0.04,-0.17,1.5300000000000002,0.08,-0.42,,0.42,17.25,1.46,,-0.01,,0.26,-0.03,4634,2945.0,1689.0,5.4,36565,154310,17.1,15.8
13259,"Stewart, GA",2023,,,0.0,1.12,1.73,,0.0,0.04,-0.93,,0.04,1.73,,-0.1,7.7,1.25,-0.49,0.28,,-0.14,-0.01,4697,2990.0,1707.0,4.9,36853,164767,6.8,12.3
13261,"Sumter, GA",2002,-0.25,-0.14,,-0.21,,0.11,-2.47,0.08,0.27,,0.33,,-0.32,0.06,-3.31,0.31,0.14,-0.08,,,-0.04,33362,,,6.1,22117,1096037,-3.0,
13261,"Sumter, GA",2003,0.09,0.12,-0.07,,,1.63,-2.74,-0.49,0.16,1.39,0.13,,-0.12,-0.11,0.91,,0.6,0.43,,,,33178,,,5.5,23010,1107724,1.1,
13261,"Sumter, GA",2004,-0.03,,-0.01,,-0.39,-0.63,0.07,-0.28,-0.97,-0.26,0.1,-0.21,-0.22,0.17,-0.3,,0.64,-0.07,0.3,0.08,0.23,32902,,,5.8,24268,1093659,-1.3,
13261,"Sumter, GA",2005,-0.02,0.03,-0.09999999999999999,0.1,2.01,-0.13,-2.15,0.61,-0.58,-0.1,0.26,1.45,0.0,-0.1,0.46,-0.01,0.47,0.05,0.14,-0.02,0.08,32622,,,6.8,25056,1092268,-0.1,
13261,"Sumter, GA",2006,-0.04,-0.17,0.01,0.16,1.21,0.78,0.47,0.0,-0.21,-0.15,0.08,0.49,0.0,0.0,-0.23,-0.54,-1.47,0.21,0.02,0.0,0.19,32785,,,6.1,25598,1087519,-0.4,
13261,"Sumter, GA",2007,-0.09,,-0.07,0.18,-1.24,0.3,-2.73,0.24,-0.09,-0.41,-0.18,0.21,0.89,-0.17,-2.13,,0.15,-0.68,,0.03,0.11,32987,,,7.1,26081,1063376,-2.2,
13261,"Sumter, GA",2008,0.08,-0.17,-0.02,0.12,-1.76,-1.22,-2.27,0.14,-0.93,0.22,-0.09,-1.76,-0.03,-0.14,-5.58,0.06,-0.54,0.1,,0.02,,33012,,,7.8,26891,994221,-6.5,
13261,"Sumter, GA",2009,-0.03,0.16,0.09,-0.35,1.23,-1.26,0.67,0.45,-0.08,-0.53,-0.27,0.46,-0.18,-0.14,-1.34,-0.16,0.73,-0.63,,-0.23,,32724,,,13.0,27054,980096,-1.4,
13261,"Sumter, GA",2010,0.02,0.18000000000000002,0.04,-0.06,-3.72,2.39,3.17,-0.57,-0.18,-1.27,-0.1,-2.84,0.0,-0.04,2.28,-0.22,0.56,0.21,0.1,0.05,0.48,32608,15553.0,17055.0,13.1,27470,1000667,2.1,18.9
13261,"Sumter, GA",2011,0.07,-0.16,0.02,-0.1,3.52,-1.41,0.71,0.38,-0.25,0.26,-0.12,2.95,0.03,0.05,4.65,0.02,1.62,0.0,0.06,0.07,0.09,31993,15104.0,16889.0,12.3,29807,1044699,4.4,18.2
13261,"Sumter, GA",2012,0.14,-0.11,0.05,0.1,-1.71,-1.18,3.29,0.36,-0.37,-0.01,0.37,-1.05,-0.35,0.06,3.38,0.21,-0.82,0.06,-0.17,-0.02,0.28,31509,14890.0,16619.0,11.7,29949,1076188,3.0,19.8
13261,"Sumter, GA",2013,-0.08,-0.17,-0.04,0.12,-0.58,-0.87,1.36,0.09,-0.65,0.25,0.67,-0.66,-0.2,-0.03,2.69,,1.89,0.45,,0.05,,31265,14838.0,16427.0,11.2,29976,1098192,2.0,18.5
13261,"Sumter, GA",2014,0.13,-0.01,,,-2.26,-0.22,-1.37,0.21,-0.47,,0.4,-2.21,-0.44,0.08,-5.23,0.32,-2.37,-0.13,0.04,-0.05,0.44,31089,14787.0,16302.0,9.5,31077,1035496,-5.7,19.4
13261,"Sumter, GA",2015,0.14,-0.02,,-0.42,1.71,0.03,0.74,-0.18,-0.34,,0.08,1.3,-0.06,-0.15,1.78,,0.06,-0.12,,0.08,-0.44,30625,14506.0,16119.0,8.4,32064,1050410,1.4,19.0
13261,"Sumter, GA",2016,-0.04,-0.03,,,0.65,0.23,-1.85,-0.7,-0.71,,-0.57,1.12,-0.16,-0.19,-1.51,,0.02,0.15,,0.26,-0.64,30334,14352.0,15982.0,7.2,32710,1027127,-2.2,19.9
13261,"Sumter, GA",2017,0.15,-0.05,0.01,0.14,1.03,-0.43,1.57,-0.12,-0.06,-1.2700000000000002,-0.5900000000000001,0.67,0.01,-0.05,0.92,,0.06,0.25,,-0.2,,29838,14084.0,15754.0,6.4,34494,1035958,0.9,16.8
13261,"Sumter, GA",2018,0.01,0.01,0.03,0.1,-0.95,0.02,-0.93,-0.1,0.04,0.4,0.0,-1.25,0.05,-0.04,-0.67,-0.15,1.98,0.3,,0.0,,29713,13993.0,15720.0,5.6,34714,1029448,-0.6,18.6
13261,"Sumter, GA",2019,-0.1,0.02,-0.02,0.1,1.19,0.8,-0.91,1.23,0.11,0.15,0.08,1.44,-0.04,0.0,1.15,,-2.25,0.24,-0.03,,,29401,13817.0,15584.0,4.6,36715,1042470,1.3,18.3
13261,"Sumter, GA",2020,-0.36,-0.02,-0.04,-0.28,0.19,0.27,0.59,-1.32,-1.41,-0.89,-0.07,0.7,0.05,-0.25,0.02,-0.13,0.92,-0.38,0.22,0.26,0.3,29522,13842.0,15680.0,7.0,40142,1027949,-1.4,20.0
13261,"Sumter, GA",2021,0.45,0.03,0.1,0.26,-0.79,-0.47,0.2,-0.08,-0.87,0.27,0.13,-0.71,0.17,0.0,-1.82,0.38,-2.42,-0.04,0.27,-0.13,0.03,28989,13565.0,15424.0,5.3,43601,1000285,-2.7,19.4
13261,"Sumter, GA",2022,0.0,-0.01,,0.11,0.46,-0.51,-0.52,2.19,0.68,0.07,0.02,-0.03,0.03,0.01,4.05,0.44,,-0.4,0.01,,0.12,28880,13601.0,15279.0,4.0,43918,1047606,4.7,22.2
13261,"Sumter, GA",2023,0.07,0.0,0.03,-0.07,-0.5,-0.06,-1.76,-2.22,-0.1,0.92,0.06,-3.98,0.12,-0.07,-7.12,0.42,0.08,0.72,-0.23,0.02,-0.05,28942,13650.0,15292.0,4.4,45394,971974,-7.2,21.3
13263,"Talbot, GA",2002,0.01,0.12,0.02,0.01,-0.7,3.26,0.11,-0.01,1.83,-0.03,0.13,0.82,0.28,-0.05,16.87,0.19,1.64,-0.06,1.35,0.26,0.11,6749,,,5.7,21106,137698,18.7,
13263,"Talbot, GA",2003,,-0.17,-0.01,0.03,0.43,-0.02,-0.39,-0.92,0.3,0.07,-0.18,2.43,-0.43,,-4.39,,0.08,0.3,,-0.23,,6696,,,5.8,22198,132063,-4.1,
13263,"Talbot, GA",2004,,0.14,-0.05,0.03,-0.11,0.24,0.12,,-0.76,-0.16,-0.36,-2.39,0.12,-0.37,-3.05,,,-0.11,-0.3,0.26,-0.95,6775,,,6.2,22417,127035,-3.8,
13263,"Talbot, GA",2005,,,-0.09999999999999999,-0.05,1.15,-3.25,-0.08,0.43,-0.6,-0.32,-0.13,-4.869999999999999,0.03,,-12.7,0.09,1.66,-0.02,,-0.23,-0.29,6906,,,7.0,22630,110147,-13.3,
13263,"Talbot, GA",2006,-0.06,,0.0,0.14,0.95,-2.25,-0.04,-0.68,-0.66,-0.47,0.0,0.66,-0.22,,3.95,0.09,0.73,0.25,,0.26,0.03,6959,,,6.2,23111,113774,3.3,
13263,"Talbot, GA",2007,-0.11,0.09,0.03,0.15,-1.24,1.97,-0.07,0.22,0.54,,-0.12,0.28,-0.16,,3.71,-0.01,2.42,-0.54,-0.56,0.26,-0.01,7026,,,6.5,23849,118606,4.2,
13263,"Talbot, GA",2008,0.03,-0.05,-0.03,,-1.14,0.46,-0.01,0.02,-1.66,-0.05,0.01,-1.91,-0.13,0.11,-2.12,0.15,4.09,-0.48,,-0.23,,6899,,,6.7,24957,114114,-3.8,
13263,"Talbot, GA",2009,-0.04,0.01,0.0,-0.05,0.11,-1.5,-0.01,0.71,0.09,-0.03,0.0,-1.43,0.04,-0.34,-2.53,-0.17,0.35,-0.15,,0.26,,6873,,,9.4,25235,111330,-2.4,
13263,"Talbot, GA",2010,-0.02,0.1,0.02,,-1.0,3.26,0.0,-0.26,-0.69,0.0,0.01,-2.0,0.03,-0.33,18.35,-0.12,2.7,-0.51,-1.02,0.26,0.03,6883,3266.0,3617.0,10.0,25751,130987,17.7,10.9
13263,"Talbot, GA",2011,0.04,0.01,0.01,-0.02,0.67,-3.25,0.01,0.37,-0.67,0.0,0.01,-1.34,0.04,0.23,-1.23,0.08,-0.12,-0.3,0.94,0.26,-0.05,6854,3266.0,3588.0,10.4,27015,128501,-1.9,11.2
13263,"Talbot, GA",2012,0.05,0.16,0.01,0.0,-0.42,-0.15,0.02,-0.37,-0.65,0.0,0.0,-2.89,0.18,-0.11,-5.02,-0.01,-4.765000000000001,-0.03,1.35,0.26,0.03,6643,3138.0,3505.0,9.9,28029,121209,-5.7,12.1
13263,"Talbot, GA",2013,-0.07,-0.09,-0.02,-0.16,-0.34,1.0,0.01,0.53,-0.95,-0.02,-0.01,-0.5,-0.02,-0.23,-9.33,-0.38,3.73,-0.16,0.3,-0.23,0.02,6556,3126.0,3430.0,9.2,29579,108751,-10.3,12.3
13263,"Talbot, GA",2014,-0.01,-0.02,-0.01,0.01,0.98,0.55,-0.01,0.67,-0.39,0.04,0.0,1.59,-0.01,-0.02,1.85,-0.11,-4.765000000000001,-0.01,,0.26,,6535,3110.0,3425.0,7.9,30520,110344,1.5,13.2
13263,"Talbot, GA",2015,0.01,,,0.0,0.46,0.24,-0.01,-0.92,-0.26,,0.0,1.63,-0.2,-0.14,9.12,-0.08,-0.17,-0.05,,0.26,0.07,6499,3060.0,3439.0,7.8,31484,120122,8.9,13.7
13263,"Talbot, GA",2016,-0.07,-0.02,,0.16,1.08,1.31,0.01,0.09,0.05,0.21,0.0,1.21,-0.07,0.09,20.38,0.14,-0.03,0.06,,0.26,,6361,3005.0,3356.0,7.1,33898,144661,20.4,12.6
13263,"Talbot, GA",2017,0.0,0.01,0.02,-0.01,-0.56,-0.53,0.04,0.33,-0.36,0.1,0.01,2.7,0.02,0.03,-12.66,0.04,-0.35,0.02,,-0.23,,6254,2981.0,3273.0,6.5,35754,125834,-13.0,12.5
13263,"Talbot, GA",2018,0.25,0.0,,-0.07,-0.55,0.8,-0.04,,0.26,0.08,-0.02,-0.21,0.03,0.01,12.16,,,0.0,1.35,0.26,,6281,3016.0,3265.0,5.5,35686,141469,12.4,12.0
13263,"Talbot, GA",2019,-0.02,0.02,,-0.03,-0.34,-0.94,0.0,-0.32,0.29,0.02,0.0,2.14,0.07,-0.2,-5.13,,-4.09,0.02,,0.26,,6188,2948.0,3240.0,5.1,37894,134624,-4.8,12.1
13263,"Talbot, GA",2020,-0.05,0.03,,0.17,0.78,-1.24,0.01,,-0.78,-0.16,0.0,4.79,0.14,,16.1,0.18,,-0.02,1.35,0.26,0.05,5725,2753.0,2972.0,7.8,43382,155238,15.3,12.6
13263,"Talbot, GA",2021,0.27,0.0,,0.1,-0.49,0.62,-0.02,0.36,0.04,0.2,0.02,-0.99,-0.17,,-14.62,0.16,-3.11,0.03,-1.2399999999999998,-0.23,,5757,2772.0,2985.0,5.2,47665,132602,-14.6,14.1
13263,"Talbot, GA",2022,-0.15,-0.04,-0.01,0.05,-1.65,-0.05,,,0.45,0.16,0.04,,-0.02,0.09,12.23,0.05,,-0.02,-0.93,0.26,0.02,5759,2780.0,2979.0,4.4,45894,149413,12.7,15.4
13263,"Talbot, GA",2023,0.01,0.0,,-0.13,0.9,0.27,,0.47,0.08,,0.02,,0.01,-0.16,-2.63,-0.05,-0.23,0.11,0.44,-0.23,-0.02,5715,2769.0,2946.0,3.8,49053,145609,-2.5,15.0
13265,"Taliaferro, GA",2002,-0.11,0.08,0.0,,,,0.11,0.8,2.32,-0.46,0.04,,-0.18,0.62,-3.34,,3.12,0.1,0.17,0.04,0.03,2040,,,11.4,17273,22564,-0.5,
13265,"Taliaferro, GA",2003,0.6,-0.11,-0.01,1.12,,,0.3,-1.08,0.24,0.08,0.03,,-0.4,-0.68,5.05,1.98,1.04,,,-0.01,,1923,,,7.6,18488,23756,5.3,
13265,"Taliaferro, GA",2004,-0.02,0.13,0.04,1.12,,0.01,-0.22,-0.93,-2.3699999999999997,0.12,0.03,,,,3.26,1.26,-0.63,-0.82,,-0.04,-0.09,1903,,,6.3,18708,23882,0.5,
13265,"Taliaferro, GA",2005,-0.13,-0.15,-0.02,1.12,,,0.44,0.23,1.41,0.14,-0.13,,0.32,,5.47,1.2,3.29,,-0.16,-0.03,0.01,1858,,,7.4,18899,25525,6.9,
13265,"Taliaferro, GA",2006,-0.54,-0.03,-0.04,-0.12,1.61,,,-0.14,-0.5,-0.06,-0.13,1.61,-0.39,-0.28,-7.03,-0.17,-4.765000000000001,-0.87,-0.19,0.0,-0.23,1863,,,7.0,17779,23603,-7.5,
13265,"Taliaferro, GA",2007,-0.35,-0.17,0.0,-0.98,4.04,0.32,0.19,-0.65,-0.85,0.07,0.0,4.04,0.02,-0.2,15.26,-1.66,5.42,-0.55,0.11,0.0,-0.38,1851,,,8.0,20043,27004,14.4,
13265,"Taliaferro, GA",2008,-0.02,0.0,-0.01,-0.98,0.03,,,0.24,-1.45,-0.13,0.0,0.03,-0.7,,-6.08,-1.11,-4.765000000000001,,-0.36,0.0,-0.21,1820,,,8.4,22087,24971,-7.5,
13265,"Taliaferro, GA",2009,0.12,0.04,0.06,,,-0.68,,1.81,-0.38,0.1,0.03,,-0.22,,9.87,-1.25,5.42,0.26,,0.0,-0.04,1774,,,14.5,23339,27342,9.5,
13265,"Taliaferro, GA",2010,-0.01,0.16,0.01,,-1.19,,0.38,-0.37,-0.72,,0.01,-1.19,,,-2.4,,-0.56,0.26,0.15,0.0,0.08,1703,833.0,870.0,17.7,23659,26490,-3.1,6.8
13265,"Taliaferro, GA",2011,0.01,0.04,0.01,-0.15,-3.88,,,1.17,-0.94,0.06,0.01,-3.88,-0.04,,-2.81,,0.18,-0.16,-0.3,0.0,0.06,1705,825.0,880.0,15.4,25456,25499,-3.7,8.5
13265,"Taliaferro, GA",2012,0.02,0.18,0.0,0.26,3.6,,,-0.85,-0.37,0.07,-0.01,3.6,0.12,,-13.03,0.22,-4.765000000000001,,-0.01,0.0,0.06,1673,807.0,866.0,14.1,26995,22082,-13.4,10.5
13265,"Taliaferro, GA",2013,0.26,-0.11,-0.02,-0.66,4.29,,,-0.78,-1.16,,-0.03,4.79,-0.02,,10.28,-0.67,3.85,-0.09,1.35,0.0,0.17,1687,827.0,860.0,11.9,28491,24097,9.1,9.3
13265,"Taliaferro, GA",2014,0.17,0.0,0.0,,4.29,,,0.88,1.98,0.02,0.0,4.79,0.14,,20.53,,-4.1,0.02,1.04,0.0,0.04,1691,828.0,863.0,11.0,30958,29521,22.5,8.3
13265,"Taliaferro, GA",2015,0.17,-0.17,0.03,-0.13,2.49,,,-0.14,1.89,0.06,0.02,2.49,-0.13,,3.09,-0.14,1.37,0.04,,0.0,0.03,1641,813.0,828.0,8.0,32405,30993,5.0,9.9
13265,"Taliaferro, GA",2016,-0.12,-0.04,-0.02,0.0,1.06,,,-0.43,-1.52,0.33,-0.02,1.06,-0.18,,-0.43,-0.01,-0.01,0.24,,0.0,-0.11,1616,806.0,810.0,6.1,30599,30390,-1.9,8.8
13265,"Taliaferro, GA",2017,-0.52,-0.02,-0.04,-0.37,,,2.49,-0.41,0.85,0.04,0.03,,-0.14,0.07,-9.91,-0.44,-2.02,0.15,-1.2399999999999998,0.0,-0.12,1612,804.0,808.0,5.8,32643,27635,-9.1,6.8
13265,"Taliaferro, GA",2018,-0.11,0.0,-0.05,0.18,-2.68,1.32,2.13,-0.52,2.32,-0.08,-0.03,-2.68,-0.06,,-1.14,0.18,,-0.22,-0.03,0.0,-0.08,1610,801.0,809.0,4.4,32706,28289,2.4,7.0
13265,"Taliaferro, GA",2019,,0.0,0.04,0.03,,,-2.87,,-0.88,-0.1,0.06,,0.39,,7.74,0.3,,,1.08,0.0,,1549,761.0,788.0,4.1,37801,30228,6.9,8.1
13265,"Taliaferro, GA",2020,0.04,0.0,0.05,-0.02,-4.32,-3.25,1.3,,-1.16,0.09,0.0,-4.869999999999999,0.27,,-13.0,0.07,,,0.21,0.0,0.41,1558,780.0,778.0,5.7,38187,25946,-14.2,5.7
13265,"Taliaferro, GA",2021,0.21,0.05,0.06,,4.29,,,-0.31,1.18,-0.15,0.09,4.79,-0.21,,14.87,,-4.765000000000001,1.15,1.35,0.0,0.5,1567,795.0,772.0,4.0,41489,30111,16.0,8.6
13265,"Taliaferro, GA",2022,-0.06,0.0,-0.04,1.02,4.29,-3.25,0.5,-0.18,0.28,-0.19,0.23,4.79,-0.25,0.28,12.54,0.92,-4.66,-0.63,-0.86,0.0,-0.23,1600,799.0,801.0,3.3,43516,33970,12.8,11.5
13265,"Taliaferro, GA",2023,-0.02,0.0,0.0,-0.28,-4.32,0.05,1.03,0.48,0.58,0.03,0.11,-4.869999999999999,0.02,-0.18,-15.13,-0.28,-1.26,,,0.0,0.0,1601,809.0,792.0,3.1,41595,29027,-14.6,9.9
13267,"Tattnall, GA",2002,-0.07,0.01,,-0.28,,1.21,,-0.01,-0.04,,-0.26,,,0.22,-2.02,0.08,1.09,0.15,-0.05,0.23,-0.04,22276,,,5.4,19392,469284,-2.1,
13267,"Tattnall, GA",2003,0.05,0.02,,,2.92,-0.13,0.02,-1.18,-0.56,,0.08,2.93,-0.02,0.06,2.76,,0.37,0.1,,-0.06,0.31,22485,,,5.0,20755,479646,2.2,
13267,"Tattnall, GA",2004,,0.05,0.01,0.1,4.01,-0.03,-0.1,-0.54,-1.3,,0.4,4.0,0.09,0.56,4.77,-0.53,0.11,-0.37,0.26,0.21,0.18,23034,,,5.4,21586,496300,3.5,
13267,"Tattnall, GA",2005,-0.04,,,0.1,4.24,-1.02,0.41,0.68,-0.29,,0.17,4.26,0.01,-0.15,6.36,0.03,1.01,0.26,,0.11,0.08,23165,,,6.3,22620,526403,6.1,
13267,"Tattnall, GA",2006,0.14,,0.01,,-0.65,-0.42,0.07,0.28,-1.02,-0.11,0.16,-0.63,0.01,-0.07,-0.85,,-0.92,0.19,,0.21,0.2,23417,,,5.3,22564,516553,-1.9,
13267,"Tattnall, GA",2007,-0.25,0.0,0.0,,-0.28,0.45,0.03,0.49,-1.41,0.46,0.07,-0.3,-0.11,0.03,3.18,-0.17,1.84,-0.21,0.48,0.06,0.31,23444,,,4.8,24780,525707,1.8,
13267,"Tattnall, GA",2008,-0.11,-0.01,0.04,,-2.36,-0.15,-0.04,0.6,-1.31,0.1,0.0,-2.35,0.62,-0.03,-1.2,0.08,0.4,-0.13,-0.27,0.1,-0.04,23801,,,6.8,25477,512502,-2.5,
13267,"Tattnall, GA",2009,,,-0.05,0.34,4.29,-0.37,-0.14,1.38,-0.17,0.42,-0.2,4.79,-0.2,0.08,11.78,,1.81,-0.27,-0.08,0.0,-0.36,25068,,,9.0,24358,571974,11.6,
13267,"Tattnall, GA",2010,0.09,0.03,,0.13,-4.32,0.99,0.11,-0.69,0.71,1.36,-0.05,-4.869999999999999,-0.25,-0.26,-0.75,,1.95,-0.04,0.22,0.2,0.56,25470,14786.0,10684.0,8.9,23940,571693,0.0,11.9
13267,"Tattnall, GA",2011,0.0,-0.02,0.0,-0.07,-4.32,-0.25,0.03,0.05,-0.36,0.95,0.07,-4.869999999999999,-0.23,0.14,-8.08,0.03,-0.29,0.35,-0.07,0.13,0.03,25435,14780.0,10655.0,8.6,24260,523469,-8.4,11.3
13267,"Tattnall, GA",2012,0.01,-0.01,0.0,-0.12,4.23,0.48,,0.18,-0.53,0.55,0.13,4.23,,-0.11,2.51,-0.36,-3.05,-0.05,0.12,0.02,0.33,25457,14812.0,10645.0,8.2,25382,533796,2.0,11.3
13267,"Tattnall, GA",2013,0.03,0.02,0.0,0.12,1.41,-0.38,0.9,-0.21,-0.67,0.18,0.13,1.41,0.0,-0.11,0.09,-0.87,-1.61,0.15,0.34,0.09,0.03,25632,14922.0,10710.0,7.9,25782,530727,-0.6,11.6
13267,"Tattnall, GA",2014,0.06,-0.02,,,4.29,-0.35,0.03,0.38,-0.06,0.74,-0.01,4.79,0.04,0.15,6.46,,0.72,-0.5,0.04,-0.07,-0.05,25319,14573.0,10746.0,7.0,27170,564664,6.4,11.2
13267,"Tattnall, GA",2015,-0.02,0.0,0.0,-0.13,4.29,0.04,0.11,-0.46,-0.27,0.33,0.03,4.79,-0.04,-0.05,11.33,0.26,0.63,-0.02,-0.14,0.04,0.14,25394,14620.0,10774.0,6.2,29241,627130,11.1,11.0
13267,"Tattnall, GA",2016,,,0.0,,1.91,-0.24,0.2,-0.49,-0.34,0.52,0.0,1.91,0.0,-0.66,0.61,,-0.4,0.17,-0.48,0.25,-0.55,25352,14584.0,10768.0,5.9,28621,628861,0.3,11.4
13267,"Tattnall, GA",2017,0.04,0.0,0.0,0.55,0.31,0.05,0.46,-0.66,0.65,0.29,-0.04,0.31,-0.07,-0.16,0.31,0.8,-0.99,0.05,0.27,-0.17,0.13,25420,14627.0,10793.0,5.4,30525,634894,1.0,12.3
13267,"Tattnall, GA",2018,0.09,0.0,-0.01,,3.61,0.7,0.07,-0.4,-1.09,0.49,0.01,3.61,0.02,-0.08,5.08,0.01,0.08,0.1,-0.13,0.01,0.51,25508,14772.0,10736.0,4.6,30487,660240,4.0,13.2
13267,"Tattnall, GA",2019,0.17,,0.0,0.17,-4.32,0.29,0.15,0.22,-1.17,0.49,-0.03,-4.869999999999999,0.0,-0.16,-9.37,0.46,-0.88,0.09,,0.04,0.15,25317,14538.0,10779.0,4.3,31247,590685,-10.5,13.2
13267,"Tattnall, GA",2020,0.08,,0.0,-0.64,-4.32,0.36,0.35,-0.3,-2.29,0.06,-0.04,-4.869999999999999,0.05,0.16,-8.22,-0.58,-0.68,0.03,,0.13,-0.2,24325,14058.0,10267.0,4.7,30908,528624,-10.5,14.0
13267,"Tattnall, GA",2021,0.12,,-0.01,0.7,4.29,0.01,-0.23,-0.06,-0.8,0.05,,4.79,-0.08,0.05,10.58,0.63,1.52,-0.46,0.06,-0.23,0.09,24100,13741.0,10359.0,3.6,35093,580334,9.8,14.5
13267,"Tattnall, GA",2022,0.0,0.18000000000000002,0.01,-0.19,4.29,-0.31,-0.17,-0.42,-1.25,-0.96,,4.79,0.1,-0.1,7.54,0.79,0.29,-0.2,,-0.16,-0.18,24012,13666.0,10346.0,3.3,36912,616832,6.3,14.0
13267,"Tattnall, GA",2023,-0.04,0.05,0.0,0.12,-4.32,0.38,0.16,0.24,-0.06,-0.45,,-4.59,0.21,-0.19,-3.72,-0.03,,0.6,0.16,0.14,-0.15,24328,13937.0,10391.0,3.5,35381,593515,-3.8,14.6
13269,"Taylor, GA",2002,0.02,0.17,,-0.98,-2.0,0.26,-0.04,-0.19,-0.01,-0.23,,-1.76,0.15,0.12,-0.31,-0.79,1.09,0.62,0.9,-0.12,-0.52,8837,,,6.0,20621,205283,-0.3,
13269,"Taylor, GA",2003,-0.01,-0.17,,-0.98,1.12,1.53,0.66,0.77,0.36,0.03,,0.85,-0.34,,1.59,-1.66,0.74,1.19,1.0,0.26,-0.15,8879,,,6.0,21292,209292,2.0,
13269,"Taylor, GA",2004,-0.01,-0.1,0.0,-0.72,0.77,-1.8,0.25,-0.27,-0.99,-0.08,-0.5900000000000001,0.87,0.55,,-2.23,-1.26,-0.08,-0.46,0.9,0.26,,8918,,,6.7,20921,202570,-3.2,
13269,"Taylor, GA",2005,-0.07,,-0.03,-0.12,1.23,-0.51,0.38,-0.33,-0.03,,0.67,0.78,0.09,-0.24,0.44,0.13,0.11,-0.11,-0.14,-0.23,,8860,,,7.7,20641,203400,0.4,
13269,"Taylor, GA",2006,0.09,-0.02,-0.01,1.12,-1.1,-0.04,-0.16,0.19,-0.28,-0.65,-0.51,-1.01,-0.26,-0.54,-4.82,1.41,-1.53,-1.53,-0.25,0.04,-0.05,8798,,,6.2,20352,193024,-5.1,
13269,"Taylor, GA",2007,0.06,-0.1,0.01,,0.35,-0.18,-0.01,-0.27,0.07,-0.36,-0.3,0.31,-0.01,0.08,-0.08,1.42,1.04,-1.37,-0.12,-0.23,-0.04,8868,,,5.9,21728,193000,0.0,
13269,"Taylor, GA",2008,-0.09,-0.04,0.03,0.27,-4.03,-0.56,-0.19,0.29,-1.03,0.23,-0.5900000000000001,-4.11,-0.14,0.09,-5.65,0.38,-0.6,-0.21,-0.64,0.26,0.02,8945,,,7.6,22245,180112,-6.7,
13269,"Taylor, GA",2009,-0.04,,0.01,0.38,-1.57,2.53,-1.39,0.89,0.39,0.14,,-2.75,-0.63,0.1,-2.29,0.61,1.24,-0.17,-0.52,-0.23,,8854,,,11.9,22945,176679,-1.9,
13269,"Taylor, GA",2010,-0.11,0.07,0.0,,-3.12,-2.0,-0.41,-0.77,-0.07,0.09,-0.35,-3.54,-0.44,0.14,-5.39,0.37,0.62,0.29,0.19,0.26,-0.02,8853,4242.0,4611.0,14.3,22861,167018,-5.5,7.4
13269,"Taylor, GA",2011,0.01,0.01,-0.02,1.12,-1.39,-0.17,-0.41,0.28,-2.09,-0.58,-0.5900000000000001,-1.78,-0.06,0.16,0.74,1.87,2.36,-0.24,0.06,0.26,0.08,8513,4047.0,4466.0,14.2,25067,164779,-1.3,6.8
13269,"Taylor, GA",2012,0.07,0.03,-0.01,-0.98,-1.53,-0.15,-0.25,1.41,-1.27,1.5300000000000002,-0.5900000000000001,-1.86,-0.23,-0.12,-2.1,-1.66,0.01,-0.03,-0.38,0.26,-0.25,8434,4014.0,4420.0,13.2,25096,159225,-3.4,8.8
13269,"Taylor, GA",2013,0.14,0.04,0.01,1.12,2.49,0.03,,-0.28,-1.03,-0.83,0.26,2.61,,-0.3,6.95,1.98,3.94,-0.44,-0.46,-0.15,0.01,8456,4037.0,4419.0,11.6,26188,168659,5.9,10.1
13269,"Taylor, GA",2014,0.01,0.04,0.0,-0.98,0.2,-0.22,0.14,0.03,-0.88,-0.14,0.09,0.36,0.2,-0.4,-7.32,-1.66,-4.765000000000001,-0.31,0.16,-0.23,-0.02,8453,4040.0,4413.0,10.3,26080,154832,-8.2,10.1
13269,"Taylor, GA",2015,-0.14,-0.17,-0.04,0.45,1.8,3.16,0.03,-0.38,-0.21,-0.59,0.45,2.19,0.14,-0.21,6.53,0.88,-0.11,0.82,0.3,0.26,-0.03,8316,3945.0,4371.0,9.3,27389,164613,6.3,11.1
13269,"Taylor, GA",2016,-0.01,0.14,-0.02,-0.04,0.33,3.26,0.22,-0.55,-0.44,-0.17,0.19,0.34,-0.23,0.11,22.69,0.78,0.08,0.49,0.31,0.26,-0.02,8256,3945.0,4311.0,7.0,31165,215481,30.9,11.3
13269,"Taylor, GA",2017,,,0.01,0.1,0.63,-3.25,-0.16,-0.61,0.14,-0.32,-0.05,1.08,0.0,0.07,-2.37,0.39,-0.68,0.2,0.55,0.26,0.01,8181,3907.0,4274.0,8.5,29656,210676,-2.2,11.4
13269,"Taylor, GA",2018,,,0.01,0.01,-1.21,-0.27,0.15,,0.12,-0.13,-0.05,-1.22,0.06,0.0,-0.7,-0.31,,0.15,0.77,-0.23,0.05,8067,3821.0,4246.0,6.3,31212,209466,-0.6,11.2
13269,"Taylor, GA",2019,-0.04,-0.05,0.0,,-1.51,3.26,-0.21,0.26,0.09,0.25,,-1.19,0.05,0.03,4.74,0.02,,0.13,-0.35,0.26,0.01,8051,3813.0,4238.0,4.0,33114,219582,4.8,12.6
13269,"Taylor, GA",2020,-0.09,0.02,-0.01,-0.06,-0.25,-3.25,-0.15,,-0.61,-0.77,,0.39,-0.04,-0.02,-3.35,-0.05,2.12,-0.04,-0.27,0.26,0.0,7819,3704.0,4115.0,6.9,35148,210888,-4.0,12.5
13269,"Taylor, GA",2021,0.17,0.07,0.01,0.19,0.68,3.26,,-0.42,0.36,-1.2700000000000002,-0.24,,0.0,-0.11,-0.07,1.18,-3.37,0.09,-0.84,-0.23,0.04,7770,3670.0,4100.0,5.8,39841,211508,0.3,15.5
13269,"Taylor, GA",2022,0.08,-0.09,-0.01,0.38,1.67,-3.25,,-0.37,0.18,0.4,-0.05,,0.11,0.05,-2.7,0.35,0.04,-0.19,-1.2399999999999998,0.26,0.1,7767,3695.0,4072.0,5.0,38507,206185,-2.5,16.3
13269,"Taylor, GA",2023,0.0,0.02,0.0,,3.88,3.26,0.09,-0.13,-0.32,-1.2700000000000002,0.03,3.75,0.15,-0.24,8.45,1.74,2.03,0.71,-0.17,-0.23,0.31,7793,3707.0,4086.0,4.0,42058,222954,8.1,18.1
13271,"Telfair, GA",2002,,,0.01,0.27,,2.33,,-0.06,0.37,0.13,-0.03,,-2.43,0.11,-3.46,0.46,-0.15,0.09,0.33,0.03,0.52,12347,,,10.3,18480,276857,-3.1,
13271,"Telfair, GA",2003,0.51,0.01,-0.01,0.5,0.84,-2.41,3.29,-0.53,-0.32,0.5,0.28,0.84,-0.02,0.14,4.69,0.49,0.04,0.86,,0.0,,13887,,,8.5,17153,288944,4.4,
13271,"Telfair, GA",2004,0.75,0.01,0.0,,-1.81,-0.59,3.29,-0.41,-1.51,-0.04,0.48,-1.81,-0.35,0.21,8.58,0.53,-0.57,0.03,0.26,-0.01,0.31,14685,,,7.5,16879,309352,7.1,
13271,"Telfair, GA",2005,0.7700000000000001,0.01,-0.01,0.45,,,1.92,,-0.48,-0.21,0.34,,0.06,-0.12,6.46,0.49,,0.31,-0.2,-0.02,0.52,15070,,,7.5,17317,327854,6.0,
13271,"Telfair, GA",2006,0.25,-0.03,-0.01,,0.12,0.49,-1.69,,-0.49,0.28,0.03,0.12,0.05,-0.06,-1.72,0.15,,-0.83,0.01,0.0,0.1,15401,,,7.5,17271,320617,-2.2,
13271,"Telfair, GA",2007,-0.42,0.0,0.02,-0.23,,,1.65,-0.24,-0.48,0.08,0.09,,0.09,-0.14,-0.55,-0.17,1.12,-0.68,0.21,-0.01,0.34,15932,,,7.7,17248,317318,-1.0,
13271,"Telfair, GA",2008,-0.7000000000000002,-0.02,-0.01,-0.2,-0.47,,,,-1.39,-1.2700000000000002,-0.2,-0.47,0.29,0.21,-7.17,-0.08,,-0.85,-0.26,0.01,-0.1,16230,,,11.0,17212,290154,-8.6,
13271,"Telfair, GA",2009,-0.67,,0.01,-0.03,,0.4,,,-0.62,-0.24,,,0.53,-0.27,-4.95,0.65,,-0.42,-0.02,0.01,0.05,16200,,,13.9,16950,273969,-5.6,
13271,"Telfair, GA",2010,-0.16,,0.04,-0.17,,,-2.87,,0.13,-0.49,,,0.16,-0.17,-5.12,-0.36,,-0.02,0.6,-0.15,0.33,16519,9475.0,7044.0,14.5,17062,260288,-5.0,8.1
13271,"Telfair, GA",2011,-0.11,-0.06,-0.04,0.6,0.17,-0.15,3.29,0.43,-0.48,0.56,0.13,0.17,-0.68,0.11,13.69,0.06,3.19,-0.13,0.65,0.01,-0.04,16242,9327.0,6915.0,13.0,18784,294661,13.2,10.2
13271,"Telfair, GA",2012,-0.02,-0.12,0.0,0.22,,,3.29,0.6,-0.32,-0.68,0.1,,-0.04,0.06,8.02,0.21,2.5,0.03,0.01,-0.04,-0.08,16364,9521.0,6843.0,11.6,19101,317341,7.7,12.3
13271,"Telfair, GA",2013,0.01,-0.03,-0.01,-0.51,,,,,-0.5,-0.57,0.08,,-0.08,-0.22,5.37,-0.45,,0.38,0.15,0.02,0.33,16624,9853.0,6771.0,11.3,18785,332784,4.9,10.9
13271,"Telfair, GA",2014,0.06,0.04,-0.02,0.31,,,3.29,0.57,0.16,-0.15,-0.11,,0.14,-0.11,6.67,0.35,1.33,-0.13,0.2,0.0,0.45,16448,9763.0,6685.0,9.8,20256,355518,6.8,10.8
13271,"Telfair, GA",2015,0.56,0.04,,0.16,,,2.11,-0.34,-0.06,,0.11,,0.44,-0.08,6.2,1.09,0.83,0.21,-0.09,0.03,0.2,16448,9717.0,6731.0,8.8,21400,377335,6.1,9.3
13271,"Telfair, GA",2016,0.11,0.01,0.01,-0.79,0.19,-0.01,-2.87,-0.58,-0.19,0.17,-0.01,0.19,-0.13,-0.05,-7.22,-1.66,-0.72,0.25,-0.19,0.01,0.35,15960,9297.0,6663.0,7.7,22934,349386,-7.4,9.1
13271,"Telfair, GA",2017,-0.11,,0.02,0.36,,0.0,-2.87,-0.42,0.11,-0.15,-0.03,,,-0.09,-4.23,0.29,-0.03,0.12,,-0.07,-0.79,15912,9336.0,6576.0,7.0,23916,335021,-4.1,8.1
13271,"Telfair, GA",2018,-0.17,-0.03,-0.09999999999999999,0.15,0.81,0.15,-2.87,-0.64,0.01,-0.36,-0.04,0.81,0.03,-0.02,-4.58,0.13,0.3,0.21,-0.16,0.0,0.12,15888,9330.0,6558.0,6.1,24715,319702,-4.6,8.4
13271,"Telfair, GA",2019,-0.07,0.06,-0.01,-0.27,,,-2.87,-0.16,-0.77,0.3,0.01,,0.25,0.04,-5.09,-0.31,-1.42,-0.04,-0.57,0.05,-0.38,15813,9292.0,6521.0,9.1,25520,300959,-5.9,8.6
13271,"Telfair, GA",2020,-0.41,0.0,-0.09999999999999999,-0.17,-0.16,,-2.87,-0.55,-1.75,0.01,,-0.16,,-0.38,-12.06,-0.15,-1.25,0.38,-0.37,,-0.45,12453,7603.0,4850.0,9.8,27938,259407,-13.8,7.0
13271,"Telfair, GA",2021,0.36,-0.09,0.01,1.09,-1.28,-0.39,3.29,-0.36,0.28,0.1,0.24,-1.28,-0.31,-0.09,5.49,1.18,1.82,0.1,0.76,0.0,-0.51,12319,7511.0,4808.0,7.0,30518,274377,5.8,7.1
13271,"Telfair, GA",2022,-0.03,,0.0,-0.47,-1.99,-0.14,1.34,-0.36,-0.09,0.63,,-1.99,0.17,0.04,-4.59,-0.38,-4.19,-0.08,-0.44,,0.42,12416,7637.0,4779.0,5.2,28959,261536,-4.7,8.0
13271,"Telfair, GA",2023,-0.03,,,-0.98,4.0,0.02,1.52,,2.29,,0.23,4.0,0.07,-0.25,0.36,-1.66,-1.05,0.94,-0.22,0.0,-0.24,10969,6196.0,4773.0,5.7,34086,268469,2.7,10.1
13273,"Terrell, GA",2002,0.04,0.08,-0.03,0.04,3.87,0.01,0.32,0.55,1.2,-0.14,,3.87,-2.43,0.05,1.77,,-0.73,0.16,,-0.01,0.28,10607,,,7.3,22726,272611,3.0,
13273,"Terrell, GA",2003,0.12,-0.17,-0.02,-0.05,-1.21,1.98,0.37,-0.8,0.33,0.21,0.24,-1.21,0.13,0.06,0.6,-0.1,-0.48,0.16,-0.68,0.01,0.91,10641,,,5.3,23220,275146,0.9,
13273,"Terrell, GA",2004,-0.2,,0.05,-0.05,-4.32,-1.32,0.12,-0.67,-0.01,0.54,-0.19,-4.869999999999999,0.02,0.03,-6.01,,-0.49,-0.27,-0.38,0.0,1.7400000000000002,10453,,,5.8,23784,258569,-6.0,
13273,"Terrell, GA",2005,-0.14,-0.15,-0.01,,4.24,0.36,0.1,0.52,-0.75,0.19,-0.09,4.24,-2.23,-0.13,4.41,0.08,-0.22,0.43,-0.15,0.0,1.62,10134,,,6.8,25221,268038,3.7,
13273,"Terrell, GA",2006,,,0.01,,0.37,-1.04,-0.06,-0.15,-1.17,0.68,-0.34,0.37,0.7,-0.19,-0.62,-0.13,-0.37,0.28,-0.19,0.01,-0.14,9969,,,5.7,25675,263248,-1.8,
13273,"Terrell, GA",2007,-0.16,,0.02,,-0.85,0.69,0.35,-0.34,-0.16,-0.66,0.41,-0.85,2.365,0.08,4.57,0.14,3.22,-0.58,,0.0,-1.36,9701,,,6.0,28592,274880,4.4,
13273,"Terrell, GA",2008,0.09,-0.05,0.09,,-3.67,-0.95,,0.52,-0.57,0.32,0.23,-3.67,,-0.02,-1.53,0.28,-0.81,-0.46,-0.14,0.0,1.0,9648,,,6.7,29218,269122,-2.1,
13273,"Terrell, GA",2009,0.07,0.08,0.07,0.19,4.29,0.02,-0.36,1.75,-0.45,0.17,-0.09,4.79,-0.97,-0.24,6.06,-0.09,0.07,-0.26,-0.06,0.0,-0.1,9596,,,10.4,30097,284208,5.6,
13273,"Terrell, GA",2010,0.13,0.18,-0.04,0.1,-4.32,0.38,,-0.63,-0.6,0.75,-0.19,-4.7,,-0.09,-4.97,-0.2,1.02,0.0,0.42,-0.01,1.34,9525,4593.0,4932.0,12.1,30361,268383,-5.6,9.9
13273,"Terrell, GA",2011,,,-0.09999999999999999,0.08,4.29,-0.09,0.14,0.98,-0.72,-0.06,0.14,4.79,-2.25,-0.02,5.28,-0.07,0.32,0.46,-0.09,0.0,-0.04,9390,4516.0,4874.0,11.8,33776,280629,4.6,10.2
13273,"Terrell, GA",2012,0.09,,-0.01,-0.08,-3.04,0.04,,0.89,-0.39,-0.63,,-3.04,,0.33,-4.39,-0.31,-1.65,-0.05,,0.0,0.51,9225,4434.0,4791.0,10.7,35050,267208,-4.8,8.3
13273,"Terrell, GA",2013,0.08,,0.03,0.11,-3.38,0.08,0.08,-0.03,-0.18,-0.43,,-3.38,0.75,0.02,0.61,0.08,1.58,0.38,,0.01,1.0,9167,4421.0,4746.0,9.7,35882,268342,0.4,8.7
13273,"Terrell, GA",2014,-0.02,,0.03,,-4.32,0.46,-0.37,0.25,0.27,-0.42,-0.14,-4.869999999999999,2.06,0.23,-9.71,,-0.3,0.65,0.63,0.0,1.21,9081,4340.0,4741.0,8.1,36061,243000,-9.4,10.1
13273,"Terrell, GA",2015,,,-0.02,-0.01,4.29,-0.56,-0.01,-1.09,-0.62,0.08,,4.57,-1.12,-0.08,2.92,,0.09,0.58,0.39,0.0,0.35,9016,4337.0,4679.0,7.6,34155,248590,2.3,11.2
13273,"Terrell, GA",2016,,,0.05,-0.17,2.78,0.76,,-1.38,-0.32,0.2,,2.78,,-0.23,-0.34,-0.11,-2.06,0.75,,0.04,-1.07,8873,4232.0,4641.0,7.0,35002,246971,-0.7,12.1
13273,"Terrell, GA",2017,-0.05,,-0.05,,-0.15,-0.99,-0.11,-1.05,-0.36,-0.11,,-0.15,0.6,-0.32,-2.5,-0.38,0.99,0.77,,-0.14,-1.46,8698,4165.0,4533.0,6.4,35391,239916,-2.9,10.8
13273,"Terrell, GA",2018,0.02,,-0.02,-0.21,,,-0.1,-0.46,-0.29,0.07,,,-2.43,0.02,-8.24,-0.27,0.03,0.58,0.07,0.0,-1.4,8601,4132.0,4469.0,7.0,36456,219458,-8.5,12.3
13273,"Terrell, GA",2019,0.0,0.02,0.03,-0.17,,,-0.06,1.36,0.08,-0.1,,,-2.43,-0.25,3.06,-0.26,-1.61,0.92,0.53,,-0.78,8573,4091.0,4482.0,5.4,39146,226345,3.1,11.2
13273,"Terrell, GA",2020,,,,0.03,-1.07,-0.57,0.69,0.2,-2.0,,,-1.07,0.0,-0.37,-0.28,-0.13,3.13,-1.05,0.18,,-1.5500000000000005,9140,4384.0,4756.0,7.8,42818,221177,-2.3,10.2
13273,"Terrell, GA",2021,,0.11,,0.75,0.54,0.62,0.4,-0.44,1.18,,,1.3,0.64,,5.16,0.57,-1.87,0.26,0.24,0.26,-1.26,8927,4303.0,4624.0,6.5,47820,235197,6.3,10.7
13273,"Terrell, GA",2022,0.28,-0.03,0.02,0.19,-4.32,-0.15,0.05,,0.29,-0.1,,-4.06,0.04,,-4.24,0.23,1.39,0.61,-0.74,0.26,-1.07,8782,4270.0,4512.0,4.9,46980,225921,-3.9,13.0
13273,"Terrell, GA",2023,0.06,0.02,0.09,-0.16,2.53,1.21,-0.08,,-0.29,0.45,0.09,0.94,0.53,-0.18,5.24,-0.11,0.6,1.77,-0.02,,0.23,8704,4241.0,4463.0,4.8,48546,237098,4.9,11.5
13275,"Thomas, GA",2002,0.05,-0.07,,,-0.66,0.0,-1.83,0.03,0.44,-0.04,0.21,-0.57,-2.43,-0.25,-5.78,,-0.06,0.15,-0.05,0.01,-0.09,42555,,,4.5,26158,1797081,-5.3,
13275,"Thomas, GA",2003,-0.07,0.03,0.1,,0.69,0.37,-0.46,-0.12,-0.2,0.22,-0.18,0.76,0.2,0.03,3.88,,0.62,0.7,,0.03,1.7400000000000002,42956,,,4.3,27742,1863161,3.7,
13275,"Thomas, GA",2004,0.16,0.0,,0.59,-0.59,1.41,0.42,-0.33,-0.26,0.22,0.1,0.54,1.78,0.02,6.71,0.82,0.9,-0.17,,-0.01,0.84,42762,,,4.5,28897,1983317,6.4,
13275,"Thomas, GA",2005,-0.17,0.05,-0.08,1.12,0.53,-1.0,1.02,0.6,0.2,0.1,0.1,-0.15,1.98,0.12,6.12,1.74,0.38,0.54,-0.06,0.0,0.94,43556,,,4.5,30334,2108661,6.3,
13275,"Thomas, GA",2006,-0.07,0.02,,-0.09,0.87,-1.0,0.82,0.3,-0.55,0.63,0.02,0.86,-0.97,0.1,1.62,,-0.21,0.46,0.01,0.0,0.82,43901,,,4.1,31831,2131393,1.1,
13275,"Thomas, GA",2007,-0.07,0.02,-0.01,-0.81,-1.26,0.07,0.44,0.22,0.0,0.4,-0.01,-1.28,1.39,0.11,1.15,-0.92,-0.6,-0.09,-0.05,0.0,1.55,44269,,,4.1,32940,2156071,1.2,
13275,"Thomas, GA",2008,-0.18,0.02,,-0.38,-0.32,-0.1,-0.46,-0.13,-0.25,1.07,-0.13,-0.17,-2.29,-0.1,-4.26,,0.5,-0.36,0.15,0.01,-1.5500000000000005,44627,,,5.9,32310,2058875,-4.5,
13275,"Thomas, GA",2009,-0.01,0.05,,-0.74,-0.07,-0.16,-2.71,2.05,0.08,0.02,-0.07,-0.03,0.58,-0.27,-3.29,-1.2,0.11,-0.56,,0.0,-1.24,44689,,,9.2,32167,1992644,-3.2,
13275,"Thomas, GA",2010,0.13,0.06,0.04,1.12,-0.95,1.04,0.84,-0.76,0.03,0.14,-0.1,-0.99,-0.99,-0.14,0.7,0.98,-0.07,-0.08,0.28,-0.01,0.33,44744,21188.0,23556.0,11.2,33254,2007200,0.7,19.6
13275,"Thomas, GA",2011,0.12,-0.01,0.02,0.84,0.77,0.16,0.04,0.24,0.05,0.42,-0.1,-0.21,0.56,-0.06,2.13,1.0,0.78,-0.11,-0.06,0.0,-0.66,44591,21102.0,23489.0,10.2,35583,2051040,2.2,19.1
13275,"Thomas, GA",2012,-0.02,-0.06,0.03,0.23,-1.02,-0.55,0.93,0.57,-0.17,0.34,-0.07,-1.38,-0.97,-0.04,0.49,0.79,1.13,-0.29,0.03,0.0,0.04,44535,21110.0,23425.0,9.5,36131,2057702,0.3,16.7
13275,"Thomas, GA",2013,0.16,-0.05,0.01,-0.38,-0.03,-0.06,0.39,-0.01,-0.62,0.49,-0.04,0.48,0.86,0.03,2.11,-0.78,1.28,-0.04,0.01,0.0,-0.62,44783,21251.0,23532.0,9.0,35928,2088431,1.5,18.1
13275,"Thomas, GA",2014,0.12,0.0,0.0,0.03,0.06,-0.03,-0.57,0.67,-1.17,-0.05,0.03,-0.03,0.71,0.09,0.17,0.12,-1.66,-0.07,0.03,0.04,0.77,44784,21244.0,23540.0,8.8,36877,2067527,-1.0,17.6
13275,"Thomas, GA",2015,-0.02,0.01,0.0,-0.06,0.09,-0.97,-0.15,-0.5,0.06,0.51,0.02,-0.2,1.32,-0.06,4.01,-0.1,1.88,0.28,0.03,0.01,1.7400000000000002,44819,21238.0,23581.0,7.3,39623,2151605,4.1,19.2
13275,"Thomas, GA",2016,0.02,-0.02,,-0.34,0.0,0.01,0.52,-0.44,-0.1,,0.01,0.08,-0.42,-0.09,-2.11,-0.44,-1.71,0.49,0.02,0.02,-0.25,44967,21319.0,23648.0,5.2,39248,2103971,-2.2,19.5
13275,"Thomas, GA",2017,-0.08,-0.04,-0.05,-0.19,0.16,0.0,0.06,-0.28,0.18,-0.23,-0.04,0.53,0.16,0.0,-0.64,-0.29,-0.37,0.22,0.07,-0.01,-0.3,44623,21156.0,23467.0,4.8,41091,2094276,-0.5,22.2
13275,"Thomas, GA",2018,0.06,-0.01,0.0,-0.2,,-0.08,-0.39,-0.47,-0.06,0.97,-0.02,,-0.38,0.04,1.85,-0.06,2.3,0.39,,0.01,-0.24,44336,20993.0,23343.0,3.9,43116,2131697,1.8,23.1
13275,"Thomas, GA",2019,0.05,-0.07,-0.04,-0.98,,0.51,0.2,0.96,-0.06,0.66,0.01,,-0.33,0.01,0.06,-1.05,-1.27,0.19,,0.0,-0.11,44427,21042.0,23385.0,3.4,43701,2131775,0.0,24.7
13275,"Thomas, GA",2020,-0.3,-0.02,-0.09999999999999999,-0.01,,-0.29,0.07,-0.01,-0.57,-0.18,0.0,,0.12,-0.12,0.65,0.1,0.33,-0.12,,-0.07,0.23,45786,21875.0,23911.0,5.1,47526,2133286,0.1,24.1
13275,"Thomas, GA",2021,0.57,0.04,0.07,0.81,,0.25,0.46,0.64,0.51,0.6,0.18,-0.08,2.25,-0.05,7.03,1.32,0.99,0.29,,,-0.69,45835,21799.0,24036.0,3.5,53047,2294156,7.5,25.4
13275,"Thomas, GA",2022,0.31,0.04,-0.04,0.18,0.2,-0.66,-0.34,-0.45,-0.08,0.24,0.0,,0.45,0.1,1.06,0.31,,-0.19,-0.14,-0.01,-0.11,45542,21665.0,23877.0,3.0,54279,2316708,1.0,23.8
13275,"Thomas, GA",2023,-0.13,0.0,0.03,0.26,-0.36,-0.05,0.2,0.65,-0.02,0.9,0.07,-0.47,-1.0,-0.13,1.7,0.69,0.44,0.68,-0.01,0.0,-0.16,45666,21673.0,23993.0,3.0,57135,2355768,1.7,23.6
13277,"Tift, GA",2002,0.04,,-0.01,,0.56,0.27,-1.05,0.09,0.48,0.14,-0.11,0.56,0.28,-0.07,0.6,,-0.16,0.67,-0.14,0.0,0.22,38217,,,4.5,23762,1622209,1.1,
13277,"Tift, GA",2003,0.07,-0.03,0.01,0.07,0.66,1.37,-0.07,-0.44,0.62,0.13,-0.04,0.66,0.37,-0.2,3.68,0.08,0.45,0.65,0.24,0.01,0.43,38215,,,4.4,24715,1691999,4.3,
13277,"Tift, GA",2004,0.23,-0.05,,,-0.74,-1.16,0.53,-0.31,-0.17,,0.14,-0.74,1.04,0.02,2.69,,0.23,0.56,1.31,0.05,0.46,38622,,,4.4,25644,1734646,2.5,
13277,"Tift, GA",2005,0.17,-0.02,,0.42,,-2.24,-1.58,0.55,0.07,,0.24,,-0.02,-0.15,1.35,0.28,0.44,0.5,1.26,,0.69,38789,,,5.1,26626,1759326,1.4,
13277,"Tift, GA",2006,0.21,-0.03,0.01,-0.04,1.04,-0.33,0.39,0.3,0.22,0.11,0.04,1.04,-0.93,-0.21,-0.51,0.25,-1.55,0.09,-0.99,-0.01,1.1,39503,,,5.0,27146,1754165,-0.3,
13277,"Tift, GA",2007,-0.41,0.0,0.01,,,0.31,1.13,-0.14,0.45,-0.44,0.11,,-0.68,-0.4,-3.29,,-0.24,-0.41,-1.12,,0.5,39720,,,5.3,27623,1704380,-2.8,
13277,"Tift, GA",2008,-0.14,-0.02,0.03,,,-0.77,-0.2,0.47,-0.54,0.24,-0.03,,-0.83,-0.23,-1.53,,0.75,0.02,,0.02,,39806,,,7.3,28137,1669177,-2.1,
13277,"Tift, GA",2009,-0.06,0.0,0.06,0.1,0.81,-0.4,-1.95,1.59,0.37,-0.17,-0.08,0.81,-0.38,-0.01,-5.58,-0.05,-1.98,-0.26,-1.01,-0.04,-1.5500000000000005,39748,,,11.0,28248,1582165,-5.2,
13277,"Tift, GA",2010,0.17,0.02,0.0,,,0.57,0.41,-0.45,1.33,-0.69,0.1,,-0.7,0.03,1.41,,0.61,0.31,0.06,-0.04,0.62,40250,19267.0,20983.0,11.8,29198,1625416,2.7,16.3
13277,"Tift, GA",2011,0.3,0.0,-0.02,0.48,-0.87,0.11,-0.25,-0.07,1.15,0.0,0.05,-0.87,-0.81,0.03,0.67,0.57,1.15,0.15,-0.01,0.07,0.26,41160,19851.0,21309.0,11.9,30673,1655048,1.8,17.0
13277,"Tift, GA",2012,0.04,0.01,0.0,0.17,0.59,-0.46,-0.47,0.42,0.15,-0.03,-0.13,0.59,-0.1,0.02,0.46,0.22,-0.61,0.13,0.33,0.0,0.51,40947,19893.0,21054.0,9.9,30583,1665178,0.6,17.1
13277,"Tift, GA",2013,-0.4,0.0,-0.05,0.06,0.03,-0.59,0.2,-0.08,-0.09,0.47,0.09,0.03,-0.36,0.01,0.51,,0.53,0.26,,0.09,0.45,40180,19399.0,20781.0,8.4,30992,1672177,0.4,16.0
13277,"Tift, GA",2014,0.2,0.0,0.03,,-0.61,0.02,0.74,0.44,2.32,1.01,0.05,-0.61,-0.48,0.12,2.44,-0.24,0.81,0.06,-0.24,0.03,0.49,40456,19563.0,20893.0,7.3,32760,1786756,6.9,16.6
13277,"Tift, GA",2015,0.14,-0.02,-0.03,0.17,0.18,-0.06,0.85,-0.43,2.32,0.04,0.32,0.18,0.45,-0.03,2.93,0.04,0.53,0.47,-0.08,0.13,0.43,40538,19588.0,20950.0,6.2,35700,2011442,12.6,16.8
13277,"Tift, GA",2016,-0.18,0.0,0.01,-0.02,1.07,0.04,0.31,-0.27,-2.3699999999999997,-0.39,0.25,1.07,-0.44,0.02,2.05,0.04,0.83,0.5,0.14,0.12,-0.01,40562,19654.0,20908.0,5.5,34442,1831180,-9.0,17.5
13277,"Tift, GA",2017,0.03,-0.01,-0.01,0.26,-0.66,0.41,0.17,-0.37,0.91,-0.41,0.02,-0.66,-0.14,-0.07,-1.59,0.07,-0.8,0.46,0.09,-0.1,-0.25,40455,19575.0,20880.0,4.8,35082,1818774,-0.7,16.8
13277,"Tift, GA",2018,-0.06,-0.01,0.01,0.22,-0.48,0.02,-0.36,-0.21,1.68,-0.17,0.16,-0.48,-0.3,-0.13,1.55,0.24,2.46,0.04,0.3,-0.04,0.08,40562,19631.0,20931.0,4.1,36481,1877534,3.2,16.5
13277,"Tift, GA",2019,-0.08,,-0.01,0.32,,2.05,-0.48,0.44,0.14,0.33,0.1,,-0.07,-0.02,3.35,0.28,0.33,0.03,-0.08,,0.68,40653,19670.0,20983.0,3.5,37630,1943083,3.5,18.1
13277,"Tift, GA",2020,-0.7000000000000002,,-0.06,0.18,,0.13,-0.79,0.13,0.06,-0.11,-0.23,,0.22,-0.2,-1.69,0.17,-1.3,0.04,0.54,,0.31,41391,20049.0,21342.0,5.2,41573,1911393,-1.6,17.3
13277,"Tift, GA",2021,0.5,0.01,0.02,0.36,-0.55,-1.19,0.31,0.24,0.01,0.23,0.07,-0.55,0.69,-0.19,3.05,0.59,1.26,-0.04,1.03,-0.11,0.18,41095,19908.0,21187.0,3.5,45183,1969969,3.1,17.8
13277,"Tift, GA",2022,0.6,0.0,0.0,-0.27,-0.65,-0.23,0.73,-1.01,0.09,0.41,0.01,-0.65,0.51,0.02,2.0,-0.31,1.96,-0.37,0.16,-0.06,0.22,41378,20033.0,21345.0,2.9,46098,2011144,2.1,18.7
13277,"Tift, GA",2023,0.01,0.0,0.03,-0.09,0.8,-0.08,0.15,-0.37,-0.54,0.35,0.02,1.07,0.07,-0.06,2.67,1.21,0.36,1.01,-0.96,0.03,-0.18,41620,20132.0,21488.0,3.0,48399,2053957,2.1,20.2
13279,"Toombs, GA",2002,0.35,0.03,0.05,-0.31,-0.69,-0.28,-0.72,0.33,0.42,1.28,0.27,-0.69,-1.5,0.11,-1.13,-0.07,-0.18,0.18,0.04,0.13,-0.46,26031,,,7.3,21437,755785,-0.7,
13279,"Toombs, GA",2003,0.06,0.03,0.08,0.1,2.51,0.06,2.06,-0.34,0.4,1.06,0.09,2.51,2.365,0.03,8.89,0.08,-0.24,0.23,0.08,-0.15,0.15,26009,,,6.1,22419,825995,9.3,
13279,"Toombs, GA",2004,-0.18,0.01,0.01,-0.11,0.29,-0.17,2.77,-0.72,-0.3,0.65,0.17,0.29,2.365,0.19,8.35,-0.13,-0.32,0.12,0.59,0.18,0.36,26166,,,5.9,23493,892451,8.0,
13279,"Toombs, GA",2005,0.1,-0.04,-0.01,0.36,2.28,-1.3,0.45,0.67,0.2,0.21,0.1,2.28,-2.43,0.04,-1.74,-0.42,0.0,0.26,0.31,-0.04,0.41,26539,,,6.3,23961,878684,-1.5,
13279,"Toombs, GA",2006,0.3,-0.04,-0.04,0.08,2.61,0.94,1.71,0.61,-0.13,1.5300000000000002,0.08,2.61,0.17,-0.01,9.0,0.27,-0.86,0.19,0.44,0.24,0.28,26851,,,5.2,25545,956595,8.9,
13279,"Toombs, GA",2007,-0.03,0.01,0.02,0.41,-1.45,-0.6,0.42,0.39,-0.2,1.5300000000000002,0.0,-1.45,0.71,-0.07,2.8,0.4,0.57,-0.41,0.31,-0.23,0.86,27185,,,4.8,26749,981465,2.6,
13279,"Toombs, GA",2008,0.01,-0.02,-0.01,,-0.88,0.3,-2.39,0.96,-0.35,1.5300000000000002,0.04,-0.88,0.05,0.18,0.74,0.24,0.7,-0.04,-0.23,0.08,-0.11,27345,,,7.3,27626,985241,0.4,
13279,"Toombs, GA",2009,-0.18,0.0,-0.04,,2.02,2.52,-1.72,2.19,0.62,1.38,-0.02,2.02,-0.16,-0.1,4.66,-0.1,0.33,-0.44,-0.28,-0.07,-1.39,27079,,,9.9,28415,1037301,5.3,
13279,"Toombs, GA",2010,-0.09,0.09,-0.04,,-1.68,-0.07,-0.12,-1.92,0.41,0.38,0.17,-1.68,-0.78,0.04,-2.94,0.34,0.08,0.31,0.18,0.05,0.12,27248,12972.0,14276.0,12.1,29053,1011062,-2.5,14.3
13279,"Toombs, GA",2011,0.08,0.01,,0.68,-2.0,-2.19,-0.3,-1.75,-0.15,,0.0,-2.0,-0.37,0.02,-3.87,0.62,1.83,0.21,-0.02,0.13,-0.33,27198,12886.0,14312.0,13.2,30477,970487,-4.0,14.0
13279,"Toombs, GA",2012,-0.03,0.0,0.04,0.23,-1.0,0.14,-0.86,0.23,-0.26,0.98,-0.22,-1.0,1.45,0.09,0.11,0.13,-0.97,0.52,-0.12,-0.08,-0.19,27170,12872.0,14298.0,11.6,30646,969039,-0.1,14.7
13279,"Toombs, GA",2013,0.01,-0.01,0.05,0.74,-0.25,-1.03,0.07,-0.48,-0.34,1.5300000000000002,-0.06,-0.25,0.84,0.15,2.13,1.28,-1.18,-0.21,0.04,0.13,0.97,27184,12870.0,14314.0,10.9,31392,986392,1.8,15.2
13279,"Toombs, GA",2014,-0.03,0.03,0.07,0.06,-2.04,0.16,0.28,0.45,-0.21,-1.2700000000000002,0.01,-2.04,-0.12,0.14,-2.49,0.05,0.17,0.65,0.31,-0.06,-0.06,27131,12852.0,14279.0,9.9,31716,959821,-2.7,15.3
13279,"Toombs, GA",2015,-0.15,-0.02,0.01,-0.52,2.14,0.03,1.23,-0.5,0.14,1.4,-0.01,2.14,-1.3,-0.2,3.7,-0.42,0.52,0.65,0.46,0.04,-0.19,27151,12819.0,14332.0,8.9,32889,996677,3.8,15.7
13279,"Toombs, GA",2016,-0.26,0.04,0.05,-0.38,0.25,-0.08,0.67,-0.43,-0.18,-1.23,-0.04,0.25,0.0,0.0,-1.68,-1.05,-0.05,0.11,0.17,0.18,-0.02,27141,12813.0,14328.0,8.2,33324,978124,-1.9,17.0
13279,"Toombs, GA",2017,-0.24,0.07,0.0,-0.11,0.11,0.37,2.14,-0.71,-0.06,-0.82,-0.13,0.11,-0.27,-0.15,-0.4,-0.2,-0.13,0.45,0.0,-0.1,-0.77,26868,12703.0,14165.0,6.8,33536,973607,-0.5,15.9
13279,"Toombs, GA",2018,0.1,-0.06,0.0,0.46,0.37,-0.36,0.72,-0.19,0.07,-1.2700000000000002,-0.08,0.37,0.01,0.11,-0.36,0.37,0.13,0.42,-0.6,-0.03,0.32,26910,12751.0,14159.0,6.0,34478,970701,-0.3,15.8
13279,"Toombs, GA",2019,-0.1,,-0.02,-0.32,-0.66,-0.63,1.56,0.29,-0.06,-0.37,0.02,-0.66,0.21,-0.21,-1.08,,-0.99,0.22,0.06,0.03,-0.08,26844,12680.0,14164.0,5.2,35317,959641,-1.1,16.2
13279,"Toombs, GA",2020,,-0.08,,0.34,1.99,0.06,0.09,0.16,-0.54,,-0.11,1.99,-0.18,-0.26,0.18,,-0.67,-0.01,-0.09,0.08,-0.4,27085,12930.0,14155.0,6.7,39597,956151,-0.4,16.6
13279,"Toombs, GA",2021,,,0.0,1.12,-0.6,1.4,1.69,0.06,0.1,-0.89,0.07,-0.6,0.49,-0.09,5.56,1.45,1.04,0.42,0.62,-0.18,-0.48,26854,12815.0,14039.0,4.6,42946,1010321,5.7,16.8
13279,"Toombs, GA",2022,,,-0.02,0.09,-0.9,-0.25,-0.22,-0.97,0.37,-0.6,0.03,-0.9,-0.06,0.1,-2.35,0.29,,-0.52,-0.2,-0.1,-0.04,26881,12819.0,14062.0,4.0,42852,990300,-2.0,16.4
13279,"Toombs, GA",2023,,,-0.04,-0.02,1.46,0.25,-0.63,-0.2,0.07,1.5300000000000002,0.08,1.46,-0.12,-0.16,3.9,-0.02,,1.11,0.24,0.08,-0.07,27198,12966.0,14232.0,4.0,44036,1029663,4.0,19.5
13281,"Towns, GA",2002,,,0.02,0.13,-0.01,-0.23,0.18,0.39,1.57,0.41,0.17,-0.24,0.04,0.36,3.21,0.36,1.3,0.43,0.03,0.26,-0.07,9532,,,3.9,24715,275049,4.8,
13281,"Towns, GA",2003,,,-0.03,0.1,0.49,0.4,-0.13,-1.51,0.79,0.27,-0.27,0.49,1.33,-0.04,3.99,-0.05,1.27,1.19,0.2,0.26,-0.01,9745,,,3.7,24435,288190,4.8,
13281,"Towns, GA",2004,0.25,0.18000000000000002,-0.09999999999999999,0.44,0.4,1.17,-0.2,0.04,0.48,1.0,-0.5900000000000001,0.38,0.5,-0.12,5.42,0.79,1.5,0.56,0.12,0.26,0.08,9872,,,3.6,26147,305193,5.9,
13281,"Towns, GA",2005,-0.01,0.18000000000000002,-0.07,0.21,0.52,0.61,0.09,2.19,0.37,0.5,,0.54,0.76,0.01,10.31,0.27,3.51,1.1,0.02,,0.38,9940,,,3.9,27846,337793,10.7,
13281,"Towns, GA",2006,-0.1,0.02,0.11,-0.14,0.39,0.08,0.04,1.19,0.48,0.54,-0.5,0.43,0.09,0.07,2.93,0.17,-0.46,0.57,0.11,0.26,0.09,10281,,,3.4,28643,349330,3.4,
13281,"Towns, GA",2007,-0.7000000000000002,0.14,0.07,0.13,-0.07,-1.04,,0.58,-0.28,0.2,-0.35,0.11,,-0.06,0.99,0.07,2.27,-0.03,-0.15,0.26,0.08,10452,,,3.7,29228,351843,0.7,
13281,"Towns, GA",2008,-0.42,-0.04,0.11,-0.23,-0.51,-2.5,0.05,0.99,-0.77,0.8,-0.11,-0.81,-0.91,-0.28,-5.31,-0.28,-1.83,-1.09,0.19,0.26,0.01,10485,,,6.1,28343,330461,-6.1,
13281,"Towns, GA",2009,-0.46,0.05,0.11,0.32,0.0,-1.49,-0.1,2.19,-0.1,0.61,,0.08,-0.23,-0.05,1.79,0.22,1.44,-0.77,-0.22,,-0.18,10444,,,8.7,28372,336040,1.7,
13281,"Towns, GA",2010,-0.01,0.15,0.11,0.02,-0.43,1.12,0.02,-2.22,0.14,-1.01,,-0.48,-0.21,-0.1,1.0,-0.01,5.09,-0.15,0.07,,-0.01,10531,5019.0,5512.0,12.7,28927,339868,1.1,20.8
13281,"Towns, GA",2011,,,-0.09999999999999999,-0.19,-0.79,1.73,-0.13,-0.06,-0.3,-0.01,,-0.87,-0.05,-0.25,-1.38,-0.19,-2.16,-0.2,0.07,,0.04,10577,5045.0,5532.0,12.3,30573,334179,-1.7,21.0
13281,"Towns, GA",2012,,,0.11,-0.07,0.06,-0.08,0.77,-0.65,-0.06,-0.03,0.3,-0.04,-0.12,-0.15,-1.99,-0.19,-0.73,-0.31,0.21,0.11,-0.03,10560,5047.0,5513.0,11.1,31401,327337,-2.0,22.2
13281,"Towns, GA",2013,-0.7000000000000002,-0.17,0.11,-0.06,-0.08,-0.72,0.44,-0.84,-0.36,0.14,,0.02,0.08,0.0,-0.7,-0.12,0.73,0.41,-0.11,,-0.18,10784,5151.0,5633.0,10.6,31255,323864,-1.1,22.7
13281,"Towns, GA",2014,-0.35,-0.01,-0.07,0.14,0.01,1.23,0.06,0.27,-0.21,-0.41,,0.02,0.1,0.14,2.22,1.15,0.57,-0.15,-0.01,,-0.12,11081,5255.0,5826.0,9.3,31358,330371,2.0,22.2
13281,"Towns, GA",2015,0.7700000000000001,-0.14,-0.05,0.19,0.02,-1.33,0.44,-0.05,-0.17,0.51,0.2,-0.01,0.03,0.14,4.87,0.52,2.65,0.05,-0.02,0.24,0.02,11208,5330.0,5878.0,8.0,33452,345905,4.7,22.4
13281,"Towns, GA",2016,0.7700000000000001,-0.03,0.11,0.12,0.0,-0.21,0.05,-1.72,0.13,0.5,0.04,0.0,0.0,0.08,0.78,-0.48,-0.84,-0.58,0.1,0.26,-0.07,11416,5424.0,5992.0,5.5,34655,349053,0.9,25.1
13281,"Towns, GA",2017,0.7700000000000001,-0.07,-0.09999999999999999,-0.56,,0.3,0.31,-0.58,0.02,-0.06,0.02,,,0.01,0.81,-0.51,1.64,0.08,0.08,-0.23,-0.11,11557,5517.0,6040.0,5.2,36103,351926,0.8,25.6
13281,"Towns, GA",2018,,,0.0,0.02,-0.01,0.71,0.05,-0.98,0.02,-0.1,0.18,-0.03,-0.1,0.06,-0.01,1.98,-4.05,0.2,0.01,-0.15,0.02,11844,5670.0,6174.0,4.4,37431,351953,0.0,26.2
13281,"Towns, GA",2019,,,-0.09999999999999999,-0.05,0.02,-0.12,0.31,0.64,-0.02,0.2,-0.2,0.08,0.04,-0.02,6.54,-0.18,5.42,0.06,-0.46,0.15,0.09,12009,5714.0,6295.0,3.9,39870,374904,6.5,30.1
13281,"Towns, GA",2020,,,-0.09999999999999999,-0.01,0.02,,0.06,-0.38,-0.46,-0.43,,-0.07,,-0.12,-5.4,-0.51,-4.765000000000001,-0.23,0.0,,0.13,12551,5992.0,6559.0,5.2,44299,352930,-5.9,32.6
13281,"Towns, GA",2021,0.7700000000000001,0.03,-0.09999999999999999,0.22,,,0.25,0.65,0.36,0.17,,-0.07,,-0.03,10.63,1.1,4.0,0.17,0.09,,0.02,12880,6120.0,6760.0,3.2,47344,391740,11.0,31.5
13281,"Towns, GA",2022,0.7700000000000001,0.07,0.11,0.32,0.0,-0.67,0.16,0.11,0.13,-0.01,0.06,,,0.05,3.38,-0.37,,-0.28,0.41,,-0.02,12944,6175.0,6769.0,3.2,48175,405503,3.5,32.0
13281,"Towns, GA",2023,0.6,0.01,0.0,0.22,0.09,,-0.19,0.57,0.18,0.2,0.06,,0.04,-0.15,2.57,-0.62,0.56,0.53,0.09,0.11,-0.01,13007,6221.0,6786.0,3.3,51955,416649,2.7,32.8
13283,"Treutlen, GA",2002,-0.42,0.09,,0.01,,-0.38,0.04,0.34,1.19,,,,,0.16,0.25,,0.56,0.37,0.17,0.26,0.56,6881,,,7.6,17054,92130,1.4,
13283,"Treutlen, GA",2003,0.01,-0.17,0.06,0.1,,0.08,,,-0.54,1.02,,,0.32,0.06,5.98,,,0.63,,-0.23,0.24,6924,,,6.9,18172,97145,5.4,
13283,"Treutlen, GA",2004,0.06,0.1,,,0.85,0.59,0.07,,-1.43,0.14,-0.5900000000000001,0.85,0.55,0.16,-0.6,,,0.3,,0.02,0.2,6949,,,6.2,18757,95177,-2.0,
13283,"Treutlen, GA",2005,0.01,-0.04,-0.04,0.15,,,-0.05,0.98,-0.08,-0.08,-0.16,,0.76,-0.05,5.27,0.12,-0.47,0.44,1.35,0.03,0.46,6679,,,7.4,20142,100122,5.2,
13283,"Treutlen, GA",2006,-0.13,-0.08,,0.32,4.29,-0.25,-0.05,-0.01,-0.01,-0.44,-0.08,4.79,-1.15,0.3,7.2,0.33,-0.96,1.18,,-0.13,,6771,,,6.1,21389,107327,7.2,
13283,"Treutlen, GA",2007,,,-0.01,-0.04,-4.32,,,-0.43,-0.79,0.33,-0.01,-4.869999999999999,-0.37,0.02,-3.41,0.04,2.22,1.79,,-0.1,,6773,,,5.8,22278,102813,-4.2,
13283,"Treutlen, GA",2008,-0.32,-0.01,-0.01,1.12,1.67,3.26,-0.02,,-1.73,0.07,-0.07,1.67,-0.55,-0.16,22.69,1.98,,0.99,,-0.02,,6847,,,8.7,23641,129484,25.9,
13283,"Treutlen, GA",2009,0.0,,-0.01,0.51,,3.26,,0.8,0.39,0.12,-0.02,,-0.26,-0.07,22.69,,0.85,0.61,-0.45,-0.06,-0.43,6906,,,11.5,23921,161876,25.0,
13283,"Treutlen, GA",2010,-0.06,0.06,0.02,0.81,,-3.25,,-0.61,-0.45,0.15,,,-0.02,0.09,-19.26,0.8,-0.11,-0.1,,0.0,0.89,6892,3444.0,3448.0,11.9,24755,129973,-19.7,9.9
13283,"Treutlen, GA",2011,,0.0,0.03,1.09,-4.32,-3.25,-0.05,0.06,-0.66,-0.07,-0.01,-4.869999999999999,0.14,,-12.05,,3.42,-0.74,1.31,0.03,-0.2,6823,3424.0,3399.0,13.0,25898,113457,-12.7,9.2
13283,"Treutlen, GA",2012,0.29,0.01,-0.03,0.17,,,-0.14,0.27,-0.57,-0.26,-0.03,,-2.43,-0.12,-8.22,0.24,-3.85,-0.92,-0.13,0.0,-0.58,6787,3423.0,3364.0,13.2,25306,103479,-8.8,9.1
13283,"Treutlen, GA",2013,0.05,-0.01,,-0.32,-1.12,-3.06,0.05,0.09,-1.11,0.22,0.0,-1.12,1.54,,-2.47,,2.48,-0.72,-0.21,-0.03,-1.08,6686,3348.0,3338.0,12.2,26036,99773,-3.6,12.3
13283,"Treutlen, GA",2014,0.12,0.0,,0.69,-2.4,,,0.83,-0.33,0.71,0.0,-2.4,1.21,0.05,-2.43,0.76,-2.8,-1.0,,,1.26,6813,3440.0,3373.0,10.6,25931,97024,-2.8,14.1
13283,"Treutlen, GA",2015,0.01,-0.05,0.11,-0.98,2.18,,,-0.1,1.15,0.73,0.02,2.18,1.07,0.18,3.22,-1.66,-0.97,1.01,0.53,0.0,0.26,6807,3421.0,3386.0,8.6,27603,101263,4.4,14.8
13283,"Treutlen, GA",2016,-0.21,-0.04,-0.01,-0.8,0.26,,,-0.11,-0.67,0.98,0.0,0.26,2.365,-0.17,7.07,-0.97,-0.09,0.55,-0.14,0.0,0.5,6720,3388.0,3332.0,8.5,28376,107748,6.4,16.5
13283,"Treutlen, GA",2017,-0.21,-0.01,-0.03,-0.4,-1.7,-0.09,,0.64,-0.13,0.71,0.0,-1.7,,,-3.63,-0.38,-0.05,-0.17,0.48,,-0.59,6751,3401.0,3350.0,7.3,30024,103694,-3.8,15.5
13283,"Treutlen, GA",2018,-0.12,0.0,-0.01,0.03,0.42,,0.4,0.03,0.32,0.55,0.0,0.42,,,-4.65,-0.05,-1.25,0.06,0.43,,0.11,6780,3383.0,3397.0,6.3,30203,99211,-4.3,13.6
13283,"Treutlen, GA",2019,-0.04,0.01,-0.01,-0.95,0.77,0.45,1.41,0.82,-0.14,-1.2700000000000002,0.0,0.77,-0.5,0.08,1.38,-0.95,,0.07,-0.77,,0.06,6860,3426.0,3434.0,5.8,31761,100440,1.2,12.4
13283,"Treutlen, GA",2020,-0.14,0.0,-0.02,-0.2,1.09,-0.96,1.56,0.03,0.38,-1.2700000000000002,0.0,1.09,1.4,-0.68,1.13,,,0.14,-0.14,0.0,1.14,6393,3219.0,3174.0,6.7,34610,101950,1.5,16.3
13283,"Treutlen, GA",2021,0.53,-0.01,0.0,-0.98,-0.86,-0.24,0.01,,-0.46,0.18,0.03,-0.86,-1.47,-0.2,-6.66,,,-0.57,0.33,,-0.49,6364,3247.0,3117.0,4.7,38425,94687,-7.1,14.2
13283,"Treutlen, GA",2022,-0.03,0.0,-0.01,-0.06,-1.11,3.26,,-0.11,1.02,0.1,0.05,-1.11,,0.09,4.93,-0.11,,-0.63,-0.75,,-0.63,6353,3199.0,3154.0,4.4,39341,100329,6.0,13.7
13283,"Treutlen, GA",2023,-0.07,0.0,-0.03,0.13,-0.75,,0.53,0.22,0.03,0.37,0.03,-0.75,,-0.31,3.37,,-0.79,0.98,0.2,,-0.45,6351,3225.0,3126.0,4.7,41701,103731,3.4,12.8
13285,"Troup, GA",2002,0.11,-0.05,,-0.14,,-0.23,1.26,0.12,0.4,,0.67,,0.27,0.05,5.13,-0.24,-0.19,0.77,-0.04,0.03,-0.1,60224,,,5.5,25788,2928583,5.5,
13285,"Troup, GA",2003,0.18,0.0,,0.32,,0.12,-1.39,-0.41,0.13,,0.67,,-1.37,0.04,-0.79,0.54,0.48,-0.25,0.28,0.04,0.17,60791,,,5.4,26200,2909068,-0.7,
13285,"Troup, GA",2004,0.05,-0.02,0.05,0.33,0.01,0.27,0.02,-0.13,-0.25,-0.02,0.56,0.03,2.365,0.19,6.1,0.23,0.7,-0.59,0.25,0.06,0.79,62001,,,5.6,27026,3079145,5.8,
13285,"Troup, GA",2005,0.1,0.04,-0.04,0.4,-0.05,-0.77,-0.71,0.83,0.13,0.01,0.62,-0.08,2.03,0.04,2.31,0.0,0.16,0.11,0.02,0.02,-0.08,63233,,,6.8,27585,3154043,2.4,
13285,"Troup, GA",2006,-0.03,0.01,0.0,-0.13,0.0,-0.09,0.43,0.25,-1.1,0.83,-0.53,0.01,-1.44,0.04,-0.07,-0.32,-0.09,0.79,0.05,-0.16,0.15,63897,,,5.8,28318,3117013,-1.2,
13285,"Troup, GA",2007,-0.15,0.02,-0.04,-0.17,-0.03,3.21,0.07,0.75,-2.3699999999999997,1.5300000000000002,-0.52,0.03,-0.99,-0.09,4.22,-0.58,0.27,0.07,-0.12,0.07,0.56,64894,,,5.7,29121,3167373,1.6,
13285,"Troup, GA",2008,-0.08,0.0,0.03,-0.11,-0.01,0.95,0.57,0.07,-0.38,0.41,-0.46,0.03,-1.78,-0.06,1.32,0.28,1.32,0.21,0.01,0.04,-0.22,65860,,,8.3,29839,3197253,0.9,
13285,"Troup, GA",2009,-0.12,-0.02,0.04,0.09,0.0,-2.46,0.02,1.02,0.21,0.45,-0.08,-0.13,-2.43,0.04,-7.48,-0.31,-0.49,-1.2,-0.07,-0.09,-0.15,66422,,,12.9,29128,2964779,-7.3,
13285,"Troup, GA",2010,0.06,0.03,,0.72,,-1.42,3.29,-0.64,0.2,,-0.01,,-0.84,0.17,4.81,0.51,0.57,-0.82,0.35,0.14,0.18,67060,32200.0,34860.0,11.4,29974,3113161,5.0,19.4
13285,"Troup, GA",2011,0.09,-0.02,,0.88,,-0.5,1.92,0.01,-0.08,,-0.5900000000000001,,1.41,0.0,2.57,0.5,0.08,0.13,0.27,0.11,0.68,67651,32583.0,35068.0,10.8,31687,3190654,2.5,19.6
13285,"Troup, GA",2012,0.09,-0.02,0.02,0.72,0.06,-0.38,2.1,0.18,-0.3,-0.13,-0.5900000000000001,0.04,2.16,-0.04,3.58,0.84,-1.15,0.76,0.27,-0.06,0.34,68324,32831.0,35493.0,9.7,32148,3295185,3.3,19.7
13285,"Troup, GA",2013,0.07,-0.02,0.04,1.12,-0.03,-0.65,1.72,0.17,-0.3,0.23,-0.5900000000000001,-0.03,0.45,0.07,2.64,1.58,-0.08,-0.21,,,,68859,33160.0,35699.0,8.6,31935,3372249,2.3,18.6
13285,"Troup, GA",2014,0.05,0.0,0.06,0.67,0.02,0.14,1.17,0.12,-0.11,0.21,-0.5900000000000001,0.02,0.48,-0.04,2.0,0.74,0.1,-0.28,0.1,-0.1,0.23,69341,33407.0,35934.0,7.4,32980,3436017,1.9,18.6
13285,"Troup, GA",2015,0.02,0.0,-0.02,0.64,,0.36,-0.13,-0.06,-0.02,0.09,-0.09,,0.01,-0.01,2.99,0.37,0.8,1.47,,,0.55,69666,33581.0,36085.0,6.2,33888,3537878,3.0,18.7
13285,"Troup, GA",2016,-0.02,0.0,0.03,-0.19,,0.48,0.68,-0.42,-0.13,-0.1,-0.39,,-0.46,0.23,-2.09,-0.13,-0.93,-1.78,,,-1.53,69990,33736.0,36254.0,6.0,34416,3459338,-2.2,18.8
13285,"Troup, GA",2017,-0.01,-0.01,-0.05,-0.04,0.02,1.36,0.6,-0.2,0.23,0.17,-0.15,0.03,-1.59,-0.68,1.54,-0.03,0.72,0.65,0.2,-0.08,0.66,70123,33826.0,36297.0,5.2,34693,3520408,1.8,18.5
13285,"Troup, GA",2018,0.57,-0.01,0.01,0.16,0.0,-1.02,-1.38,-0.3,0.18,0.46,0.19,0.02,0.25,-0.02,-0.61,0.14,-0.33,-0.62,0.13,0.13,1.19,70091,33779.0,36312.0,4.3,35618,3505269,-0.4,18.5
13285,"Troup, GA",2019,0.26,0.0,0.02,0.82,-0.02,-0.11,-0.21,0.0,0.03,-0.41,0.03,0.0,-0.15,-0.04,3.16,0.0,0.45,0.41,0.9,0.07,1.7400000000000002,70059,33464.0,36595.0,3.8,37351,3617135,3.2,19.0
13285,"Troup, GA",2020,-0.35,-0.01,0.11,-0.98,-0.01,0.0,-0.65,0.17,-0.31,0.05,-0.09,0.0,-0.26,-0.12,-3.46,-1.14,-0.74,0.45,0.44,0.22,-1.5500000000000005,69348,33192.0,36156.0,8.4,41272,3480568,-3.8,20.1
13285,"Troup, GA",2021,0.68,0.04,-0.09,0.68,,0.52,3.29,0.1,0.23,0.67,0.15,-0.02,-0.05,-0.1,6.45,1.18,1.93,-1.22,0.75,-0.21,-1.52,69535,33138.0,36397.0,4.4,44938,3712961,6.7,19.7
13285,"Troup, GA",2022,0.39,0.02,0.01,0.78,0.0,-0.69,2.15,0.24,0.09,0.61,0.17,0.0,-0.19,0.13,3.83,1.04,,-0.09,0.03,,-0.62,70297,33587.0,36710.0,3.0,45331,3858589,3.9,20.3
13285,"Troup, GA",2023,0.1,0.01,-0.02,0.55,0.0,0.04,-1.32,0.34,-0.11,0.34,0.11,0.01,-0.18,-0.07,1.19,0.48,0.86,0.87,-0.25,-0.01,-0.12,70957,33827.0,37130.0,2.9,47658,3900318,1.1,22.5
13287,"Turner, GA",2002,-0.05,0.04,0.0,,4.29,0.3,-1.98,0.55,0.88,-0.07,,4.79,-0.04,0.13,5.15,0.24,-0.38,0.13,-0.12,0.03,,9514,,,6.6,20817,253354,6.0,
13287,"Turner, GA",2003,0.16,,-0.01,0.22,-3.44,1.19,,-1.82,0.18,0.08,,-3.44,,-0.03,-3.85,-0.1,-0.08,0.46,0.33,0.03,,9407,,,6.3,20932,244056,-3.7,
13287,"Turner, GA",2004,0.64,-0.14,-0.01,0.13,-4.32,-1.31,,-2.22,-0.74,0.52,-0.5900000000000001,-4.869999999999999,,0.15,-5.62,0.14,-0.37,-0.16,0.39,0.06,0.31,9310,,,5.4,21296,228521,-6.4,
13287,"Turner, GA",2005,-0.27,,-0.01,-0.16,4.29,-0.52,2.18,0.83,0.04,-0.6,,4.79,0.33,0.05,10.02,-0.03,0.64,0.7,,-0.03,0.65,9245,,,6.6,23298,251508,10.1,
13287,"Turner, GA",2006,-0.01,-0.01,0.0,-0.98,-1.69,0.26,0.75,-0.33,0.22,0.0,0.08,-1.69,0.16,-0.23,-3.33,-1.19,-1.39,0.37,-0.33,0.0,0.23,9133,,,5.7,23540,243688,-3.1,
13287,"Turner, GA",2007,-0.34,0.0,0.02,-0.7,-4.2,-0.7,-0.05,-1.52,-0.13,0.06,0.0,-4.2,-0.56,-0.45,-9.2,-1.12,0.71,-1.26,0.24,-0.01,-0.01,9111,,,6.7,24422,220952,-9.3,
13287,"Turner, GA",2008,-0.08,-0.01,-0.01,0.7,4.29,-0.39,-0.21,,-0.85,-0.08,0.1,4.7,0.47,-0.29,3.18,0.74,,-1.78,-1.2399999999999998,0.0,1.7400000000000002,9029,,,8.3,25769,226103,2.3,
13287,"Turner, GA",2009,-0.18,0.0,,-0.98,2.18,0.02,-1.23,-0.16,-0.3,,,2.18,-0.24,-0.19,-4.47,-1.51,-1.95,-0.86,0.03,0.01,,8900,,,14.1,25882,215330,-4.8,
13287,"Turner, GA",2010,-0.37,0.14,,-0.27,-1.29,0.58,1.53,-0.81,-0.14,,,-1.29,-0.26,-0.19,1.76,-0.12,1.71,-0.27,-0.18,-0.01,,8909,4359.0,4550.0,16.4,26789,218809,1.6,13.2
13287,"Turner, GA",2011,0.06,0.03,0.04,1.12,-2.3,0.31,0.42,0.77,-0.45,-0.11,,-2.3,-0.2,,4.51,1.98,1.95,-0.26,,-0.01,-0.18,8941,4457.0,4484.0,14.0,28850,227700,4.1,11.4
13287,"Turner, GA",2012,,,0.02,-0.63,-1.66,-0.27,1.66,0.28,-0.02,-0.03,,-1.66,-0.11,,-3.06,-0.42,-2.52,-0.22,-0.5,-0.01,0.48,8446,4203.0,4243.0,11.5,28604,220697,-3.1,12.0
13287,"Turner, GA",2013,0.43,-0.17,-0.05,-0.35,-3.28,-0.49,0.85,-0.17,-0.6,-0.08,-0.02,-3.28,-0.6,0.15,-1.97,-0.45,0.04,0.36,0.39,0.02,1.1,8208,4048.0,4160.0,9.9,28870,215015,-2.6,9.8
13287,"Turner, GA",2014,0.28,-0.01,0.0,0.2,-4.32,0.14,-1.95,,-0.18,0.01,-0.04,-4.869999999999999,-0.35,-0.01,-7.81,0.37,,0.07,0.13,-0.01,1.1,8069,3944.0,4125.0,8.0,29405,197833,-8.0,10.4
13287,"Turner, GA",2015,-0.1,-0.17,0.05,-0.12,4.29,-0.51,-1.08,-0.82,-0.11,0.12,0.0,4.79,-0.14,-0.05,7.97,-0.03,0.37,0.63,0.73,0.08,0.61,7988,3893.0,4095.0,6.9,30997,213367,7.9,11.7
13287,"Turner, GA",2016,-0.36,0.02,0.02,-0.98,1.2,-0.08,0.64,-1.45,-0.98,-0.06,,1.2,-0.09,,-3.16,-1.66,0.38,0.01,,-0.12,-0.46,7970,3905.0,4065.0,6.1,29528,204543,-4.1,12.3
13287,"Turner, GA",2017,-0.04,-0.05,-0.08,-0.74,1.33,-0.29,0.48,-0.53,-0.38,-0.29,,1.33,-0.01,,-3.02,-0.92,-2.73,0.69,,,-0.26,7902,3851.0,4051.0,5.4,30185,197596,-3.4,13.5
13287,"Turner, GA",2018,-0.33,0.0,-0.05,-0.27,-0.52,0.45,,-1.01,-0.73,0.01,-0.04,-0.52,,,-3.06,-0.41,1.15,0.52,-0.36,,-1.4,7917,3860.0,4057.0,4.9,29934,190113,-3.8,12.5
13287,"Turner, GA",2019,0.09,0.0,0.0,,,-0.1,1.02,-0.16,-0.2,0.13,0.03,,-0.14,,8.76,-0.17,0.59,0.63,0.36,,0.28,7929,3818.0,4111.0,3.8,32578,206398,8.6,11.7
13287,"Turner, GA",2020,-0.39,0.0,0.0,,,0.22,0.28,-0.62,-0.51,-0.16,,,0.19,-0.37,-5.9,0.19,-2.04,0.16,,,0.12,8985,4249.0,4736.0,6.7,34116,193176,-6.4,10.8
13287,"Turner, GA",2021,0.7700000000000001,0.03,0.0,0.05,-0.9,0.13,-0.68,-0.04,0.42,0.09,0.22,-0.9,-0.06,0.23,0.51,0.83,2.23,-0.23,-0.55,0.03,-1.5500000000000005,8920,4197.0,4723.0,5.8,38473,194966,0.9,10.9
13287,"Turner, GA",2022,-0.13,-0.02,,0.07,1.24,0.17,-0.19,-0.67,0.2,,0.1,1.24,0.03,0.11,1.88,0.74,1.7,-0.18,-1.11,-0.01,-0.23,8842,4197.0,4645.0,3.9,38501,199029,2.1,10.5
13287,"Turner, GA",2023,0.04,0.0,0.0,0.02,-2.83,0.21,1.36,0.51,0.84,1.5300000000000002,0.15,-2.83,-0.11,-0.19,2.8,0.13,0.28,1.22,-0.17,-0.03,0.46,8926,4229.0,4697.0,3.9,39005,206281,3.6,11.1
13289,"Twiggs, GA",2002,0.0,0.05,0.11,0.3,-1.27,,0.13,,0.05,-0.35,,-4.869999999999999,,0.09,-0.24,0.29,,0.2,,0.02,-0.14,10503,,,6.3,18970,354177,-0.2,
13289,"Twiggs, GA",2003,0.03,-0.17,0.11,,2.47,,0.15,-0.19,0.07,0.47,,2.83,,0.03,0.32,-0.29,0.22,0.44,,0.0,0.03,10461,,,5.3,19338,355573,0.4,
13289,"Twiggs, GA",2004,,,,0.18,-1.39,0.02,,,-1.03,,,-4.869999999999999,,0.2,-14.3,0.21,,-0.76,,-0.02,-0.07,10266,,,5.4,20640,301061,-15.3,
13289,"Twiggs, GA",2005,,,,0.24,1.26,-1.18,,0.2,-0.2,,,-4.869999999999999,,,-14.33,0.2,1.75,-0.27,0.25,-0.01,0.0,9978,,,6.8,22258,257319,-14.5,
13289,"Twiggs, GA",2006,,,-0.04,0.0,-1.4,-0.06,-0.06,0.3,-1.11,0.34,-0.03,-4.869999999999999,-0.05,,-10.87,-0.14,-0.9,-0.35,1.35,0.0,,9715,,,5.7,23273,226492,-12.0,
13289,"Twiggs, GA",2007,,,-0.09999999999999999,-0.07,-0.49,2.55,0.07,-0.57,-1.01,0.01,-0.15,-3.0,0.02,,0.4,-0.08,2.15,-0.68,0.78,0.0,,9545,,,5.7,24630,225123,-0.6,
13289,"Twiggs, GA",2008,,,-0.09999999999999999,-0.09,0.41,-2.46,0.05,0.07,-1.39,-0.16,-0.01,-4.869999999999999,0.12,,-6.87,-0.08,2.79,0.24,0.02,0.0,,9442,,,7.1,25492,206542,-8.3,
13289,"Twiggs, GA",2009,,,,-0.14,0.48,,,0.24,-0.1,,0.0,-4.869999999999999,0.58,-0.17,-11.57,-0.19,1.32,,,0.0,-0.09,9257,,,11.0,26340,182424,-11.7,
13289,"Twiggs, GA",2010,,,0.08,,-0.92,0.24,-0.16,-0.25,0.06,0.03,0.0,-4.869999999999999,-0.13,,-2.68,-0.02,0.86,,0.59,0.0,,8983,4380.0,4603.0,15.3,27597,177655,-2.6,6.7
13289,"Twiggs, GA",2011,,,-0.09999999999999999,-0.04,2.34,,,-0.35,-0.17,0.44,0.0,-3.41,0.19,0.13,-5.37,0.0,-0.93,-0.91,0.67,0.0,0.02,8836,4313.0,4523.0,15.2,29262,167801,-5.5,8.7
13289,"Twiggs, GA",2012,,,0.11,,-1.3,,,0.1,0.3,0.05,0.12,-4.869999999999999,,0.02,-3.26,0.51,-4.765000000000001,0.73,0.92,0.0,0.86,8560,4194.0,4366.0,14.6,30820,162836,-3.0,10.9
13289,"Twiggs, GA",2013,0.35,0.18000000000000002,0.11,0.2,-0.57,,0.26,-0.12,-0.86,0.17,,1.97,,-0.14,6.73,,-1.16,1.71,0.81,0.0,0.11,8522,4154.0,4368.0,13.7,31755,172400,5.9,10.8
13289,"Twiggs, GA",2014,0.41,0.18000000000000002,0.11,0.09,-1.62,-1.92,0.18,-0.17,0.24,0.25,0.03,0.35,2.24,0.26,3.73,0.04,0.33,,0.18,0.0,,8399,4097.0,4302.0,11.2,34265,179244,4.0,9.6
13289,"Twiggs, GA",2015,0.49,-0.17,,0.09,-0.1,,,-0.03,0.15,0.0,,-1.53,-0.32,0.18,0.69,-0.11,-0.18,2.0,-0.53,0.26,-0.56,8353,4063.0,4290.0,9.2,34380,180745,0.8,9.7
13289,"Twiggs, GA",2016,-0.33,,,0.54,0.33,,,-0.07,0.01,-1.2700000000000002,,4.79,,-0.15,22.69,,1.09,,0.18,0.26,,8263,4057.0,4206.0,8.4,35789,224741,24.3,11.6
13289,"Twiggs, GA",2017,-0.51,,,,1.09,,,0.16,0.43,,,4.61,,-0.27,10.53,-0.04,-1.07,,0.63,-0.23,,8268,4070.0,4198.0,7.2,37545,249369,11.0,9.2
13289,"Twiggs, GA",2018,0.0,,-0.09999999999999999,,0.44,,,-0.11,-0.58,1.22,,-1.62,0.76,-0.15,8.47,0.0,-0.58,-1.78,1.35,-0.08,0.87,8179,4032.0,4147.0,5.7,40698,269026,7.9,9.4
13289,"Twiggs, GA",2019,-0.41,-0.05,,0.07,-0.02,,-0.57,,-0.25,,,0.09,,0.03,-0.31,0.03,1.33,,-1.2399999999999998,0.19,,8164,4007.0,4157.0,5.5,39129,267530,-0.6,11.8
13289,"Twiggs, GA",2020,-0.31,,-0.09999999999999999,-0.08,-0.57,,,,-0.39,0.03,,0.51,-1.58,0.01,-6.26,-0.17,-4.14,-1.65,-1.2399999999999998,0.26,-0.41,8011,3966.0,4045.0,7.2,41274,249719,-6.7,10.3
13289,"Twiggs, GA",2021,0.15,0.03,0.11,,0.24,,0.25,2.1,0.4,-0.56,0.02,0.22,,-0.11,11.25,0.33,4.64,-1.78,1.35,0.26,-0.11,7880,3903.0,3977.0,5.0,45043,278811,11.6,11.2
13289,"Twiggs, GA",2022,0.05,,,,0.06,,,-0.28,0.36,,,-4.869999999999999,-1.39,0.14,-10.16,0.13,,,-1.11,0.26,,7688,3780.0,3908.0,4.6,43948,251492,-9.8,10.6
13289,"Twiggs, GA",2023,-0.04,,0.0,,0.07,,,,0.05,-0.21,,-4.869999999999999,,-0.18,-8.6,-0.11,,,,-0.23,0.01,7706,3782.0,3924.0,4.8,45169,229967,-8.6,10.9
13291,"Union, GA",2002,0.13,0.02,,0.14,-0.36,-2.77,0.12,2.19,0.45,0.5,,-0.4,-0.78,,4.56,1.61,0.82,2.0,0.3,0.06,0.07,18349,,,4.4,23202,543208,5.0,
13291,"Union, GA",2003,0.05,-0.01,,0.17,-0.01,0.6,0.38,0.3,0.29,0.53,-0.48,-0.04,-0.71,0.12,6.29,1.2,1.75,1.46,0.15,,,19018,,,4.2,23814,578940,6.6,
13291,"Union, GA",2004,0.09,-0.03,0.01,0.02,0.23,1.45,0.84,2.19,0.33,0.71,-0.59,0.25,-0.23,-0.04,7.54,-0.16,1.2,0.62,0.03,-0.03,0.53,19378,,,4.1,25601,624526,7.9,
13291,"Union, GA",2005,0.61,0.11,0.0,-0.09,-0.13,3.26,-0.04,0.72,0.32,0.16,-0.06,-0.34,0.09,0.32,8.78,0.3,1.55,1.46,0.38,0.18,-0.24,19856,,,4.2,27099,681376,9.1,
13291,"Union, GA",2006,0.24,-0.01,0.01,0.29,-0.34,-3.25,0.47,1.73,0.27,0.24,-0.1,-0.32,-0.08,0.02,-0.64,0.45,-0.5,0.42,0.44,-0.16,0.15,20460,,,3.7,27963,678860,-0.4,
13291,"Union, GA",2007,-0.21,-0.05,,0.09,-0.51,-2.05,0.13,0.4,0.43,,,-0.63,0.14,-0.08,0.02,-0.52,2.21,-0.22,0.22,,-0.16,20988,,,3.6,29143,681937,0.5,
13291,"Union, GA",2008,-0.53,-0.11,,-0.02,0.37,-1.26,-0.52,2.19,-0.46,,-0.07,0.31,0.48,-0.24,-1.28,0.05,-1.74,-0.67,-0.56,-0.03,-0.34,21285,,,6.0,29442,670107,-1.7,
13291,"Union, GA",2009,-0.26,-0.01,0.04,-0.08,0.86,-1.79,-0.68,2.19,0.1,0.07,,0.77,0.46,-0.29,3.33,-0.39,1.29,-0.44,-0.06,,-0.72,21338,,,9.5,28339,693080,3.4,
13291,"Union, GA",2010,0.0,0.01,0.03,0.14,0.26,0.48,0.12,-2.22,0.33,-0.07,-0.04,0.35,-0.15,-0.06,0.54,-0.17,3.75,0.35,0.25,0.0,0.04,21384,10389.0,10995.0,10.9,29087,699105,0.9,21.6
13291,"Union, GA",2011,0.12,-0.01,0.04,0.12,-0.8,-0.7,0.26,-1.73,0.2,0.07,-0.14,-0.85,-0.62,-0.22,-6.17,0.03,-1.89,-0.04,-0.11,-0.08,-0.3,21265,10314.0,10951.0,10.0,30032,657415,-6.0,21.1
13291,"Union, GA",2012,-0.13,0.0,-0.01,0.13,1.04,1.44,-0.02,-1.25,-0.16,0.37,,0.92,-0.31,-0.03,2.68,0.1,2.01,-0.56,0.13,,0.11,21342,10321.0,11021.0,8.7,30902,673988,2.5,20.6
13291,"Union, GA",2013,0.0,0.0,0.05,0.04,-0.58,-1.07,0.35,1.36,-0.35,0.33,,-0.58,0.24,0.03,1.73,0.78,0.11,-0.75,0.11,,0.36,21440,10345.0,11095.0,7.8,30779,683289,1.4,19.6
13291,"Union, GA",2014,0.11,0.0,-0.09999999999999999,0.01,0.63,0.27,0.55,1.02,0.53,0.23,,0.69,0.07,0.21,3.51,0.06,0.73,-0.37,-0.02,,0.27,21782,10515.0,11267.0,6.6,31945,710903,4.0,20.6
13291,"Union, GA",2015,0.16,0.01,0.04,0.14,0.67,0.86,1.03,1.15,0.51,0.35,0.17,0.67,0.08,0.1,8.57,0.44,2.6,0.43,0.27,,,22029,10626.0,11403.0,5.4,34465,775466,9.1,21.9
13291,"Union, GA",2016,0.06,0.02,0.06,0.13,-0.12,0.66,0.58,-2.22,0.45,0.33,0.12,-0.12,0.16,-0.02,-0.22,-0.01,-0.57,0.64,0.42,0.03,0.24,22664,10937.0,11727.0,5.8,35326,777222,0.2,22.4
13291,"Union, GA",2017,0.23,0.01,,0.27,-0.19,0.21,-1.11,-1.37,1.53,,0.1,-0.15,0.06,0.15,0.34,1.01,1.04,0.3,-0.32,-0.15,0.32,23406,11329.0,12077.0,5.6,36787,791743,1.9,22.0
13291,"Union, GA",2018,0.02,-0.01,,0.2,0.09,0.36,-0.02,0.09,0.93,,-0.05,0.07,-0.06,0.15,-1.82,0.51,-3.41,0.27,-0.07,0.16,-0.04,23961,11600.0,12361.0,4.5,37616,784739,-0.9,22.4
13291,"Union, GA",2019,0.11,-0.01,-0.01,0.02,-0.94,0.95,-0.01,-2.22,0.8,0.44,-0.05,-0.82,0.01,-0.02,3.64,0.67,4.79,0.32,-0.13,0.07,-0.3,24606,11885.0,12721.0,4.0,39198,819616,4.4,22.5
13291,"Union, GA",2020,-0.4,0.01,0.0,-0.2,-0.51,0.93,0.01,2.19,-1.29,-0.38,-0.06,-0.3,-0.02,-0.25,-1.01,-0.69,-3.87,0.55,0.04,0.19,0.38,24801,12145.0,12656.0,5.4,41836,800698,-2.3,22.7
13291,"Union, GA",2021,0.74,0.04,0.02,0.14,0.6,0.86,0.77,-1.98,1.17,0.12,,0.94,0.09,-0.1,6.96,1.06,3.98,0.41,0.19,,-0.03,25605,12604.0,13001.0,3.4,44841,865759,8.1,24.9
13291,"Union, GA",2022,0.49,0.02,0.01,0.05,0.76,-0.81,-0.14,-0.78,0.07,0.39,0.09,0.47,-0.05,0.3,1.92,1.17,1.64,-0.3,-0.29,-0.14,-0.15,26400,12987.0,13413.0,3.5,45528,883057,2.0,25.5
13291,"Union, GA",2023,-0.04,-0.02,0.0,-0.02,-1.47,-0.1,0.06,-0.11,1.38,0.29,0.07,-1.57,0.02,-0.08,-0.14,-0.01,0.22,0.9,0.24,-0.11,0.08,27115,13324.0,13791.0,3.6,47853,893996,1.2,25.7
13293,"Upson, GA",2002,,,,0.21,-0.26,-0.75,-0.01,0.24,0.33,,0.19,-0.26,-2.43,0.13,-2.17,-0.49,0.74,0.42,0.15,-0.02,0.04,27624,,,9.0,21907,686594,-1.8,
13293,"Upson, GA",2003,,,,-0.28,,0.56,0.08,-0.61,0.05,,0.02,,-0.14,-0.12,-1.27,-0.28,0.53,0.39,,-0.23,0.06,27648,,,6.3,22673,678215,-1.2,
13293,"Upson, GA",2004,0.01,0.04,0.0,-0.11,0.49,-0.39,-0.12,-0.54,-0.71,-0.11,0.1,0.49,1.71,0.24,0.43,-0.14,0.23,-0.88,0.24,-0.23,-0.18,27514,,,6.0,23382,676367,-0.3,
13293,"Upson, GA",2005,0.17,-0.03,-0.01,-0.09,,0.0,-0.22,0.37,0.06,0.1,-0.14,,0.24,-0.07,2.16,-0.28,0.9,0.36,,0.26,0.05,27440,,,6.7,24044,691406,2.2,
13293,"Upson, GA",2006,0.1,-0.02,0.01,-0.07,-1.08,-0.6,0.04,-0.02,-0.3,-0.11,0.12,-1.08,-0.31,-0.18,-5.62,-0.26,-3.03,-0.76,,0.26,,27349,,,6.2,24948,650463,-5.9,
13293,"Upson, GA",2007,-0.03,0.04,0.0,0.25,0.61,-0.74,-0.55,-0.09,-0.44,-0.7,0.6,0.61,0.67,-0.32,3.1,0.24,3.42,-0.83,,0.26,,27423,,,6.4,25860,667782,2.7,
13293,"Upson, GA",2008,-0.19,0.0,-0.01,-0.22,0.98,0.19,,0.51,-1.24,0.47,0.2,0.98,,-0.08,2.33,0.08,1.83,-0.03,,-0.23,,27321,,,8.5,27039,675090,1.1,
13293,"Upson, GA",2009,-0.08,-0.02,0.01,-0.32,0.59,2.22,,1.55,-0.11,0.1,-0.14,0.59,,-0.18,0.15,-0.24,-0.41,-0.14,,,0.04,27360,,,12.9,26925,675380,0.0,
13293,"Upson, GA",2010,-0.09,0.0,0.0,0.07,0.38,0.76,-0.13,-1.07,-1.38,-0.18,0.06,0.38,-0.72,-0.01,0.53,0.16,1.03,-0.18,0.08,0.26,0.0,27052,12972.0,14080.0,12.1,27300,669587,-0.9,11.3
13293,"Upson, GA",2011,0.05,-0.03,0.01,0.56,-0.61,-0.9,-0.34,0.57,-0.27,-0.17,0.0,-0.61,0.88,-0.1,1.96,0.86,1.47,0.12,-0.08,0.2,0.05,26919,12890.0,14029.0,11.4,28924,680948,1.7,11.0
13293,"Upson, GA",2012,,,0.0,-0.3,1.64,0.01,0.19,0.34,-0.33,-0.27,0.01,1.64,2.14,-0.03,4.07,-0.3,-2.56,-0.17,,,0.04,26561,12641.0,13920.0,10.5,29334,706469,3.7,11.0
13293,"Upson, GA",2013,0.03,0.03,0.02,0.24,-0.88,-1.15,-0.23,-0.04,-0.67,0.35,-0.23,-0.88,0.09,-0.08,-3.92,,-0.16,0.11,,,0.08,26425,12599.0,13826.0,9.8,29030,674067,-4.6,11.4
13293,"Upson, GA",2014,0.04,,0.01,-0.51,1.63,0.06,-0.06,0.41,0.13,-0.77,0.05,1.63,-2.0,-0.25,0.17,-0.42,-1.78,-0.11,0.01,,0.06,26166,12475.0,13691.0,9.0,30036,676107,0.3,11.4
13293,"Upson, GA",2015,-0.2,,0.0,-0.06,,-0.56,0.59,-0.65,-0.13,1.03,0.05,,1.39,0.56,1.68,,-0.26,0.13,0.05,,0.14,26237,12494.0,13743.0,7.3,31142,686588,1.6,12.1
13293,"Upson, GA",2016,-0.09,,0.0,-0.15,,-0.47,-0.18,-1.47,-0.56,0.23,-0.06,,0.27,0.1,0.0,-0.53,1.37,0.42,0.1,0.26,0.01,26243,12508.0,13735.0,6.3,32205,682718,-0.6,13.4
13293,"Upson, GA",2017,0.07,-0.03,-0.03,0.19,0.12,-0.38,0.5,-0.65,0.91,-0.24,-0.17,0.12,-0.98,0.36,-2.6,0.15,-0.53,0.15,0.0,,,26223,12457.0,13766.0,5.4,32430,671165,-1.7,12.9
13293,"Upson, GA",2018,0.19,0.01,-0.03,0.44,0.32,0.03,-0.07,-0.23,0.16,0.51,-0.02,0.32,-0.37,-0.47,0.97,0.35,-0.09,0.14,0.18,0.25,0.26,26249,12449.0,13800.0,4.4,33477,678726,1.1,13.7
13293,"Upson, GA",2019,,,-0.07,-0.01,-1.2,0.27,-0.2,0.1,0.64,0.8,0.04,-1.2,-1.09,-0.34,0.66,-0.01,1.91,0.07,0.02,,-0.09,26402,12495.0,13907.0,3.6,35274,687536,1.3,13.4
13293,"Upson, GA",2020,,,0.03,0.04,-1.06,0.48,0.35,-0.03,-0.79,-0.51,-0.04,-1.06,-2.43,0.09,-6.98,-0.07,-3.29,-0.11,0.2,,0.0,27740,13215.0,14525.0,6.4,37408,634094,-7.8,13.6
13293,"Upson, GA",2021,0.65,,-0.01,0.58,1.01,0.7,-0.46,-0.42,-0.03,1.32,0.13,1.01,2.365,-0.16,6.4,0.8,1.17,-0.03,0.05,,0.16,27685,13133.0,14552.0,3.9,41348,674523,6.4,14.6
13293,"Upson, GA",2022,,,-0.01,-0.93,0.74,-0.85,0.04,-0.72,0.99,0.87,-0.05,0.74,1.25,0.13,3.27,-0.94,1.36,-0.14,-0.2,0.26,0.23,28098,13354.0,14744.0,3.3,42144,703238,4.3,15.4
13293,"Upson, GA",2023,-0.26,0.02,0.0,0.14,0.18,0.2,0.5,-0.1,0.16,0.71,0.09,0.26,-2.43,-0.04,-2.38,0.24,0.1,0.82,0.07,-0.23,0.04,28265,13486.0,14779.0,3.4,43541,687668,-2.2,14.8
13295,"Walker, GA",2002,-0.01,-0.17,0.0,-0.1,-0.63,-0.13,2.26,0.34,0.61,0.26,,-0.63,0.55,0.13,3.4,-0.03,0.69,0.4,,0.01,-0.3,62841,,,4.4,22614,1351644,4.0,
13295,"Walker, GA",2003,0.12,-0.03,0.02,0.07,0.2,0.57,1.09,-0.63,-0.07,-0.16,0.17,0.17,-0.46,0.0,2.51,-0.08,0.82,0.62,0.0,0.0,0.3,63478,,,4.3,22975,1384553,2.4,
13295,"Walker, GA",2004,0.09,-0.01,0.03,0.05,0.9,0.49,0.06,-0.42,-0.59,0.13,0.24,0.86,2.365,0.26,7.31,-0.02,0.22,0.08,0.33,0.0,0.14,64228,,,4.2,23759,1477624,6.7,
13295,"Walker, GA",2005,0.41,0.04,0.01,-0.13,0.29,-0.57,-2.87,0.14,0.14,-0.2,0.21,0.25,1.18,0.05,0.07,-0.07,1.28,-0.04,0.03,0.0,0.45,65160,,,4.9,24179,1480723,0.2,
13295,"Walker, GA",2006,0.7700000000000001,-0.06,,0.02,-1.3,0.4,1.92,0.07,-0.27,,0.1,-1.27,-1.21,-0.06,-1.22,0.1,-2.18,-0.08,-0.19,0.0,0.24,66343,,,4.4,24968,1458717,-1.5,
13295,"Walker, GA",2007,-0.7000000000000002,-0.12,,,0.78,-0.18,-0.61,0.07,0.02,,0.13,0.72,-0.35,-0.27,0.31,0.26,2.32,-0.8,0.04,0.0,-0.07,67405,,,4.5,25686,1463511,0.3,
13295,"Walker, GA",2008,-0.38,0.08,,,0.94,-1.41,-2.36,0.31,-0.51,,-0.24,0.91,-0.85,-0.25,-6.2,-0.04,-0.58,-0.57,-0.42,0.0,-0.37,68103,,,6.7,26083,1365247,-6.7,
13295,"Walker, GA",2009,-0.13,0.04,-0.01,,-0.08,-0.57,-0.2,1.03,0.49,0.04,-0.16,-0.15,-2.43,-0.16,-3.34,0.11,3.93,-0.6,-0.06,0.0,-1.35,68612,,,10.9,24975,1326288,-2.9,
13295,"Walker, GA",2010,0.13,0.15,,,-0.82,1.6,1.87,-0.35,0.45,,-0.13,-0.92,-1.75,0.06,1.59,0.09,0.68,0.02,0.12,0.0,-0.32,68876,33901.0,34975.0,10.2,26321,1353352,2.0,12.8
13295,"Walker, GA",2011,-0.02,0.12,,,-1.3,0.65,-0.71,0.86,-0.2,,-0.07,-1.3,-0.14,-0.2,-0.96,0.18,-0.65,-0.07,0.38,0.0,-0.11,68825,33843.0,34982.0,9.6,27113,1337676,-1.2,13.6
13295,"Walker, GA",2012,0.7700000000000001,0.0,0.01,,2.29,0.68,3.29,0.73,-0.66,0.11,0.27,2.29,0.29,0.07,7.43,-0.04,-1.28,-0.23,-0.12,0.0,0.26,68487,33647.0,34840.0,8.8,28218,1428292,6.8,13.9
13295,"Walker, GA",2013,-0.17,-0.03,0.01,0.07,0.67,-1.73,3.29,-0.24,-0.52,-0.18,0.35,0.67,1.03,0.04,5.29,0.09,0.48,-0.14,0.01,0.0,0.29,68643,33769.0,34874.0,8.0,28378,1496358,4.8,14.0
13295,"Walker, GA",2014,-0.07,-0.01,0.01,-0.06,1.52,-0.41,-2.87,0.14,-0.08,-0.21,0.27,1.52,0.23,0.23,-4.61,-0.03,-2.63,-0.12,-0.11,0.0,-0.25,68714,33864.0,34850.0,7.2,29149,1426272,-4.7,14.3
13295,"Walker, GA",2015,-0.66,-0.04,-0.03,-0.05,0.66,0.26,1.42,-0.46,-0.03,-0.07,0.29,0.66,-0.69,0.04,1.21,0.01,0.44,0.11,-0.03,0.0,-0.06,68604,33928.0,34676.0,6.1,30393,1443169,1.2,14.7
13295,"Walker, GA",2016,0.01,0.1,-0.03,,-0.76,-0.26,-2.2,-0.43,-0.46,-0.19,0.17,-0.76,-0.33,-0.07,-3.42,0.29,0.38,0.28,-0.02,0.0,-0.36,68509,33700.0,34809.0,5.6,31215,1387152,-3.9,15.0
13295,"Walker, GA",2017,0.0,0.02,-0.02,0.22,0.83,-0.19,2.32,-0.35,0.56,-0.02,-0.02,0.83,0.03,0.02,3.58,0.45,0.22,0.06,0.13,0.0,0.13,69087,34053.0,35034.0,4.5,32470,1444625,4.1,15.5
13295,"Walker, GA",2018,,,-0.02,0.13,0.3,0.22,-1.3,-0.03,0.06,0.09,0.05,0.3,-0.34,0.03,-0.53,0.12,-0.03,0.21,0.1,0.0,-0.02,69507,34176.0,35331.0,3.9,33685,1437824,-0.5,15.9
13295,"Walker, GA",2019,-0.05,0.05,0.01,-0.15,-1.71,0.06,1.19,0.0,-0.25,0.38,0.12,-1.71,-1.17,-0.06,-1.3,-0.18,-0.34,0.12,-0.04,0.0,0.28,69769,34250.0,35519.0,3.7,35091,1415626,-1.5,16.6
13295,"Walker, GA",2020,-0.13,,,-0.04,-2.03,0.24,0.9,1.48,-0.85,,-0.39,-2.03,-0.04,-0.27,-0.14,-0.15,0.56,0.21,-0.06,,-0.15,67747,33514.0,34233.0,5.0,37755,1401642,-1.0,19.2
13295,"Walker, GA",2021,,,,0.09,1.71,0.72,3.29,2.19,-0.23,,0.21,1.71,0.36,-0.26,11.5,,0.69,0.19,0.14,,-0.08,68425,33828.0,34597.0,3.2,41454,1559619,11.3,19.5
13295,"Walker, GA",2022,,,,0.02,2.75,0.21,1.25,0.62,0.84,,-0.15,2.75,-0.76,-0.06,6.18,,1.61,-0.21,-0.16,,0.02,68887,34221.0,34666.0,3.0,42812,1669118,7.0,19.7
13295,"Walker, GA",2023,0.05,0.06,,-0.14,-1.9,-0.02,-1.7,0.37,0.02,0.22,0.01,-1.9,-0.44,-0.24,-1.45,,1.05,0.6,0.31,,0.31,69410,34451.0,34959.0,2.9,44195,1645262,-1.4,20.1
13297,"Walton, GA",2002,0.07,0.05,0.1,0.44,-0.09,-0.94,-0.01,0.13,1.38,-0.05,0.11,-0.11,-2.43,0.18,-0.19,1.35,0.82,0.97,0.16,-0.23,0.3,66103,,,4.4,24560,1648482,1.2,
13297,"Walton, GA",2003,0.36,0.02,,-0.07,,2.91,0.56,-0.14,1.03,,-0.01,,-1.26,0.11,6.01,0.15,2.05,1.11,-0.67,-0.23,1.06,68161,,,4.3,25145,1764505,7.0,
13297,"Walton, GA",2004,0.19,0.03,0.11,-0.05,0.78,0.53,0.11,0.38,-0.56,0.31,0.1,0.79,0.24,0.2,7.75,0.47,1.77,1.48,0.22,0.08,0.64,70334,,,4.4,28210,1891337,7.2,
13297,"Walton, GA",2005,0.03,0.04,0.03,0.77,0.52,-1.51,0.41,1.11,0.7,0.62,0.22,0.53,-1.15,0.24,4.93,1.13,1.52,0.77,-0.03,0.26,0.72,73696,,,4.8,29214,1997808,5.6,
13297,"Walton, GA",2006,-0.02,-0.05,0.07,0.19,0.37,1.74,0.6,0.16,0.18,0.78,0.07,0.36,-0.95,0.2,4.7,0.37,-1.03,1.02,0.12,0.19,1.06,77057,,,4.5,30414,2095258,4.9,
13297,"Walton, GA",2007,0.0,-0.02,-0.09999999999999999,0.17,-0.41,-0.7,-0.4,0.07,0.41,0.09,0.04,-0.41,0.42,-0.05,0.13,0.26,0.53,-1.01,0.38,0.0,1.05,80440,,,4.6,30701,2106732,0.5,
13297,"Walton, GA",2008,-0.08,0.04,0.09,0.04,-0.03,-1.63,0.2,0.68,-0.13,-0.19,0.04,-0.03,-0.17,-0.2,-0.01,-0.55,0.42,0.93,0.73,-0.12,-0.17,82602,,,6.5,30674,2103770,-0.1,
13297,"Walton, GA",2009,-0.17,0.0,0.11,-0.28,0.21,-1.84,-1.12,-0.33,0.23,-0.11,0.03,0.21,0.91,-0.26,-2.06,-1.08,3.55,-0.51,-0.57,0.14,-1.04,83353,,,10.4,29774,2065302,-1.8,
13297,"Walton, GA",2010,0.1,0.06,0.07,0.13,-0.44,0.22,1.88,-0.82,-0.02,0.0,0.03,-0.42,1.05,0.07,1.98,0.02,-0.94,0.25,-0.04,0.26,-0.53,83997,40846.0,43151.0,10.5,30016,2105840,2.0,17.3
13297,"Walton, GA",2011,0.09,-0.03,0.05,0.56,-0.66,0.09,1.31,0.28,0.02,0.16,-0.08,-0.64,-0.53,0.03,0.77,0.76,-1.08,0.62,-0.24,0.26,-0.76,84647,41224.0,43423.0,10.2,30958,2122510,0.8,17.7
13297,"Walton, GA",2012,0.04,0.04,-0.08,0.65,0.25,-0.62,0.78,0.16,-0.27,0.24,0.19,0.22,-1.56,-0.04,-1.03,0.71,0.34,-0.67,-0.04,-0.1,-0.63,84998,41412.0,43586.0,8.9,32346,2094944,-1.3,18.9
13297,"Walton, GA",2013,0.09,-0.04,0.0,0.3,-0.38,-0.55,0.65,0.07,-0.35,0.12,0.25,-0.34,-0.32,-0.08,-0.61,0.55,-0.3,0.27,-0.04,-0.23,0.16,86068,41837.0,44231.0,7.7,32532,2074831,-1.0,18.4
13297,"Walton, GA",2014,0.09,-0.01,-0.07,0.18,0.23,0.61,0.32,0.32,-0.07,0.11,0.42,0.23,1.04,0.05,3.93,0.26,0.29,-0.41,0.14,0.26,0.24,87557,42592.0,44965.0,6.5,33936,2154838,3.9,17.2
13297,"Walton, GA",2015,0.14,-0.02,-0.09999999999999999,-0.18,-0.16,1.09,0.16,-0.23,0.34,0.21,0.01,-0.17,1.59,-0.05,6.32,0.21,1.46,0.36,0.36,0.26,0.81,88373,43017.0,45356.0,5.5,36025,2298489,6.7,17.9
13297,"Walton, GA",2016,0.11,-0.01,-0.01,0.18,-0.27,0.66,1.56,0.04,-0.16,0.44,-0.09,-0.26,-0.69,0.13,7.1,-0.05,0.38,0.35,0.27,0.26,1.7400000000000002,89886,43765.0,46121.0,5.0,37382,2458165,6.9,18.6
13297,"Walton, GA",2017,0.02,-0.02,-0.05,0.26,0.02,0.46,2.95,-0.03,0.38,0.65,-0.42,0.05,-0.64,0.03,2.83,0.16,-0.4,-1.72,,,,91389,44464.0,46925.0,4.4,39061,2537033,3.2,19.0
13297,"Walton, GA",2018,0.03,-0.01,0.05,-0.15,,0.47,0.07,-0.12,0.46,0.49,-0.08,,0.24,0.12,0.64,-0.07,-1.21,0.24,,,0.05,93450,45469.0,47981.0,3.6,40605,2565038,1.1,19.9
13297,"Walton, GA",2019,0.07,-0.01,0.05,-0.01,,0.8,-0.43,0.54,0.02,0.24,-0.04,,1.0,0.04,5.23,-0.24,2.47,0.36,-0.71,0.26,,94818,46196.0,48622.0,3.2,43050,2699602,5.2,21.7
13297,"Walton, GA",2020,-0.4,-0.01,-0.06,0.12,0.06,0.98,-0.82,-0.46,-0.48,-0.09,-0.02,0.07,-0.03,-0.18,-0.57,0.14,-0.18,0.05,0.17,-0.04,0.31,97136,47438.0,49698.0,5.4,46020,2671183,-1.1,22.5
13297,"Walton, GA",2021,0.47,0.06,0.01,0.79,,1.69,0.27,0.76,0.61,0.42,0.04,0.07,-0.63,0.03,4.94,1.06,0.48,0.25,0.62,-0.03,-0.66,99804,48756.0,51048.0,3.2,50551,2819256,5.5,23.2
13297,"Walton, GA",2022,0.27,0.04,0.03,0.33,0.04,-1.12,0.78,-0.92,0.14,0.59,0.05,0.16,-0.28,0.2,5.43,0.74,,-0.29,,0.26,,103056,50346.0,52710.0,2.9,52511,2976156,5.6,24.3
13297,"Walton, GA",2023,0.11,0.01,-0.01,0.42,-0.03,0.34,-0.07,0.08,0.57,0.49,0.07,-0.05,-0.15,-0.08,1.56,0.67,1.37,0.72,,-0.23,,106778,52106.0,54672.0,3.0,53871,3039385,2.1,24.9
13299,"Ware, GA",2002,0.08,-0.15,0.01,0.0,-0.37,-0.39,1.57,0.32,0.23,0.48,0.08,-0.37,-0.87,0.05,1.0,0.21,-0.33,0.39,-0.16,0.02,0.07,35203,,,5.4,21697,1279406,1.2,
13299,"Ware, GA",2003,0.16,0.01,-0.01,0.04,0.35,-1.4,-1.56,-0.6,-0.11,0.84,0.07,0.35,-0.38,0.0,-2.2,-0.15,0.08,-0.33,0.34,0.01,0.37,35222,,,5.2,22254,1249867,-2.3,
13299,"Ware, GA",2004,-0.04,0.01,,0.04,-0.04,1.24,0.85,-0.09,-0.86,,0.02,-0.04,0.77,-0.04,9.63,-0.1,5.42,0.23,0.35,0.03,0.47,34991,,,5.3,23388,1359575,8.8,
13299,"Ware, GA",2005,0.06,-0.01,0.01,0.1,0.27,-2.24,2.09,0.22,-0.08,-0.18,0.22,0.27,-0.29,-0.01,1.07,-0.02,-1.13,0.77,0.64,-0.01,0.68,35011,,,5.5,24373,1373032,1.0,
13299,"Ware, GA",2006,0.1,0.0,0.01,0.06,-0.03,-0.23,0.98,0.17,-0.65,0.72,0.18,-0.03,-0.04,0.05,1.95,0.16,0.02,-0.14,-0.11,-0.06,0.17,35624,,,4.9,24788,1390873,1.3,
13299,"Ware, GA",2007,-0.07,0.0,,0.05,-0.07,0.37,-1.05,-0.3,-0.39,,0.13,-0.07,0.14,-0.07,-4.31,,-2.8,-0.69,,0.14,-0.03,36016,,,4.9,25567,1325465,-4.7,
13299,"Ware, GA",2008,-0.05,-0.01,0.0,-0.11,-0.55,0.28,-0.55,-0.42,-0.86,0.46,0.0,-0.55,-0.31,-0.18,-3.21,-0.57,-0.41,-0.08,-0.4,0.0,-0.41,36065,,,6.7,26157,1271470,-4.1,
13299,"Ware, GA",2009,-0.22,0.0,,0.21,0.22,-0.43,-0.61,2.19,-0.12,,-0.09,0.22,-0.67,-0.09,1.91,-0.15,1.8,-0.75,-0.48,-0.05,-0.62,35985,,,10.9,26698,1294291,1.8,
13299,"Ware, GA",2010,0.1,0.01,0.04,0.38,-0.49,2.98,1.91,-0.76,0.1,0.02,-0.07,-0.49,-0.34,-0.02,3.57,1.03,-1.18,0.09,0.1,0.02,0.11,36308,18086.0,18222.0,10.9,27296,1341806,3.7,12.2
13299,"Ware, GA",2011,0.03,-0.01,-0.06,-0.03,0.02,-1.5,-0.08,0.03,-0.67,0.09,-0.17,0.02,-0.04,-0.03,-1.01,-0.3,1.07,-0.35,0.21,0.0,0.08,36279,18087.0,18192.0,11.0,27910,1319218,-1.7,13.4
13299,"Ware, GA",2012,0.12,0.0,,-0.09,-0.2,-1.76,0.01,0.19,-0.37,,-0.12,-0.2,-0.02,0.01,-2.58,-0.21,-0.91,0.06,0.12,-0.06,0.1,35896,17872.0,18024.0,10.0,27600,1280274,-3.0,14.0
13299,"Ware, GA",2013,0.1,0.0,0.0,0.29,0.41,-0.52,-0.23,-0.31,-1.01,0.04,0.08,0.41,-0.09,0.06,1.77,0.17,1.27,0.35,0.06,0.03,0.35,35745,17788.0,17957.0,9.3,27966,1289956,0.8,13.9
13299,"Ware, GA",2014,-0.08,0.01,0.0,0.06,-0.5,-0.18,0.57,0.2,-0.19,-0.32,0.29,-0.5,0.09,0.08,1.39,0.22,0.34,0.17,0.31,-0.03,0.22,35520,17573.0,17947.0,7.9,29119,1305521,1.2,13.1
13299,"Ware, GA",2015,0.26,-0.02,0.01,0.36,0.48,0.15,1.2,-0.07,0.28,0.89,-0.16,0.48,0.05,0.16,5.15,0.26,-0.02,0.69,0.92,0.06,0.29,35337,17544.0,17793.0,6.6,30476,1376366,5.4,12.9
13299,"Ware, GA",2016,0.24,0.0,0.0,-0.04,0.36,0.05,1.55,-0.63,0.28,-0.47,0.16,0.36,0.35,0.3,2.58,0.01,-0.42,0.58,-1.02,0.11,1.41,35675,17719.0,17956.0,6.1,31173,1415626,2.9,12.8
13299,"Ware, GA",2017,-0.01,0.12,0.0,0.41,0.03,0.14,2.66,-0.11,0.31,-1.2700000000000002,0.06,0.03,0.0,-0.16,2.57,-0.06,-0.34,0.39,-0.07,-0.06,1.42,35705,17784.0,17921.0,5.1,32143,1456309,2.9,13.5
13299,"Ware, GA",2018,-0.08,0.01,0.0,0.1,-0.17,0.34,0.05,-0.21,-0.07,-0.74,0.03,-0.17,0.14,0.01,0.29,-0.21,0.29,0.57,-0.03,-0.04,0.33,35703,17887.0,17816.0,4.4,32631,1459582,0.2,13.9
13299,"Ware, GA",2019,0.23,-0.01,,-0.04,-0.15,-0.18,-1.41,-0.51,-0.02,,-0.03,-0.15,-0.41,0.03,-3.0,0.05,-1.07,0.28,-0.35,-0.03,0.08,35816,17912.0,17904.0,4.3,33225,1415513,-3.0,15.2
13299,"Ware, GA",2020,-0.67,-0.04,,-0.57,0.23,-0.35,-1.86,0.3,-0.67,,-0.14,0.23,-0.14,-0.22,-5.39,-0.66,-0.63,0.14,-1.02,0.03,-0.18,36231,18171.0,18060.0,6.3,36387,1329655,-6.1,15.2
13299,"Ware, GA",2021,0.54,0.07,,0.46,-0.13,-0.16,-1.12,-0.45,0.27,,0.02,-0.13,0.13,0.08,0.22,0.61,0.23,0.14,-0.15,0.02,0.19,35554,17718.0,17836.0,4.2,39656,1336083,0.5,14.3
13299,"Ware, GA",2022,0.3,0.07,0.0,0.05,-0.38,1.32,-1.03,-0.39,0.14,1.43,-0.02,-0.38,-0.05,0.11,3.11,0.6,0.92,-0.04,0.4,-0.12,-0.01,35608,17721.0,17887.0,3.6,39208,1379507,3.3,15.1
13299,"Ware, GA",2023,0.08,0.02,0.0,-0.2,0.11,-0.68,-0.91,0.19,0.18,0.52,0.05,0.11,-0.21,-0.14,0.13,-0.3,0.02,1.5,-0.02,0.01,-0.12,36263,18262.0,18001.0,4.0,39743,1383699,0.3,15.0
13301,"Warren, GA",2002,0.01,0.06,-0.01,-0.01,-1.76,-1.79,-2.87,0.49,1.25,0.11,0.16,-1.68,-0.02,0.01,-11.17,-0.01,1.55,0.26,-0.4,0.17,-1.24,6270,,,10.6,19386,133361,-9.9,
13301,"Warren, GA",2003,0.08,-0.17,0.05,0.07,0.83,-1.6,0.05,-1.18,0.4,0.13,-0.5900000000000001,1.35,-0.11,-0.12,-3.03,0.21,0.6,0.3,-0.66,-0.23,-0.76,6229,,,9.9,20175,129852,-2.6,
13301,"Warren, GA",2004,,0.05,0.11,-0.13,,,3.29,-0.48,-2.3699999999999997,0.01,,,-0.12,-0.07,5.67,,-0.07,1.09,0.35,0.0,0.86,6195,,,7.0,21603,134098,3.3,
13301,"Warren, GA",2005,0.23,-0.05,-0.09999999999999999,-0.02,,,-2.69,,-0.71,-0.51,-0.21,,-0.08,-0.09,-2.28,0.09,,-0.1,,0.01,,6153,,,10.2,22169,130092,-3.0,
13301,"Warren, GA",2006,,-0.06,0.0,0.46,0.33,-0.08,-2.39,-0.03,-0.18,0.28,-0.09,-0.25,0.3,-0.12,-5.37,,-2.68,-0.19,,-0.01,0.62,6038,,,8.2,22977,122862,-5.6,
13301,"Warren, GA",2007,,,-0.08,-0.26,-0.13,1.48,-0.6,-0.23,0.31,-0.82,-0.05,0.66,-0.09,-0.12,11.5,-0.16,5.42,-0.31,,0.02,1.7400000000000002,5981,,,7.5,24458,137370,11.8,
13301,"Warren, GA",2008,-0.09,,0.0,0.0,-0.91,-2.22,0.86,,-0.59,-0.1,,-1.68,0.88,,1.94,-0.06,,-0.11,-0.62,-0.03,1.7400000000000002,5942,,,10.5,25188,139232,1.4,
13301,"Warren, GA",2009,0.0,,0.11,-0.01,,,-2.34,1.12,-0.32,0.21,,,0.46,-0.13,-3.79,0.37,3.17,0.14,-1.03,0.01,-1.5500000000000005,5914,,,18.1,25912,133513,-4.1,
13301,"Warren, GA",2010,0.0,0.18,-0.09999999999999999,0.09,,,3.29,-0.74,-0.2,-0.08,-0.26,,0.74,,4.98,-0.04,-0.67,-0.48,,-0.09,1.6,5782,2673.0,3109.0,17.0,26143,139902,4.8,4.7
13301,"Warren, GA",2011,-0.02,-0.01,-0.08,0.12,,,-0.14,-0.63,-0.47,0.22,,,1.15,0.12,3.11,0.25,0.11,0.02,,-0.01,1.7400000000000002,5679,2606.0,3073.0,16.3,27164,143595,2.6,5.9
13301,"Warren, GA",2012,,0.09,-0.06,0.19,,,3.29,0.45,-0.21,-0.01,,,-2.18,0.22,0.65,0.21,-4.765000000000001,-0.3,1.35,-0.01,1.7400000000000002,5546,2583.0,2963.0,14.7,27113,144228,0.4,6.5
13301,"Warren, GA",2013,-0.06,-0.07,-0.09999999999999999,0.19,,,3.29,0.16,-0.18,-0.1,-0.01,,-0.26,0.14,10.15,0.22,2.13,0.09,1.03,0.08,1.7400000000000002,5520,2583.0,2937.0,11.9,27808,158611,10.0,7.3
13301,"Warren, GA",2014,,-0.02,-0.05,-0.24,,,,,0.04,-0.1,,,,-0.03,-1.93,0.01,,0.07,0.85,0.02,1.2,5459,2572.0,2887.0,9.7,29162,155608,-1.9,8.0
13301,"Warren, GA",2015,0.01,-0.15,-0.04,0.33,0.34,0.14,2.05,-0.91,-0.03,-0.17,0.0,0.11,-0.38,-0.04,1.48,-0.47,0.6,0.01,0.17,0.0,0.55,5375,2527.0,2848.0,7.9,31139,157867,1.5,12.5
13301,"Warren, GA",2016,0.03,-0.01,0.07,0.15,-0.39,0.08,0.72,-0.08,-0.39,-0.12,,-0.01,-0.19,-0.23,-10.46,0.35,0.05,-0.01,,0.0,-1.5500000000000005,5355,2533.0,2822.0,8.0,31578,140739,-10.8,12.1
13301,"Warren, GA",2017,-0.03,0.0,-0.03,0.13,-1.57,-0.15,3.29,-1.55,0.26,-0.29,,-0.22,-0.07,-0.14,-0.78,0.13,-0.71,-0.19,,-0.14,-1.36,5263,2479.0,2784.0,6.7,32723,140014,-0.5,13.7
13301,"Warren, GA",2018,0.08,0.01,0.11,0.17,0.06,3.26,0.7,,0.09,-0.44,-0.03,4.79,0.0,0.07,12.75,0.44,,-0.06,,0.0,,5227,2441.0,2786.0,5.7,34115,157990,12.8,13.4
13301,"Warren, GA",2019,-0.01,0.03,0.06,0.17,-0.07,-3.25,3.29,0.3,0.13,-0.05,,1.5,0.12,-0.05,0.64,0.0,,0.07,-0.11,0.0,,5220,2436.0,2784.0,5.6,35521,159204,0.8,12.3
13301,"Warren, GA",2020,-0.06,0.02,0.11,,0.71,-0.04,-1.3,0.1,-0.59,0.22,,3.98,0.12,0.14,8.11,0.19,,-0.22,1.35,0.0,0.06,5212,2451.0,2761.0,7.7,40135,171182,7.5,10.5
13301,"Warren, GA",2021,0.18,0.04,0.07,0.23,-0.65,1.23,-2.87,0.23,0.29,-0.11,0.08,-0.31,-0.17,-0.03,-6.37,0.45,-2.89,-0.12,-0.68,0.0,0.44,5215,2483.0,2732.0,5.3,41872,160765,-6.1,9.2
13301,"Warren, GA",2022,-0.03,-0.06,-0.08,0.15,-0.31,-0.98,1.42,0.01,0.65,0.49,,-2.33,0.12,0.05,-3.26,-0.29,,-0.05,0.1,0.0,,5168,2483.0,2685.0,4.5,41268,156570,-2.6,11.1
13301,"Warren, GA",2023,0.13,0.0,-0.08,-0.04,0.2,0.05,2.16,-0.01,0.38,-0.21,0.06,-0.89,0.04,-0.12,5.93,-0.07,-0.55,0.26,-0.03,0.26,0.67,5108,2436.0,2672.0,4.7,42403,166457,6.3,12.7
13303,"Washington, GA",2002,-0.08,0.01,0.01,0.03,-0.57,0.05,-0.67,0.26,0.18,-0.41,0.1,-0.54,-0.13,0.03,-1.26,0.16,0.15,0.13,-0.55,0.14,0.07,21000,,,5.8,20182,814108,-1.1,
13303,"Washington, GA",2003,,,,0.02,1.06,0.15,0.66,-0.63,-0.42,0.02,-0.09,4.26,-0.07,0.01,3.94,-0.12,-0.01,0.47,-0.62,-0.04,0.05,21110,,,6.0,20824,842764,3.5,
13303,"Washington, GA",2004,-0.05,-0.02,0.03,-0.13,-0.13,1.3,2.06,-0.36,0.43,-0.29,-0.17,-4.23,0.0,-0.1,-1.8,-1.01,0.29,0.09,0.46,0.02,0.19,21088,,,5.5,22089,831253,-1.4,
13303,"Washington, GA",2005,-0.03,0.01,-0.03,0.23,-0.35,-1.65,0.15,0.6,-0.59,-0.03,0.07,-4.869999999999999,0.13,0.15,-7.12,-0.46,0.06,0.65,-0.15,0.04,0.28,20155,,,6.6,24283,767163,-7.7,
13303,"Washington, GA",2006,0.14,-0.01,0.0,0.18,0.5,-0.06,-0.86,-0.15,-0.59,-0.23,0.04,-2.17,0.84,0.02,-1.0,0.29,0.6,-0.16,0.03,0.26,0.17,20805,,,5.8,24610,754966,-1.6,
13303,"Washington, GA",2007,-0.01,0.01,-0.02,0.12,0.56,0.07,-0.05,0.33,-0.51,-0.21,0.05,-2.89,0.32,0.12,-3.04,-0.4,0.64,-0.52,-1.21,0.26,0.37,21155,,,5.7,25458,728122,-3.6,
13303,"Washington, GA",2008,-0.1,0.0,0.03,0.21,-0.6,0.07,-0.03,0.9,-1.08,-0.16,-0.04,-3.64,0.71,-0.16,-3.16,0.13,1.15,-0.24,-1.2399999999999998,-0.23,-0.07,21202,,,8.0,26899,697206,-4.2,
13303,"Washington, GA",2009,-0.17,0.0,0.0,0.25,0.06,-0.61,-0.45,1.49,-0.15,-0.02,-0.05,-4.7,-0.02,-0.13,-8.24,-0.63,-1.05,-0.19,-1.22,-0.23,-0.23,21240,,,13.7,25034,638749,-8.4,
13303,"Washington, GA",2010,-0.02,0.04,-0.03,-0.2,-1.56,0.84,1.11,-0.47,0.33,0.08,0.0,-3.71,-0.02,-0.19,-0.11,0.12,-0.15,0.02,0.05,0.26,-0.08,21096,10769.0,10327.0,14.4,25682,640095,0.2,10.7
13303,"Washington, GA",2011,-0.15,0.0,-0.01,-0.15,-0.49,-0.25,1.12,0.12,1.12,0.13,0.02,-1.88,-2.43,0.06,-2.41,0.13,1.12,-0.12,0.14,-0.23,0.13,20971,10644.0,10327.0,12.5,28589,631827,-1.3,10.9
13303,"Washington, GA",2012,-0.08,0.0,-0.03,0.23,1.41,0.64,,0.46,0.09,-0.04,0.03,0.59,,-0.02,1.42,-0.03,-0.93,-0.2,-0.34,0.26,0.37,20791,10567.0,10224.0,10.2,30790,641348,1.5,10.9
13303,"Washington, GA",2013,-0.17,-0.02,-0.02,-0.32,1.19,-0.38,,-0.32,-1.0,-0.14,0.18,1.64,,0.01,2.75,0.23,1.6,-0.06,0.64,-0.23,-0.21,20575,10401.0,10174.0,9.6,30294,652579,1.8,11.1
13303,"Washington, GA",2014,0.0,-0.02,0.0,-0.2,-1.79,0.22,-0.81,0.06,-0.75,-0.02,0.0,-1.15,0.83,0.12,-1.92,0.24,-1.94,-0.01,0.94,-0.23,0.21,20549,10395.0,10154.0,8.1,31223,635117,-2.7,11.3
13303,"Washington, GA",2015,-0.03,0.03,-0.05,-0.16,-0.17,-0.03,-0.03,-0.62,-0.32,0.05,-0.04,-0.87,0.87,-0.02,1.32,-0.32,0.91,0.23,0.14,0.26,-0.05,20734,10604.0,10130.0,7.1,31655,641463,1.0,12.9
13303,"Washington, GA",2016,0.08,0.01,-0.01,-0.01,-0.32,-0.31,-0.15,-0.69,-1.17,-0.07,-0.2,-0.92,0.52,-0.07,-2.78,-1.07,-0.11,0.17,0.64,-0.23,-0.26,20349,10254.0,10095.0,5.9,32692,616094,-4.0,12.3
13303,"Washington, GA",2017,-0.02,,-0.08,0.72,-0.21,-0.24,-0.4,-0.66,0.01,-0.06,0.04,0.41,0.18,-0.13,-0.15,0.91,-0.72,0.14,0.95,-0.07,,20313,10241.0,10072.0,5.5,34186,615190,-0.1,13.1
13303,"Washington, GA",2018,0.06,0.0,0.03,,0.09,0.17,-0.74,-0.23,-0.7,0.12,0.0,0.3,-0.2,0.13,-0.15,0.82,-0.57,-0.16,0.18,0.1,-0.14,20418,10399.0,10019.0,4.6,34829,609980,-0.8,14.0
13303,"Washington, GA",2019,0.07,-0.01,-0.01,-0.01,0.04,0.47,-0.21,-0.26,-0.7,-0.02,0.0,-0.05,0.05,0.46,2.73,-0.38,0.65,0.13,0.07,0.26,0.4,20352,10389.0,9963.0,3.9,35152,622346,2.0,12.3
13303,"Washington, GA",2020,-0.21,0.0,-0.05,-0.32,0.53,0.17,-0.84,0.13,-1.5,-0.28,0.01,0.91,-0.06,-0.34,1.29,0.25,1.8,-0.06,-0.33,-0.18,0.35,19957,10235.0,9722.0,5.9,39947,621032,-0.2,15.1
13303,"Washington, GA",2021,0.19,,0.04,,-0.4,0.55,0.66,-0.12,-0.58,0.0,,0.61,0.5,-0.38,2.17,1.42,-2.28,-0.14,1.2,-0.23,0.12,19772,10142.0,9630.0,4.5,42372,630910,1.6,16.2
13303,"Washington, GA",2022,0.11,-0.01,0.01,,-0.36,0.68,-0.35,-0.41,-0.17,0.54,0.0,1.75,0.41,0.32,8.44,1.98,-1.67,-0.2,0.05,0.26,-0.15,19791,10201.0,9590.0,3.7,41789,683066,8.3,17.4
13303,"Washington, GA",2023,-0.08,,0.0,0.03,0.12,0.04,-0.74,-0.31,0.62,-0.08,,-0.58,0.45,-0.04,-7.25,-0.86,-0.37,0.54,-0.09,-0.23,,19891,10273.0,9618.0,3.9,43518,637803,-6.6,17.5
13305,"Wayne, GA",2002,0.02,0.01,0.0,0.08,-0.1,-0.28,-0.5,0.04,0.86,0.13,0.09,-0.1,2.17,0.09,2.84,0.1,0.68,0.62,-0.19,-0.09,0.07,27308,,,5.5,21386,833818,3.7,
13305,"Wayne, GA",2003,,,0.01,0.04,0.88,0.81,-0.37,-0.33,0.64,0.01,-0.03,0.88,2.03,0.07,4.77,-0.07,0.47,0.89,0.2,0.12,0.03,27860,,,5.2,22354,878904,5.4,
13305,"Wayne, GA",2004,,,0.01,,-0.04,0.01,-0.36,-0.08,-0.76,0.07,-0.07,-0.04,2.365,0.06,7.06,0.09,0.28,-0.17,0.11,0.26,0.12,28227,,,5.7,23391,934271,6.3,
13305,"Wayne, GA",2005,,,-0.01,0.05,0.22,-0.39,-0.25,0.45,0.53,-0.11,0.08,0.22,-0.73,0.03,1.78,1.76,0.76,-0.03,-0.18,-0.02,0.08,28522,,,6.1,24360,955791,2.3,
13305,"Wayne, GA",2006,-0.07,0.0,0.0,0.06,0.8,1.26,-0.17,0.56,-0.35,-0.1,0.02,0.8,2.365,0.04,4.96,0.02,-0.41,-0.01,0.13,0.09,0.21,28929,,,5.6,25332,999844,4.6,
13305,"Wayne, GA",2007,-0.08,0.02,,0.46,-0.47,-0.81,,-0.16,-0.57,,0.09,-0.47,,-0.09,-7.21,-0.16,1.16,0.05,-0.05,-0.23,0.29,29421,,,5.4,26366,922115,-7.8,
13305,"Wayne, GA",2008,-0.09,-0.02,0.02,-0.34,-0.62,-1.05,,0.16,-0.36,0.28,0.33,-0.62,,-0.04,-1.39,-0.43,0.43,-0.69,-0.2,0.26,-0.23,30042,,,7.9,26836,905933,-1.8,
13305,"Wayne, GA",2009,-0.06,0.03,0.0,0.09,-0.37,-0.11,,0.79,0.09,0.05,0.06,-0.37,,-0.13,-2.37,-0.33,1.07,-0.75,-0.07,0.12,0.08,30016,,,11.8,26806,885209,-2.3,
13305,"Wayne, GA",2010,0.08,0.01,,0.33,-0.53,1.47,-0.06,-0.49,1.13,,-0.01,-0.53,-2.43,0.1,-6.44,0.47,1.6,-0.18,-0.09,0.26,0.04,30080,15719.0,14361.0,11.9,27599,838214,-5.3,10.9
13305,"Wayne, GA",2011,0.08,-0.02,-0.02,0.01,0.45,-0.78,0.29,0.14,-0.99,0.14,0.02,0.45,2.365,-0.09,6.2,0.12,-0.04,-0.08,0.01,0.26,-0.02,30301,15803.0,14498.0,11.9,28466,881896,5.2,10.7
13305,"Wayne, GA",2012,0.07,0.0,0.0,-0.06,-0.08,-0.26,0.31,0.06,-0.7,0.17,0.42,-0.08,2.365,0.04,4.07,0.26,-2.57,0.08,-0.13,-0.17,0.06,30331,15732.0,14599.0,10.5,27495,911616,3.4,11.3
13305,"Wayne, GA",2013,,,0.01,-0.04,-0.02,0.05,0.18,-0.34,-0.98,0.3,0.1,-0.02,2.365,-0.04,18.91,,-1.36,0.0,0.3,-0.04,-0.07,30009,15596.0,14413.0,9.7,27306,1075103,17.9,11.4
13305,"Wayne, GA",2014,,,0.01,-0.14,-0.45,0.28,-0.04,0.08,-0.47,0.39,-0.01,-0.45,2.365,0.04,22.69,-0.36,0.02,0.0,-0.03,,-0.1,29916,15525.0,14391.0,8.8,28137,1348285,25.4,12.2
13305,"Wayne, GA",2015,-0.03,-0.01,,-0.03,0.59,0.32,0.09,-0.07,-0.05,,-0.08,0.59,-2.43,-0.03,-20.01,-0.39,0.3,-0.01,0.02,0.26,-0.1,29460,14821.0,14639.0,7.3,29359,754198,-44.1,13.1
13305,"Wayne, GA",2016,-0.1,0.0,0.0,-0.07,-0.75,-1.11,0.08,-0.19,-1.69,0.34,-0.13,-0.75,2.365,-0.06,2.99,-0.05,-0.52,0.37,-0.25,0.26,-0.02,30038,15472.0,14566.0,6.6,28522,763997,1.3,13.3
13305,"Wayne, GA",2017,,,0.0,-0.08,-0.21,0.08,0.49,-0.12,0.32,1.03,-0.31,-0.21,2.365,-0.04,11.47,-0.04,-0.19,0.33,0.19,,-0.11,29843,15223.0,14620.0,5.5,29677,854049,11.8,12.7
13305,"Wayne, GA",2018,,,,-0.02,0.23,0.57,0.09,-0.21,-0.13,,-0.1,0.23,-1.45,0.08,-0.64,,0.75,0.27,-0.16,-0.23,0.01,29874,15291.0,14583.0,4.5,31158,847482,-0.8,12.9
13305,"Wayne, GA",2019,-0.03,-0.01,0.01,0.06,-0.45,1.75,-0.07,-0.01,0.08,0.31,0.07,-0.45,2.365,0.03,22.69,,-0.89,-0.23,-0.59,,0.06,30017,15335.0,14682.0,4.0,32353,1228898,45.0,13.0
13305,"Wayne, GA",2020,-0.21,-0.01,,,0.0,0.53,0.24,0.3,-0.43,-0.22,-0.04,0.0,2.365,-0.17,8.32,-0.06,-0.81,-0.08,-0.13,,0.17,30146,15380.0,14766.0,5.3,34891,1325920,7.9,12.6
13305,"Wayne, GA",2021,0.16,0.04,0.01,,-0.11,0.32,-0.04,-0.06,0.41,0.2,0.02,,2.365,-0.08,19.38,0.41,0.76,0.11,0.25,,0.08,30231,15354.0,14877.0,3.6,39037,1588340,19.8,13.5
13305,"Wayne, GA",2022,0.17,0.01,,-0.01,-0.13,-1.25,0.13,-0.09,0.06,0.07,0.01,,-0.91,0.09,-1.33,0.09,0.5,-0.28,-0.08,,0.04,30786,15659.0,15127.0,3.1,38345,1568198,-1.3,14.1
13305,"Wayne, GA",2023,0.03,-0.01,0.01,0.1,0.58,-0.54,0.12,-0.03,-0.06,0.15,0.03,0.58,2.365,-0.12,15.89,0.15,0.01,0.48,0.02,-0.01,0.16,31449,15988.0,15461.0,3.2,39274,1816523,15.8,14.0
13307,"Webster, GA",2002,0.0,0.05,0.0,,,,-0.22,0.2,0.43,0.0,0.14,,-0.12,,1.61,,-2.24,-0.55,-0.78,0.02,0.18,2389,,,4.9,22865,51765,2.0,
13307,"Webster, GA",2003,0.08,0.04,0.03,0.07,2.29,0.77,3.29,-0.35,1.14,0.02,-0.18,2.29,-0.52,,4.97,,-0.33,,-0.68,0.0,,2488,,,5.2,23030,54930,6.1,
13307,"Webster, GA",2004,0.04,0.1,0.01,0.04,,,3.29,-0.15,0.03,0.06,-0.5,,0.32,-0.68,-12.84,0.06,-0.59,0.13,1.06,-0.02,0.32,2549,,,7.2,21588,47894,-12.8,
13307,"Webster, GA",2005,0.09,-0.17,-0.02,-0.03,4.29,0.36,3.29,0.25,-1.31,-0.02,-0.15,4.79,0.57,0.0,22.69,-0.08,0.74,,0.02,-0.02,,2576,,,6.3,22306,58360,21.9,
13307,"Webster, GA",2006,-0.11,-0.15,-0.03,,-3.6,-1.37,3.29,0.02,-0.9,-0.03,-0.09,-3.58,0.55,,-1.63,0.53,-0.99,,0.0,0.0,0.03,2630,,,4.4,21010,56882,-2.5,
13307,"Webster, GA",2007,,-0.05,0.0,-0.09,,,3.29,0.22,0.78,-0.05,-0.04,,-2.25,-0.38,-2.23,,1.31,,0.66,0.0,0.42,2735,,,4.5,20913,56053,-1.5,
13307,"Webster, GA",2008,-0.01,0.06,0.01,-0.03,4.29,0.04,3.29,0.16,0.66,0.02,0.0,4.79,1.45,0.28,15.37,0.0,-0.74,1.93,0.99,0.0,1.02,2710,,,5.3,22108,65042,16.0,
13307,"Webster, GA",2009,0.03,0.03,0.04,,2.98,0.46,-2.87,0.36,0.32,0.02,0.02,3.0,0.11,,-8.49,,1.45,-0.67,-1.23,0.0,-0.86,2772,,,10.0,21657,59724,-8.2,
13307,"Webster, GA",2010,0.02,0.18000000000000002,0.04,0.1,0.38,0.93,3.29,0.09,0.07,0.05,0.02,0.37,-0.84,0.1,13.53,0.15,0.67,0.88,,0.0,,2781,1359.0,1422.0,12.8,23030,67848,13.6,7.9
13307,"Webster, GA",2011,,-0.01,-0.01,0.08,0.33,0.01,1.92,-0.02,-1.16,0.02,0.0,0.3,-0.66,-0.45,4.36,0.09,1.88,0.84,,0.0,,2764,1373.0,1391.0,11.4,27150,70024,3.2,11.8
13307,"Webster, GA",2012,0.01,0.08,-0.01,,-4.32,0.14,3.29,0.0,-0.56,0.04,-0.02,-4.869999999999999,0.05,,-0.53,,2.47,-0.89,-0.47,0.0,-0.45,2766,1380.0,1386.0,9.8,29254,69262,-1.1,11.9
13307,"Webster, GA",2013,-0.03,-0.13,-0.03,-0.09,-4.32,-0.85,0.99,,-0.85,-0.04,-0.02,-4.52,-0.01,,-3.89,-0.14,,0.1,,0.0,-1.25,2670,1340.0,1330.0,9.2,30401,65975,-4.7,11.2
13307,"Webster, GA",2014,-0.01,-0.01,-0.01,-0.02,,,-2.87,0.16,-0.27,-0.02,-0.01,,0.11,-0.02,-20.01,-0.04,-4.21,0.89,0.44,0.0,0.0,2612,1310.0,1302.0,8.7,29563,51650,-21.7,6.0
13307,"Webster, GA",2015,0.03,-0.17,0.03,-0.08,4.29,-0.34,1.34,0.26,-0.13,-0.03,0.04,4.79,-0.08,0.02,13.78,-0.09,0.08,-0.47,1.35,0.0,0.35,2632,1321.0,1311.0,9.5,30729,58699,13.6,7.6
13307,"Webster, GA",2016,-0.01,0.0,-0.01,0.03,0.93,,,-0.15,-0.31,,0.02,0.86,-0.09,,-1.71,0.04,0.09,0.09,-1.2399999999999998,0.0,0.06,2607,1308.0,1299.0,7.8,31983,57516,-2.0,9.4
13307,"Webster, GA",2017,0.13,-0.02,0.02,,,,-1.1,0.04,-0.76,0.08,-0.02,,-0.06,,1.78,,-0.47,2.0,-0.41,0.0,-0.32,2586,1300.0,1286.0,6.8,34027,58098,1.0,11.3
13307,"Webster, GA",2018,-0.02,-0.01,-0.08,,-4.32,-0.11,-2.87,,-0.48,,-0.03,-4.869999999999999,-0.06,,-7.53,,,2.0,0.7,0.0,-0.01,2575,1265.0,1310.0,5.6,34592,53443,-8.0,11.7
13307,"Webster, GA",2019,-0.06,0.0,0.01,0.52,,-0.04,3.29,,-0.01,-0.08,0.0,,,-0.03,7.61,0.5,-4.765000000000001,-1.23,,0.0,0.55,2573,1273.0,1300.0,4.6,37789,57506,7.6,14.7
13307,"Webster, GA",2020,-0.13,0.01,0.0,0.44,1.79,0.06,3.29,,0.0,-0.09,0.0,1.79,0.18,-0.07,9.24,0.46,,,,,0.35,2352,1161.0,1191.0,5.3,40094,62823,9.2,11.0
13307,"Webster, GA",2021,0.01,-0.01,-0.01,0.47,,0.67,3.29,0.12,-0.15,0.0,0.0,-2.24,0.04,-0.13,5.02,0.45,-3.65,,,,-1.41,2364,1150.0,1214.0,4.2,41294,65885,4.9,13.6
13307,"Webster, GA",2022,0.0,0.0,0.0,0.05,-0.34,-0.56,-2.87,0.35,0.26,,0.0,,,,-5.94,0.08,-0.96,,,0.0,-0.16,2351,1151.0,1200.0,3.4,39860,62143,-5.7,9.3
13307,"Webster, GA",2023,,0.0,0.0,-0.14,-0.04,0.04,3.29,0.19,-0.71,0.23,0.0,-0.03,0.0,-0.11,7.61,,-0.54,,,0.0,0.08,2367,1149.0,1218.0,3.4,43964,66432,6.9,11.3
13309,"Wheeler, GA",2002,0.48,0.02,0.0,1.12,0.79,0.37,-0.09,0.54,0.76,1.5300000000000002,0.33,0.79,0.02,0.27,7.3,1.31,0.34,0.56,0.33,0.26,-0.11,6584,,,6.6,15475,105266,8.1,
13309,"Wheeler, GA",2003,-0.36,-0.04,0.02,1.12,4.29,1.33,-0.26,-0.06,1.03,0.16,0.67,4.79,0.1,,9.96,1.4,-0.45,0.67,,0.18,0.15,6576,,,6.2,16097,116834,11.0,
13309,"Wheeler, GA",2004,-0.07,0.03,0.01,,,0.68,,0.0,-0.73,0.67,0.54,,0.02,,1.46,,-0.72,-0.14,1.35,0.16,0.05,6500,,,6.0,16567,117688,0.7,
13309,"Wheeler, GA",2005,-0.24,-0.04,-0.01,-0.19,,,-0.04,1.6,-0.4,0.68,0.54,,0.02,-0.04,2.4,-0.2,0.65,0.31,-0.28,-0.07,0.62,6701,,,6.3,15984,120040,2.0,
13309,"Wheeler, GA",2006,-0.35,-0.05,-0.01,,-0.05,-1.54,-0.03,-1.07,-0.12,-0.97,,-0.05,-0.12,-0.11,-3.98,,-0.78,-0.25,0.37,-0.07,,6954,,,5.5,15379,115118,-4.1,
13309,"Wheeler, GA",2007,-0.24,0.0,-0.01,-0.45,-2.22,,,0.25,-0.56,-0.59,,-2.22,0.0,-0.31,-2.88,-0.41,1.36,-0.57,,0.1,0.58,6918,,,5.1,15161,111151,-3.4,
13309,"Wheeler, GA",2008,-0.07,0.0,-0.01,0.18,-4.32,,,0.25,-1.4,1.5300000000000002,,-4.869999999999999,-0.08,,-2.21,0.23,1.25,-0.04,-0.51,0.26,0.2,7018,,,7.2,14699,107144,-3.6,
13309,"Wheeler, GA",2009,0.03,0.01,-0.02,-0.98,4.29,,,0.74,-0.63,1.2,,4.79,0.06,,7.04,-1.66,0.93,-0.05,-0.24,-0.23,-0.52,7150,,,9.6,14530,114010,6.4,
13309,"Wheeler, GA",2010,0.08,0.06,-0.08,1.05,-0.6,,,-0.44,0.28,-1.2700000000000002,0.46,-0.6,-0.02,-0.5,-0.34,0.97,-0.13,0.12,1.35,0.15,0.03,7770,4921.0,2849.0,15.0,14936,113939,-0.1,8.6
13309,"Wheeler, GA",2011,-0.02,0.01,,1.12,-1.07,3.26,-0.01,0.4,-0.13,,-0.26,-1.07,0.05,-0.18,9.32,1.98,3.38,-0.05,0.8,0.26,-0.5,8078,5248.0,2830.0,14.5,16049,124412,9.2,8.1
13309,"Wheeler, GA",2012,-0.21,0.1,0.0,1.12,4.29,-3.05,-0.01,0.34,0.25,-0.27,-0.14,4.79,-0.02,0.02,4.14,1.9,-1.68,-0.07,0.65,0.26,0.03,7932,5156.0,2776.0,13.2,17234,129876,4.4,8.4
13309,"Wheeler, GA",2013,-0.03,0.0,-0.01,0.49,-4.32,-0.44,0.0,-0.09,-1.16,-0.82,0.36,-4.869999999999999,0.0,-0.06,-7.88,0.55,-1.84,0.13,0.07,-0.23,0.0,7934,5161.0,2773.0,12.6,17697,118140,-9.0,8.5
13309,"Wheeler, GA",2014,-0.03,0.04,-0.01,0.52,-2.76,0.2,-0.01,0.43,-0.89,-1.2700000000000002,,-2.76,-0.04,,-2.85,0.54,0.48,0.03,-0.42,-0.23,,7984,5188.0,2796.0,12.4,17443,113733,-3.7,8.1
13309,"Wheeler, GA",2015,,-0.02,-0.01,-0.32,1.03,0.45,-0.01,-0.53,-0.19,-1.2700000000000002,0.67,1.03,0.01,,-2.51,-0.29,0.69,-0.25,-0.1,-0.16,0.06,7909,5132.0,2777.0,11.0,18100,110661,-2.7,5.6
13309,"Wheeler, GA",2016,0.32,,0.0,-0.98,2.64,0.02,0.03,-1.56,0.06,,0.41,2.64,-0.01,0.11,-0.98,-1.59,-0.62,-0.02,-1.2,0.26,0.23,8012,5206.0,2806.0,4.4,18105,109649,-0.9,4.9
13309,"Wheeler, GA",2017,0.08,-0.17,0.0,-0.96,-1.36,-0.13,-0.03,-0.23,0.48,-0.75,-0.5900000000000001,-1.36,-0.01,0.29,-5.46,-0.94,-0.08,-0.08,-0.4,-0.23,-0.13,7958,5169.0,2789.0,4.3,18974,104184,-5.0,8.1
13309,"Wheeler, GA",2018,-0.09,-0.04,0.0,1.12,,,0.0,-0.67,0.05,-0.11,,,0.01,,0.42,1.51,0.57,-0.22,-0.44,-0.17,0.14,7891,5127.0,2764.0,3.5,19004,104675,0.5,12.8
13309,"Wheeler, GA",2019,0.68,-0.17,0.0,-0.98,,0.44,,0.27,-0.59,0.01,,,0.01,-0.06,-2.14,-1.28,,0.29,-0.5,0.14,-0.75,7870,5103.0,2767.0,3.7,19643,101820,-2.7,13.6
13309,"Wheeler, GA",2020,0.7700000000000001,-0.15,0.01,-0.98,1.98,1.47,-0.11,-0.18,-1.32,0.0,-0.08,1.98,0.02,-0.21,2.01,-1.61,,0.56,,0.26,-0.39,7451,4846.0,2605.0,3.8,22481,102516,0.7,15.1
13309,"Wheeler, GA",2021,0.18,0.18000000000000002,0.02,0.95,0.76,,,0.18,0.24,0.09,,0.76,0.02,-0.32,15.85,1.07,1.81,-0.37,,-0.23,0.03,7742,5131.0,2611.0,2.9,23830,119014,16.1,9.1
13309,"Wheeler, GA",2022,0.39,0.18000000000000002,0.01,1.12,-4.19,-3.25,0.01,0.1,-0.2,,0.02,-4.19,-0.01,0.05,-6.48,1.98,,-0.25,-0.7,-0.23,0.05,7307,4679.0,2628.0,2.5,23466,111061,-6.7,12.8
13309,"Wheeler, GA",2023,-0.7000000000000002,0.1,,1.12,2.02,,,-0.33,-0.37,,0.04,2.02,0.01,-0.18,3.84,1.98,-0.19,0.32,-0.34,0.08,-0.08,7097,4483.0,2614.0,2.7,24588,114918,3.5,12.2
13311,"White, GA",2002,-0.1,0.03,,-0.09,-2.97,2.1,0.88,0.02,1.12,,0.13,-2.97,0.02,0.31,0.84,-0.44,0.48,1.09,,0.06,,22281,,,4.1,22726,562046,2.0,
13311,"White, GA",2003,0.48,-0.02,-0.09999999999999999,0.11,-0.67,1.82,-0.96,-1.03,0.56,0.06,-0.11,-0.67,-0.02,0.15,-0.23,-1.52,0.83,0.52,0.34,-0.07,0.14,23178,,,3.8,22930,563863,0.3,
13311,"White, GA",2004,0.31,0.06,-0.09999999999999999,-0.12,2.19,-0.51,,0.11,0.02,0.56,0.0,2.19,,0.2,4.28,,0.86,-0.44,,-0.01,,24015,,,4.0,24483,588116,4.3,
13311,"White, GA",2005,0.25,0.12,,-0.07,-0.92,1.67,0.31,1.18,0.57,,0.18,-0.92,-0.51,0.14,4.76,0.7,0.95,0.14,-0.08,-0.01,0.28,24690,,,4.4,24918,619457,5.3,
13311,"White, GA",2006,0.64,0.06,-0.08,-0.05,,,2.2,0.46,-0.21,-0.01,0.23,,-0.12,-0.32,-2.25,-0.23,-0.32,-0.2,-0.09,-0.02,0.42,25575,,,3.7,25196,604212,-2.5,
13311,"White, GA",2007,-0.36,-0.17,0.11,,,,-2.73,0.09,0.02,-0.05,0.44,,-0.06,-0.08,-1.81,,2.2,-1.01,,,,26173,,,3.6,26224,593431,-1.8,
13311,"White, GA",2008,-0.7000000000000002,-0.1,0.11,,2.0,-0.21,0.03,-0.14,-1.35,0.16,0.26,2.0,0.05,-0.12,-0.56,-0.24,-1.59,-0.03,,,-0.09,26626,,,5.6,27461,582099,-1.9,
13311,"White, GA",2009,-0.59,-0.03,0.11,,0.18,-1.8,-2.87,1.15,-0.09,-0.13,0.05,0.18,0.1,0.24,-3.63,,1.28,0.39,-0.17,-0.01,,26949,,,9.8,26103,560410,-3.7,
13311,"White, GA",2010,0.17,0.1,0.11,0.22,-0.78,1.53,3.29,-1.1,-0.4,-0.05,0.06,-0.78,-0.03,0.02,12.05,0.11,3.88,1.05,0.34,-0.02,0.65,27201,13289.0,13912.0,10.1,26585,625677,11.6,19.6
13311,"White, GA",2011,0.16,0.01,0.11,0.26,-1.52,-0.01,,0.05,-0.27,0.0,-0.24,-1.52,,-0.13,2.45,,-1.82,-0.75,,,,27401,13350.0,14051.0,9.7,27370,639280,2.2,19.6
13311,"White, GA",2012,0.19,0.18000000000000002,0.11,0.03,4.29,-0.21,3.29,0.2,-0.12,-0.1,-0.11,4.73,-0.07,0.0,14.79,0.05,5.42,-1.02,0.52,0.0,0.23,27626,13460.0,14166.0,8.5,29033,733054,14.7,20.0
13311,"White, GA",2013,0.28,-0.03,0.11,0.21,-0.22,-0.81,,-0.27,-0.92,0.17,0.25,-0.21,,0.06,0.07,0.2,0.1,-0.66,0.81,0.02,0.1,27831,13591.0,14240.0,7.3,29751,726840,-0.8,19.3
13311,"White, GA",2014,0.45,0.09,0.11,0.05,2.18,0.83,0.03,0.24,0.01,0.69,0.09,2.19,0.16,0.22,7.41,0.17,0.66,0.08,0.38,0.0,0.21,28025,13722.0,14303.0,6.3,32407,780707,7.4,19.4
13311,"White, GA",2015,0.17,-0.16,-0.09999999999999999,-0.07,0.71,-0.08,-2.06,-0.4,-0.21,1.26,0.19,0.7,0.23,-0.04,3.98,,2.84,0.65,0.8,,,28389,13876.0,14513.0,5.3,34495,810168,3.8,20.7
13311,"White, GA",2016,0.28,0.03,0.11,,-1.06,0.09,-0.5,-0.23,0.07,0.47,0.04,-1.06,0.21,-0.01,0.14,0.05,-0.37,0.82,0.1,0.03,-0.13,28793,14111.0,14682.0,5.6,35350,811861,0.2,20.8
13311,"White, GA",2017,0.58,-0.07,0.11,-0.12,0.43,-0.38,1.71,-0.29,0.52,0.12,0.09,0.43,0.17,-0.1,4.34,0.07,0.95,0.73,0.23,-0.03,-0.23,29429,14402.0,15027.0,4.6,37509,851350,4.9,20.2
13311,"White, GA",2018,0.7700000000000001,0.04,0.11,0.09,0.6,0.51,-0.51,-0.65,0.21,-0.13,0.01,0.6,0.02,0.11,-1.93,0.2,-3.58,0.56,-0.31,0.01,0.07,29893,14596.0,15297.0,3.6,38852,836682,-1.7,21.4
13311,"White, GA",2019,0.73,0.02,0.11,0.0,-1.83,0.5,1.26,0.61,0.07,-0.2,-0.02,-1.83,0.13,0.1,7.1,,5.34,0.32,-0.31,,,30601,14945.0,15656.0,3.2,40600,896679,7.2,22.7
13311,"White, GA",2020,-0.7000000000000002,-0.01,-0.09999999999999999,,-1.96,0.45,-1.5,0.43,-0.21,-0.31,-0.05,-1.96,-0.09,-0.12,-8.87,-0.24,-4.16,-0.15,-0.08,-0.05,0.1,28114,13823.0,14291.0,5.3,43656,815262,-9.1,20.2
13311,"White, GA",2021,0.7700000000000001,0.18,0.11,0.15,1.76,0.4,0.93,0.22,0.5,-0.07,0.15,1.76,0.19,0.03,10.96,0.38,4.22,0.26,-0.11,0.0,-0.03,28404,13974.0,14430.0,3.0,48170,908673,11.5,21.8
13311,"White, GA",2022,0.22,0.0,0.11,0.23,3.05,0.91,1.31,0.04,0.28,0.38,0.11,3.05,0.05,0.18,4.96,0.57,,-0.31,0.02,,0.09,28810,14156.0,14654.0,2.9,48617,956316,5.2,23.1
13311,"White, GA",2023,0.21,0.08,-0.09999999999999999,0.11,-2.19,-0.27,-0.23,0.02,0.22,0.27,-0.02,-2.19,-0.07,-0.12,-3.95,0.28,-1.0,0.96,,-0.02,,29056,14232.0,14824.0,2.8,50043,920697,-3.7,24.3
13313,"Whitfield, GA",2002,0.04,-0.04,0.0,0.37,-0.09,0.01,-0.02,0.07,0.2,0.25,0.12,-0.05,2.365,0.08,3.9,-0.84,-0.21,0.16,0.58,0.03,0.02,88041,,,4.4,28485,5252907,4.1,
13313,"Whitfield, GA",2003,0.0,0.02,0.0,0.61,-0.29,-0.23,-0.12,-0.37,0.2,0.06,0.24,-0.28,-2.03,-0.04,1.42,1.75,0.49,0.45,,0.01,,89478,,,4.2,29274,5337878,1.6,
13313,"Whitfield, GA",2004,0.02,0.01,0.01,0.35,,0.05,0.34,-0.27,-0.21,-0.18,0.13,,2.365,0.03,12.6,1.1,-0.18,0.52,,,,91842,,,4.2,29431,5999448,12.4,
13313,"Whitfield, GA",2005,0.04,0.01,0.01,0.27,-0.18,0.14,-0.03,0.22,0.07,0.21,-0.02,-0.25,2.365,0.02,3.76,0.31,-1.63,0.26,,,,94162,,,4.8,28321,6229566,3.8,
13313,"Whitfield, GA",2006,0.01,-0.01,0.02,0.33,,-0.39,0.51,-0.06,-0.07,0.09,-0.29,,-1.26,0.06,-1.8,0.46,-0.88,0.36,,0.0,0.02,96408,,,4.4,28416,6112818,-1.9,
13313,"Whitfield, GA",2007,-0.05,0.01,0.02,-0.01,0.0,-0.26,-0.15,0.04,0.08,-0.02,0.32,-0.06,0.55,0.04,-1.35,-0.44,-0.88,-0.23,-0.4,0.0,0.16,98654,,,4.6,28628,6035568,-1.3,
13313,"Whitfield, GA",2008,-0.15,-0.01,0.0,-0.34,,-0.3,-0.21,-0.02,-0.44,0.36,-0.18,,-2.43,0.0,-5.11,-0.27,0.82,-0.36,,0.01,-0.22,100546,,,7.7,28065,5700695,-5.5,
13313,"Whitfield, GA",2009,-0.17,-0.02,0.0,-0.64,-0.03,-0.31,-0.79,0.65,-0.01,0.1,-0.11,-0.11,-2.43,-0.12,-10.73,-0.54,-0.56,-0.43,0.07,-0.02,-1.52,101009,,,12.8,26354,5088562,-10.7,
13313,"Whitfield, GA",2010,0.03,0.04,-0.01,-0.02,-0.09,-0.07,0.22,-0.24,-0.1,-0.17,0.0,-0.13,-2.43,-0.07,-3.33,0.03,1.22,0.24,,,,102740,51186.0,51554.0,11.7,26763,4914002,-3.4,15.1
13313,"Whitfield, GA",2011,0.0,0.0,-0.01,-0.04,,-0.35,0.2,0.04,-0.33,0.12,-0.06,,0.41,-0.03,1.62,0.77,0.26,-0.14,0.01,,,102909,51344.0,51565.0,11.6,27785,4977323,1.3,14.8
13313,"Whitfield, GA",2012,0.04,0.01,0.0,-0.09,,0.2,-0.19,0.4,-0.1,0.19,-0.11,,0.99,0.04,3.22,0.41,0.55,-0.05,-0.1,,,102926,51241.0,51685.0,10.5,28830,5132671,3.1,14.7
13313,"Whitfield, GA",2013,0.01,-0.01,0.0,-0.28,0.08,-0.21,0.31,0.2,0.12,0.29,-0.09,0.15,2.26,0.0,2.37,-0.18,0.12,0.05,-0.17,0.06,-0.41,102691,51059.0,51632.0,9.5,30317,5260456,2.5,14.0
13313,"Whitfield, GA",2014,0.15,-0.01,0.01,0.13,0.3,0.35,0.41,0.74,-0.19,0.35,-0.39,0.3,1.0,0.11,4.11,0.81,0.41,0.25,0.08,-0.02,-0.44,103039,51191.0,51848.0,7.9,32644,5466636,3.9,14.3
13313,"Whitfield, GA",2015,0.09,-0.03,0.0,-0.18,0.3,0.14,-0.39,-0.64,0.01,0.26,-0.05,0.25,1.28,0.06,1.4,-0.43,0.33,0.26,0.23,0.02,0.02,103621,51554.0,52067.0,6.5,35136,5543739,1.4,14.0
13313,"Whitfield, GA",2016,-0.01,0.01,0.0,-0.15,-0.31,-0.11,0.25,-0.22,-0.08,0.45,-0.04,-0.38,0.97,-0.24,1.61,0.28,0.32,0.11,0.13,0.05,0.03,104314,51879.0,52435.0,5.6,35782,5628530,1.5,13.6
13313,"Whitfield, GA",2017,-0.03,0.01,0.0,0.11,0.1,0.11,-0.03,-0.29,0.11,0.39,-0.05,0.12,1.83,-0.09,-0.55,0.12,-0.82,-0.86,-0.07,-0.01,-0.88,104086,51839.0,52247.0,5.0,36287,5603597,-0.4,14.6
13313,"Whitfield, GA",2018,-0.03,-0.01,-0.01,0.23,-0.01,0.45,0.22,-0.14,0.19,0.29,-0.01,-0.02,-2.43,0.08,0.49,0.8,1.26,-0.12,-0.1,-0.01,0.29,104109,51863.0,52246.0,4.4,38535,5641564,0.7,15.7
13313,"Whitfield, GA",2019,-0.05,-0.02,0.01,0.19,-0.43,0.66,1.08,-0.35,0.04,0.43,0.03,-0.42,-2.43,0.24,0.02,0.8,0.68,0.03,-0.31,0.03,0.1,104265,51900.0,52365.0,4.2,40203,5644665,0.1,15.7
13313,"Whitfield, GA",2020,-0.29,-0.04,-0.01,0.03,-0.1,-0.34,-0.34,0.09,-0.13,-0.43,-0.05,-0.07,-1.01,-0.15,-3.17,0.35,-1.15,0.23,0.15,0.04,-0.17,102794,51374.0,51420.0,6.6,42985,5458151,-3.3,16.4
13313,"Whitfield, GA",2021,0.38,0.05,0.02,-0.05,0.0,0.21,-0.08,0.65,0.09,0.88,0.06,0.03,1.81,-0.06,6.03,0.57,0.49,0.35,0.73,-0.07,0.02,102729,51347.0,51382.0,3.6,46950,5792384,6.1,17.6
13313,"Whitfield, GA",2022,0.27,0.03,0.01,-0.09,0.71,-0.32,0.27,-0.37,0.16,0.31,0.04,0.69,-0.43,0.08,3.67,1.21,2.37,-0.12,-0.24,-0.04,-0.11,103252,51527.0,51725.0,3.5,46258,6014421,3.8,18.6
13313,"Whitfield, GA",2023,0.01,0.0,0.01,0.71,-0.65,-0.1,0.29,-0.15,-0.15,0.45,-0.01,-0.65,-2.09,-0.13,-0.64,1.27,0.28,0.71,-0.25,0.02,-0.29,104147,52101.0,52046.0,3.6,47955,5966879,-0.8,19.3
13315,"Wilcox, GA",2002,0.01,0.02,0.0,0.0,-2.81,0.0,-0.39,0.39,0.47,0.04,,-2.81,-0.09,0.03,-2.64,,-0.7,0.12,0.6,0.06,,8766,,,6.0,19578,154854,-2.2,
13315,"Wilcox, GA",2003,0.01,-0.06,0.02,0.05,1.36,,,-0.54,-0.03,0.21,-0.13,1.36,-0.09,-0.03,2.41,0.01,-0.84,0.27,1.35,-0.2,0.12,8837,,,6.4,19986,158535,2.4,
13315,"Wilcox, GA",2004,,,0.0,0.03,-4.32,,,,-1.04,0.16,-0.28,-4.869999999999999,-0.15,,-7.48,,,0.16,1.1,-0.02,0.06,8882,,,5.6,20176,145023,-8.5,
13315,"Wilcox, GA",2005,0.13,-0.03,0.02,0.0,4.29,0.09,,0.48,-0.68,-0.09,0.01,4.79,,,7.74,,0.01,0.02,,-0.03,,8789,,,6.7,20967,155264,7.1,
13315,"Wilcox, GA",2006,,,-0.01,0.06,-3.44,0.35,,0.11,-1.28,-0.16,,-3.44,,0.02,-5.27,,-0.79,0.21,-1.13,-0.01,0.04,8868,,,5.9,19758,145093,-6.6,
13315,"Wilcox, GA",2007,-0.07,0.01,0.01,-0.03,-4.32,-1.2,-0.02,0.91,0.05,0.11,,-4.869999999999999,0.03,,-5.39,-0.04,1.48,0.12,-0.3,-0.03,,8889,,,5.9,20850,137350,-5.3,
13315,"Wilcox, GA",2008,-0.11,0.0,-0.03,-0.09,-0.41,-0.06,-0.04,,-0.65,-0.21,0.15,-0.41,-0.15,,2.03,-0.15,,-0.18,,-0.02,0.47,9023,,,8.4,21578,139235,1.4,
13315,"Wilcox, GA",2009,,,-0.01,0.1,4.29,1.0,-0.22,1.86,-0.74,-0.33,0.06,4.79,-0.01,-0.33,12.62,0.01,1.47,-0.13,1.04,0.02,-0.75,9156,,,12.0,21365,155778,11.9,
13315,"Wilcox, GA",2010,0.0,0.11,0.0,0.26,-4.32,,,-0.92,-0.26,-0.56,-0.05,-4.869999999999999,-0.02,-0.56,-12.78,0.2,-0.1,0.08,1.35,-0.01,-0.44,9313,5468.0,3845.0,12.3,20131,135473,-13.0,8.8
13315,"Wilcox, GA",2011,-0.05,-0.02,0.0,0.24,4.29,,0.08,0.22,0.52,0.3,,4.79,,0.1,22.69,0.25,3.91,-0.34,,-0.02,0.04,9248,5465.0,3783.0,12.5,23342,172633,27.4,9.2
13315,"Wilcox, GA",2012,-0.02,0.0,,0.01,-4.32,,,0.1,-0.17,,,-4.869999999999999,-0.01,0.13,-3.93,0.03,-2.67,-0.11,,0.0,0.22,9069,5377.0,3692.0,11.5,24222,165551,-4.1,8.2
13315,"Wilcox, GA",2013,-0.01,0.01,-0.03,-0.09,-4.32,,,-0.27,-0.38,0.42,,-4.869999999999999,-0.01,,-14.38,-0.07,1.74,-0.08,-1.2399999999999998,0.0,0.22,9054,5371.0,3683.0,11.0,22919,141115,-14.8,8.6
13315,"Wilcox, GA",2014,0.0,-0.02,0.0,-0.05,-4.32,,,0.35,-0.57,1.23,,-4.869999999999999,0.05,,-13.5,-0.03,-2.26,0.2,-0.63,0.0,-0.02,8929,5282.0,3647.0,9.2,23432,121261,-14.1,8.7
13315,"Wilcox, GA",2015,0.03,,0.0,0.19,4.29,,,-0.75,-0.36,-0.37,,4.79,0.04,-0.29,22.69,0.22,-0.97,-0.22,-0.55,0.0,-0.18,9015,5350.0,3665.0,8.0,24643,148950,22.8,8.5
13315,"Wilcox, GA",2016,0.0,-0.01,,-0.11,3.44,,,-1.16,-0.78,,,3.44,-0.02,,0.85,-0.1,-0.02,-0.02,1.35,0.0,0.08,8834,5260.0,3574.0,6.8,24785,149050,0.1,9.5
13315,"Wilcox, GA",2017,-0.01,-0.01,-0.01,-0.04,3.2,,,-0.84,0.93,-0.46,,3.2,-0.05,-0.31,5.84,-0.05,0.14,,0.89,0.0,0.23,8780,5259.0,3521.0,5.5,26456,159134,6.8,10.5
13315,"Wilcox, GA",2018,0.01,0.0,-0.01,-0.09,1.07,-3.25,-0.01,-0.36,-0.36,0.4,-0.28,1.07,0.0,0.04,-4.49,-0.06,-0.92,0.35,-0.95,0.0,-0.53,8784,5250.0,3534.0,4.9,26180,151423,-4.8,11.4
13315,"Wilcox, GA",2019,,0.0,0.0,0.05,2.53,-0.46,-0.01,0.07,-0.79,0.69,-0.25,2.53,0.0,-0.2,5.06,0.05,,0.17,,0.0,0.09,8607,5154.0,3453.0,4.3,28096,157889,4.3,12.2
13315,"Wilcox, GA",2020,0.03,0.0,0.0,-0.22,-4.32,0.03,-0.02,-0.13,-1.55,0.42,0.02,-4.869999999999999,-0.01,-0.45,-8.56,-0.22,,-0.06,,0.0,0.61,8792,5257.0,3535.0,5.6,28723,141919,-10.1,12.0
13315,"Wilcox, GA",2021,,0.0,0.0,1.12,2.77,,,-0.52,0.09,0.14,,2.77,-0.02,-0.48,1.32,1.79,-1.69,-0.03,-1.2399999999999998,0.0,0.43,8745,5217.0,3528.0,4.5,32535,143916,1.4,12.6
13315,"Wilcox, GA",2022,0.06,-0.01,0.0,0.05,4.29,,,-0.41,-1.01,0.73,,4.79,0.0,0.43,4.86,0.01,,-0.28,-1.2399999999999998,0.0,0.26,8747,5246.0,3501.0,3.7,33792,149460,3.9,13.6
13315,"Wilcox, GA",2023,0.0,0.0,0.0,-0.05,-2.92,,0.02,0.22,-0.12,0.02,0.01,-2.92,,0.07,-2.19,-0.11,-0.48,,,0.0,0.49,8801,5312.0,3489.0,3.4,32581,146004,-2.3,14.1
13317,"Wilkes, GA",2002,0.05,0.01,0.0,0.39,-2.92,-0.44,-1.07,0.35,0.17,0.19,,-2.92,-0.72,,-2.65,0.65,0.21,0.71,-0.28,0.02,-0.09,10695,,,7.9,21108,286244,-2.5,
13317,"Wilkes, GA",2003,-0.58,0.06,0.0,0.54,0.17,0.38,0.01,-0.94,0.02,0.22,,0.17,-1.72,,-0.47,0.48,1.02,0.01,,0.06,-0.01,10736,,,7.5,21221,284945,-0.5,
13317,"Wilkes, GA",2004,0.17,0.02,0.0,-0.37,1.84,-0.37,0.21,-0.33,-0.44,0.12,,1.84,0.15,,3.86,-0.34,1.12,-1.23,,0.0,0.4,10613,,,7.4,22125,294681,3.4,
13317,"Wilkes, GA",2005,0.12,,0.0,0.07,1.17,-0.81,0.51,1.3,-0.33,-0.07,,1.17,-0.35,0.19,2.92,-0.14,0.43,-0.71,,-0.16,0.06,10553,,,6.8,23392,302318,2.6,
13317,"Wilkes, GA",2006,-0.03,-0.04,0.0,-0.34,-2.33,1.71,-0.39,-0.32,0.19,0.05,0.67,-2.33,-1.57,0.13,-4.15,-0.24,-2.56,-0.55,0.38,0.01,-0.05,10586,,,6.1,23400,290346,-4.0,
13317,"Wilkes, GA",2007,-0.36,0.0,0.0,0.13,0.12,0.14,-0.09,-0.15,-0.29,-0.17,-0.5900000000000001,0.12,-0.86,-0.28,1.77,0.0,5.21,-0.25,-0.32,0.06,-0.08,10524,,,6.7,24671,294647,1.5,
13317,"Wilkes, GA",2008,-0.3,,0.0,0.18,0.43,-1.75,0.31,0.53,-0.62,0.16,,0.43,0.01,,-3.8,0.16,-3.01,0.2,-0.41,0.07,0.04,10630,,,8.5,25317,281629,-4.4,
13317,"Wilkes, GA",2009,-0.14,-0.01,-0.01,-0.2,0.84,0.87,-0.89,1.96,0.21,-0.47,-0.36,0.84,0.39,-0.35,2.2,-0.28,2.02,-0.23,-0.22,-0.08,-0.84,10571,,,11.9,26736,288407,2.4,
13317,"Wilkes, GA",2010,-0.01,0.01,0.01,0.01,-1.17,1.48,0.85,-0.59,0.48,0.17,,-1.17,0.06,,0.22,-0.06,-0.67,0.13,,0.04,-0.23,10389,4969.0,5420.0,13.1,27883,290421,0.7,15.5
13317,"Wilkes, GA",2011,-0.06,0.01,0.01,-0.02,-1.92,-1.88,0.02,0.13,-0.29,0.11,-0.26,-1.92,0.28,-0.09,-3.89,-0.05,-0.09,-0.07,-0.05,0.1,-0.08,10230,4901.0,5329.0,13.7,29833,278288,-4.2,15.5
13317,"Wilkes, GA",2012,-0.1,-0.01,0.0,0.03,4.29,-0.24,0.41,0.37,-0.29,0.0,-0.5900000000000001,4.79,-0.92,-0.16,-2.25,-0.07,-4.765000000000001,-0.41,0.17,-0.13,0.19,10093,4828.0,5265.0,12.0,31355,271219,-2.5,13.8
13317,"Wilkes, GA",2013,-0.03,-0.02,-0.01,0.15,3.17,-0.72,-0.45,-1.04,-0.89,-0.17,0.03,3.17,0.68,0.02,3.81,0.11,1.7,0.27,,0.02,,9931,4743.0,5188.0,11.1,32893,279137,2.9,14.5
13317,"Wilkes, GA",2014,-0.05,-0.01,0.0,0.09,4.29,-0.01,-0.44,0.57,-0.66,-0.08,,4.79,0.05,0.13,10.49,0.09,-1.78,-0.16,,-0.07,,9960,4748.0,5212.0,9.4,34942,306596,9.8,15.3
13317,"Wilkes, GA",2015,-0.02,-0.03,0.0,-0.13,4.29,0.45,0.23,-0.92,-1.22,0.02,0.67,4.79,1.02,0.02,8.51,-0.11,0.58,0.33,-0.08,0.0,0.35,9927,4734.0,5193.0,7.4,36923,328939,7.3,15.7
13317,"Wilkes, GA",2016,0.06,0.0,0.01,0.04,1.21,1.57,-0.11,-1.03,-0.6,-0.19,,1.22,1.08,0.08,3.01,0.14,0.1,0.29,,0.13,,9808,4670.0,5138.0,6.2,38085,336863,2.4,13.8
13317,"Wilkes, GA",2017,0.01,-0.01,0.03,-0.19,3.29,-0.26,0.68,-0.92,-0.11,-0.25,-0.5900000000000001,3.32,1.19,-0.1,2.09,-0.1,-0.85,0.02,-0.02,-0.04,0.02,9868,4684.0,5184.0,5.4,40224,343553,2.0,14.3
13317,"Wilkes, GA",2018,,,-0.01,0.27,3.65,-0.03,0.35,-0.59,0.67,0.07,-0.47,3.67,-0.28,-0.26,2.51,0.2,-0.36,0.06,-0.02,0.02,0.21,9845,4718.0,5127.0,4.6,40797,354499,3.2,12.6
13317,"Wilkes, GA",2019,0.2,0.0,-0.02,-0.4,-4.32,1.2,-0.92,-0.01,0.46,-0.11,0.02,-4.869999999999999,-2.43,-0.09,-10.66,-0.39,1.62,0.07,-0.08,0.06,-0.23,9769,4680.0,5089.0,4.6,41597,318341,-10.2,13.8
13317,"Wilkes, GA",2020,-0.36,0.0,0.0,-0.3,-4.32,-0.33,1.36,0.01,-1.87,-0.44,0.04,-4.869999999999999,-2.43,-0.08,-11.51,0.35,2.03,0.3,-0.38,0.1,0.03,9551,4600.0,4951.0,6.7,42700,275743,-13.4,11.4
13317,"Wilkes, GA",2021,0.3,0.0,0.05,0.12,4.29,1.39,0.0,0.05,-0.23,0.15,0.31,4.79,2.365,-0.06,11.66,-0.28,-2.74,-0.24,0.42,-0.19,0.03,9490,4566.0,4924.0,4.6,48359,307261,11.4,12.1
13317,"Wilkes, GA",2022,,,0.0,0.2,4.29,1.96,0.16,-0.67,0.71,-0.01,-0.06,4.79,-0.26,-0.04,11.77,0.54,-1.08,-0.4,0.1,0.01,0.05,9585,4634.0,4951.0,4.1,52431,345610,12.5,15.6
13317,"Wilkes, GA",2023,-0.1,0.0,,,-2.89,1.22,0.88,-0.07,0.3,,0.06,-2.75,-1.33,-0.19,-1.55,0.05,-0.11,0.59,0.07,0.06,-0.03,9552,4610.0,4942.0,3.9,51478,341281,-1.3,15.7
13319,"Wilkinson, GA",2002,0.04,,0.0,,-0.02,-0.09,1.48,0.21,0.04,-0.03,,-3.43,-0.04,0.05,-0.53,,1.01,-0.04,0.11,0.06,0.02,10126,,,5.6,21701,653163,-0.5,
13319,"Wilkinson, GA",2003,0.19,,0.08,,0.05,-0.06,0.18,-0.31,-0.09,0.2,,-0.86,-0.06,-0.06,-0.23,,0.13,0.1,-0.04,-0.08,,10040,,,5.5,22514,651015,-0.3,
13319,"Wilkinson, GA",2004,0.0,0.08,0.0,,-0.07,0.55,-0.46,-0.36,-0.31,0.24,,-4.83,0.06,-0.06,-5.58,,-0.6,-0.04,-0.04,-0.01,-0.04,9968,,,5.1,22069,612720,-5.9,
13319,"Wilkinson, GA",2005,0.16,,-0.02,0.04,0.09,-1.54,0.26,,-0.05,-0.01,,-4.869999999999999,0.08,0.01,-17.62,0.0,,-0.01,0.02,-0.01,-0.31,9881,,,5.9,22328,504473,-17.7,
13319,"Wilkinson, GA",2006,-0.29,-0.08,-0.05,0.02,-0.15,0.11,0.35,0.04,-0.04,0.01,0.18,2.25,-0.22,0.03,2.43,-0.01,1.02,-0.06,-0.34,0.0,-0.52,9793,,,5.7,23412,516524,2.4,
13319,"Wilkinson, GA",2007,-0.08,0.0,0.04,0.04,0.04,0.63,0.7,0.19,0.05,-0.07,0.67,-4.4,0.15,-0.02,-3.08,0.05,-1.12,-0.14,-0.5,0.0,0.06,9750,,,5.4,24475,500877,-3.0,
13319,"Wilkinson, GA",2008,-0.15,-0.01,-0.07,0.02,0.17,-0.52,0.55,0.33,-0.19,-0.18,-0.41,-2.9,0.17,0.01,-1.11,0.04,0.94,0.1,0.05,0.0,0.94,9691,,,7.0,25675,494384,-1.3,
13319,"Wilkinson, GA",2009,-0.02,,-0.02,,0.16,0.49,0.01,0.55,0.17,0.02,,-1.25,0.14,-0.08,-0.58,-0.11,1.17,0.0,-0.54,0.0,-0.39,9652,,,11.1,26035,492401,-0.4,
13319,"Wilkinson, GA",2010,-0.03,,0.02,-0.07,-0.27,0.15,1.21,,0.14,0.02,,1.57,-0.25,-0.05,1.05,-0.15,,0.05,0.21,0.0,-0.11,9528,4563.0,4965.0,13.9,27285,498249,1.2,12.1
13319,"Wilkinson, GA",2011,-0.02,-0.04,-0.02,,-0.17,0.1,1.26,0.04,-0.27,0.07,-0.14,-2.84,-0.03,-0.08,-1.75,0.15,0.54,0.04,-0.15,0.0,-0.63,9413,4493.0,4920.0,12.7,28804,488210,-2.0,12.4
13319,"Wilkinson, GA",2012,0.0,-0.01,0.03,,0.05,0.21,1.07,0.15,-0.11,0.05,-0.12,-4.869999999999999,0.1,-0.09,-5.94,-0.01,-0.84,-0.09,-0.34,0.0,0.05,9481,4534.0,4947.0,11.3,29426,458683,-6.0,11.5
13319,"Wilkinson, GA",2013,0.08,,0.09,,-0.04,-0.45,,-0.05,-0.23,0.18,,4.79,,0.02,7.36,0.16,-0.65,0.0,0.93,0.0,-0.03,9361,4449.0,4912.0,10.3,30399,491382,7.1,8.2
13319,"Wilkinson, GA",2014,0.06,,0.02,0.4,0.11,0.81,,,0.03,-0.1,,-4.73,,0.06,-2.31,0.42,,0.11,0.8,0.0,0.03,9283,4434.0,4849.0,8.7,32383,480153,-2.3,8.2
13319,"Wilkinson, GA",2015,-0.07,-0.17,-0.03,1.12,0.14,0.18,-1.77,-0.34,-0.16,0.05,0.11,-4.869999999999999,-0.49,-0.06,-6.83,1.98,-0.25,0.0,0.14,0.0,-0.22,9080,4345.0,4735.0,7.4,33280,446582,-7.0,7.4
13319,"Wilkinson, GA",2016,-0.08,,-0.04,,-0.39,0.54,-2.87,-0.29,-0.23,0.04,-0.03,0.72,-0.36,0.01,2.19,1.98,0.37,-0.08,-0.04,0.0,,9021,4334.0,4687.0,7.0,33522,455343,2.0,8.6
13319,"Wilkinson, GA",2017,-0.11,-0.01,0.0,1.12,0.55,-0.3,-1.37,-0.34,-0.19,-0.02,,-0.45,-0.3,-0.03,11.64,,-0.72,0.06,0.1,0.01,,8953,4290.0,4663.0,6.3,34068,507488,11.5,9.0
13319,"Wilkinson, GA",2018,-0.05,-0.03,-0.09,1.12,-0.08,0.12,0.3,-0.17,-0.12,-0.03,-0.08,-1.77,-0.04,0.05,0.94,1.6,-0.23,0.15,0.92,0.0,0.29,9005,4294.0,4711.0,5.0,35194,511630,0.8,10.6
13319,"Wilkinson, GA",2019,0.09,0.0,0.0,1.02,0.2,-0.08,0.39,0.18,-0.45,0.0,0.03,3.67,-0.13,0.07,6.15,,,0.12,-0.57,0.02,,8936,4288.0,4648.0,4.4,36043,540809,5.7,10.9
13319,"Wilkinson, GA",2020,0.0,,0.01,-0.98,0.23,-0.07,,-0.16,-0.44,-0.08,,4.79,,-0.04,2.53,-1.66,,0.04,-0.26,-0.02,-0.26,8839,4295.0,4544.0,6.0,39585,552161,2.1,11.2
13319,"Wilkinson, GA",2021,0.0,0.01,0.07,,-0.04,0.37,0.66,-0.87,0.27,0.11,0.03,1.85,-0.06,-0.11,7.99,1.98,1.73,,0.75,0.06,,8794,4238.0,4556.0,4.6,43144,597737,8.3,10.0
13319,"Wilkinson, GA",2022,0.07,0.0,0.03,,-0.04,-0.05,0.27,,-0.11,0.12,0.03,-4.869999999999999,0.15,-0.08,-3.1,1.98,,-0.05,-0.65,0.03,0.03,8689,4156.0,4533.0,4.1,42270,578565,-3.2,12.1
13319,"Wilkinson, GA",2023,,,0.0,-0.98,-0.13,-0.58,-0.63,,0.24,0.12,0.01,-4.869999999999999,0.71,-0.07,-8.73,,-0.08,0.18,0.29,-0.02,0.04,8747,4170.0,4577.0,4.3,43443,529402,-8.5,12.7
13321,"Worth, GA",2002,-0.09,-0.01,0.0,,4.26,-0.09,,0.45,0.14,-0.54,,4.26,,0.3,3.24,,-0.82,0.23,,-0.04,0.18,21873,,,5.1,21877,378969,3.4,
13321,"Worth, GA",2003,0.02,-0.01,0.01,,1.31,0.9,,-0.36,0.13,,,1.31,,0.05,3.14,,-0.3,0.67,0.08,0.26,0.58,21874,,,4.9,22610,391377,3.3,
13321,"Worth, GA",2004,-0.11,-0.01,,-0.14,-4.32,0.86,-0.64,-0.27,-1.44,0.36,,-4.869999999999999,0.33,0.0,-6.27,-0.17,0.09,0.27,,-0.13,-0.26,21873,,,5.0,23796,361176,-7.7,
13321,"Worth, GA",2005,0.03,0.0,0.0,0.15,4.29,-1.1,0.85,0.44,-0.56,0.0,0.0,4.79,0.07,-0.11,6.27,0.15,-0.14,0.22,0.35,-0.03,0.15,21670,,,5.4,25120,381830,5.7,
13321,"Worth, GA",2006,0.15,-0.09,-0.01,0.12,3.97,-0.16,0.24,-0.05,1.17,-0.09,,4.05,-0.54,-0.43,1.95,,-1.2,0.17,0.15,-0.16,-0.34,21783,,,5.0,25299,393749,3.1,
13321,"Worth, GA",2007,0.1,-0.04,0.01,,-4.32,-0.51,-0.67,0.14,0.07,-0.09,0.06,-4.869999999999999,-0.01,-0.12,-4.81,-0.6,3.71,-0.17,-0.13,-0.09,0.03,21646,,,5.4,26282,375102,-4.7,
13321,"Worth, GA",2008,-0.18,-0.04,-0.02,0.01,-3.32,0.89,,0.38,-1.23,0.64,0.06,-3.39,,0.13,-2.21,,-1.33,-0.28,,0.19,0.04,21701,,,6.8,26964,362188,-3.4,
13321,"Worth, GA",2009,-0.12,0.02,0.0,-0.04,4.29,-0.01,-0.5,0.28,-0.04,-0.22,0.15,4.79,1.43,-0.26,5.55,,-0.07,-0.85,,0.07,-0.16,21799,,,10.1,26999,382154,5.5,
13321,"Worth, GA",2010,0.02,0.14,0.0,0.05,-4.32,-0.24,0.59,-0.53,-0.58,-0.22,-0.03,-4.869999999999999,0.13,0.1,-9.42,0.15,1.7,-0.43,0.16,0.1,0.26,21692,10405.0,11287.0,12.0,27008,343930,-10.0,9.4
13321,"Worth, GA",2011,0.05,-0.01,0.0,,4.29,0.07,0.25,0.32,-0.26,0.06,0.0,4.79,0.39,-0.32,13.06,,0.29,-0.9,,-0.17,0.67,21516,10414.0,11102.0,11.3,30250,387954,12.8,8.3
13321,"Worth, GA",2012,0.06,0.18000000000000002,0.01,0.05,-0.7,-0.1,-0.47,0.28,0.02,-0.33,0.67,-0.7,-0.26,0.01,3.16,0.0,2.18,0.08,0.1,-0.15,0.9,21356,10317.0,11039.0,10.0,29820,400301,3.2,8.9
13321,"Worth, GA",2013,-0.1,0.01,0.0,-0.03,-4.32,-0.52,-0.22,-0.22,-0.16,-0.1,-0.4,-4.869999999999999,0.1,0.0,-7.62,0.01,1.65,-0.88,0.08,0.26,1.33,21058,10133.0,10925.0,9.2,28709,369145,-7.8,8.1
13321,"Worth, GA",2014,0.16,-0.11,0.0,-0.07,-4.32,0.72,0.48,0.13,-0.37,-0.82,0.1,-4.869999999999999,0.12,0.23,-9.55,0.01,-4.1,-0.31,-0.11,-0.2,0.6,21010,10091.0,10919.0,7.9,28397,332524,-9.9,7.8
13321,"Worth, GA",2015,0.33,-0.17,-0.02,,2.57,-0.42,0.25,,-0.27,-0.55,,2.57,0.56,-0.02,5.46,,,0.18,-0.16,0.03,-0.23,20692,9937.0,10755.0,6.6,30007,349760,5.2,9.4
13321,"Worth, GA",2016,-0.37,-0.06,0.0,,4.29,0.2,0.08,,-0.69,-0.21,-0.04,4.53,0.73,-0.35,-1.04,-0.16,,0.86,0.04,-0.03,-1.37,20732,9989.0,10743.0,5.9,30749,343688,-1.7,10.2
13321,"Worth, GA",2017,0.02,-0.02,0.0,0.05,1.94,0.67,-1.14,-0.43,0.37,-0.25,-0.03,1.94,-0.04,-0.49,-1.16,0.02,-1.12,0.43,0.03,0.0,-0.76,20532,9905.0,10627.0,4.9,31959,341000,-0.8,11.0
13321,"Worth, GA",2018,0.11,-0.01,0.0,,-0.95,-1.61,-0.11,,-0.06,1.21,,-0.95,-1.58,-0.03,3.42,,,0.26,0.3,-0.01,1.32,20307,9758.0,10549.0,4.4,33104,352470,3.4,10.4
13321,"Worth, GA",2019,,,,0.1,4.29,0.06,-0.01,0.15,-0.44,,,4.79,-1.37,-0.05,2.07,0.36,,0.09,,-0.01,0.42,20185,9663.0,10522.0,4.0,34993,358220,1.6,11.0
13321,"Worth, GA",2020,,,0.0,0.1,-3.1,0.25,-0.04,-0.11,-1.03,-0.3,0.01,-3.1,-1.55,0.04,-4.66,,,-0.56,,0.26,0.29,20734,9996.0,10738.0,5.4,38123,337818,-5.7,10.3
13321,"Worth, GA",2021,0.13,0.1,0.01,0.31,-1.89,0.8,0.17,,0.33,0.26,,-1.89,-2.43,-0.28,-2.63,0.27,,0.14,,-0.15,-0.71,20568,9857.0,10711.0,4.0,41743,330041,-2.3,10.8
13321,"Worth, GA",2022,0.46,0.12,0.0,0.22,-2.99,-1.67,0.11,-0.35,-0.08,0.12,,-2.99,-0.03,0.17,-4.06,0.19,-0.01,-0.32,,-0.14,0.38,20420,9758.0,10662.0,3.2,41713,316360,-4.1,9.5
13321,"Worth, GA",2023,0.2,0.08,0.0,-0.42,-2.83,-0.35,0.15,-0.14,-0.27,0.61,,,0.02,-0.36,-2.06,-0.18,,1.03,0.04,0.12,-1.51,20271,9606.0,10665.0,3.2,42753,308979,-2.3,11.3
